validation_class,tc_id,ucs_id,uc_id,use_case,scenario,test_case_title,tc_sheet,differentiation_tier,moat_classification,priority,detection_id,detection_type,target_dataset,pov_scenario_id,pov_scenario_payload,mitre_techniques,expected_signal,primary_kpi,threshold,detection_source,base_platform,required_addon,content_status,authoring_gap
DET,TC-IR-01,UCS-IR-01,UC-IR,Incident Response,Analyst Fatigue / Alert Overload,Validate auto-triage reduces manual alert review by >60% using smart scoring and grouping,SecOps,MOAT,AI-Native,P1,DET-IR-01,BIOC,incidents,POV-SC-006,"Inject synthetic alert volume (500–1,000 alerts mixing Atomic Red Team T1059 / T1021 with benign noise)",T1021 T1059,Auto-triage correctly classifies >60% of test alert volume,Triage Automation Rate,>60%,XSIAM Incidents (XQL: dataset=incidents),Cortex XSIAM · Cortex XDR,Forensics · Extended Compute Units,TO AUTHOR,GENERIC SCENARIO (shared by 8 TCs) — needs purpose-built payload
DET,TC-IR-02,UCS-IR-01,UC-IR,Incident Response,Analyst Fatigue / Alert Overload,Demonstrate issue grouping consolidates related alerts into unified incidents,SecOps,MOAT,AI-Native,P1,DET-IR-02,BIOC,xdr_data,POV-SC-006,"Inject synthetic alert volume (500–1,000 alerts mixing Atomic Red Team T1059 / T1021 with benign noise)",T1021 T1059,Related alerts from multiple sources group into unified incidents,Detection Accuracy,>80%,XSIAM UI + XQL,Cortex XSIAM · Cortex XDR,Forensics · Extended Compute Units,TO AUTHOR,GENERIC SCENARIO (shared by 8 TCs) — needs purpose-built payload
DET,TC-IR-03,UCS-IR-01,UC-IR,Incident Response,Analyst Fatigue / Alert Overload,Validate case scoring prioritization against simulated alert volume (1000+ alerts/day),SecOps,MOAT,AI-Native,P1,DET-IR-03,BIOC,xdr_data,POV-SC-038,Execute scenario-specific simulation for Analyst Fatigue / Alert Overload,TBD,SmartScore correctly ranks critical threats above low-risk noise,Detection Accuracy,Qualitative pass,XSIAM UI + XQL,Cortex XSIAM · Cortex XDR,Forensics · Extended Compute Units,TO AUTHOR,NO MITRE MAPPING · NO MEASURABLE THRESHOLD
DET,TC-IR-04,UCS-IR-02,UC-IR,Incident Response,Detection Delays / Missed Threats,Validate analytics detection rules trigger on simulated lateral movement patterns,SecOps,PARITY,Table Stakes,P3,DET-IR-04,Analytics BIOC,xdr_data,POV-SC-039,Execute scenario-specific simulation for Detection Delays / Missed Threats,TBD,Lateral movement patterns detected early in attack chain,Cross-Source Correlation Rate,Qualitative pass,XSIAM UI + XQL,Cortex XSIAM · Cortex XDR,Forensics · Extended Compute Units,TO AUTHOR,NO MITRE MAPPING · NO MEASURABLE THRESHOLD
DET,TC-IR-05,UCS-IR-02,UC-IR,Incident Response,Detection Delays / Missed Threats,Demonstrate correlation-based detections across endpoint + network + identity telemetry,SecOps,MOAT,Platform,P1,DET-IR-05,Correlation Rule (XQL),xdr_data,POV-SC-001,Execute multi-stage attack chain (T1566 email → T1059 endpoint → T1021 lateral → T1078 cloud identity),T1021 T1059 T1078 T1566,Correlation-based detections across endpoint + network produce unified alerts,Cross-Source Correlation Rate,Qualitative pass,XSIAM UI + XQL,Cortex XSIAM · Cortex XDR,Forensics · Extended Compute Units,TO AUTHOR,GENERIC SCENARIO (shared by 21 TCs) — needs purpose-built payload · NO MEASURABLE THRESHOLD
PLT,TC-IR-06,UCS-IR-03,UC-IR,Incident Response,Slow Time to Resolution,Validate malware auto-containment isolates compromised endpoint within SLA threshold,SecOps,PARITY,Table Stakes,P3,,Platform-state assertion (no detection content),,POV-SC-040,Execute scenario-specific simulation for Slow Time to Resolution,TBD,Known malware families detected across all test methods,False Positive Rate,Qualitative pass,XSIAM UI + XQL,Cortex XSIAM · Cortex XDR,Forensics · Extended Compute Units,"N/A — assertion, not detection",NO MEASURABLE THRESHOLD
DET,TC-IR-07,UCS-IR-03,UC-IR,Incident Response,Slow Time to Resolution,Demonstrate automated eradication and recovery playbook execution end-to-end,SecOps,PARITY,Table Stakes,P3,DET-IR-06,BIOC,xdr_data,POV-SC-005,Trigger incident matching automated playbook conditions; measure playbook completion,TBD,Playbooks automate top 5 incident types correctly,Automation Rate,Qualitative pass,XSIAM UI + XQL,Cortex XSIAM · Cortex XDR,Forensics · Extended Compute Units,TO AUTHOR,GENERIC SCENARIO (shared by 10 TCs) — needs purpose-built payload · NO MITRE MAPPING · NO MEASURABLE THRESHOLD
PLT,TC-IR-08,UCS-IR-04,UC-IR,Incident Response,Disconnected Data Sources / Visibility Gaps,Validate ingestion and normalization of 3+ heterogeneous data sources via Broker VM,SecOps,MOAT,Platform,P1,,Platform-state assertion (no detection content),,POV-SC-041,Execute scenario-specific simulation for Disconnected Data Sources / Visibility Gaps,TBD,Heterogeneous data sources ingest and normalize into unified data model,Detection Accuracy,Qualitative pass,XSIAM UI + XQL,Cortex XSIAM · Cortex XDR,Forensics · Extended Compute Units,"N/A — assertion, not detection",NO MEASURABLE THRESHOLD
DET,TC-IR-13,UCS-IR-04,UC-IR,Incident Response,Disconnected Data Sources / Visibility Gaps,Demonstrate issue grouping stitches alerts across disparate sources into single incident,SecOps,MOAT,AI-Native,P1,DET-IR-07,Correlation Rule (XQL),xdr_data,POV-SC-006,"Inject synthetic alert volume (500–1,000 alerts mixing Atomic Red Team T1059 / T1021 with benign noise)",T1021 T1059,Related alerts from multiple sources group into unified incidents,Detection Accuracy,>80%,XSIAM UI + XQL,Cortex XSIAM · Cortex XDR,Forensics · Extended Compute Units,TO AUTHOR,GENERIC SCENARIO (shared by 8 TCs) — needs purpose-built payload
DET,TC-IR-09,UCS-IR-05,UC-IR,Incident Response,Poor Prioritization / Risk Misalignment,Validate asset risk scoring adjusts incident priority based on asset criticality,SecOps,PARITY,Table Stakes,P3,DET-IR-08,BIOC,xdr_data,POV-SC-017,Execute scenario-specific simulation for Poor Prioritization / Risk Misalignment,TBD,Risk scores consistent and explainable across entity types,Automation Rate,Qualitative pass,XSIAM UI + XQL,Cortex XSIAM · Cortex XDR,Forensics · Extended Compute Units,TO AUTHOR,NO MITRE MAPPING · NO MEASURABLE THRESHOLD
DET,TC-IR-10,UCS-IR-05,UC-IR,Incident Response,Poor Prioritization / Risk Misalignment,Demonstrate case starring and auto-prioritization workflow for VIP assets,SecOps,PARITY,Table Stakes,P3,DET-IR-09,BIOC,xdr_data,POV-SC-017,Execute scenario-specific simulation for Poor Prioritization / Risk Misalignment,TBD,Case starring and auto-prioritization function correctly,MTTD,Qualitative pass,XSIAM UI + XQL,Cortex XSIAM · Cortex XDR,Forensics · Extended Compute Units,TO AUTHOR,NO MITRE MAPPING · NO MEASURABLE THRESHOLD
DET,TC-IR-11,UCS-IR-06,UC-IR,Incident Response,Repetitive Manual Workflows,Validate auto-enrichment populates incident context without analyst action,SecOps,PARITY,Table Stakes,P3,DET-IR-10,BIOC,xdr_data,POV-SC-018,Execute scenario-specific simulation for Repetitive Manual Workflows,TBD,"Automated enrichment adds TI, reputation, and asset context pre-analyst review",Coverage %,Qualitative pass,XSIAM UI + XQL,Cortex XSIAM · Cortex XDR,Forensics · Extended Compute Units,TO AUTHOR,NO MITRE MAPPING · NO MEASURABLE THRESHOLD
DET,TC-IR-12,UCS-IR-06,UC-IR,Incident Response,Repetitive Manual Workflows,Demonstrate incident synthesis generates executive summary from correlated alert data,SecOps,PARITY,Table Stakes,P3,DET-IR-11,Correlation Rule (XQL),xdr_data,POV-SC-018,Execute scenario-specific simulation for Repetitive Manual Workflows,TBD,Incident synthesis generates accurate executive summary,Detection Accuracy,Qualitative pass,XSIAM UI + XQL,Cortex XSIAM · Cortex XDR,Forensics · Extended Compute Units,TO AUTHOR,NO MITRE MAPPING · NO MEASURABLE THRESHOLD
HNT,TC-TH-01,UCS-TH-01,UC-TH,Threat Hunting,Manual / Ad-hoc Hunting Processes,Validate XQL query execution for hypothesis-driven hunting across full data lake,SecOps,MOAT,Platform,P1,HNT-TH-01,Saved XQL Hunt Query,xdr_data,POV-SC-013,"Pre-seeded hunt dataset with 20–30 known IOCs across credential access, persistence, exfiltration",TBD,XQL queries return accurate results across full data lake,Detection Accuracy,Qualitative pass,XQL query engine (/public_api/v1/xql/start_xql_query),Cortex XSIAM · Cortex XDR,Extended Threat Hunting,TO AUTHOR,NO MITRE MAPPING · NO MEASURABLE THRESHOLD
DET,TC-TH-02,UCS-TH-01,UC-TH,Threat Hunting,Manual / Ad-hoc Hunting Processes,Demonstrate automated hunting via scheduled correlation searches with IOC feeds,SecOps,PARITY,Table Stakes,P3,DET-TH-02,Correlation Rule (XQL),xdr_data,POV-SC-005,Trigger incident matching automated playbook conditions; measure playbook completion,TBD,Scheduled queries execute on defined cadence,Automation Rate,Qualitative pass,XSIAM UI + XQL,Cortex XSIAM · Cortex XDR,Extended Threat Hunting,TO AUTHOR,GENERIC SCENARIO (shared by 10 TCs) — needs purpose-built payload · NO MITRE MAPPING · NO MEASURABLE THRESHOLD
DET,TC-TH-03,UCS-TH-02,UC-TH,Threat Hunting,Disconnected Non-Security Data,"Validate XDR dataset ingestion of non-security sources (HR, asset mgmt, cloud logs)",SecOps,PARITY,Table Stakes,P3,DET-TH-03,BIOC,xdr_data,POV-SC-019,Execute scenario-specific simulation for Disconnected Non-Security Data,TBD,Non-security data sources ingest successfully,Cross-Source Correlation Rate,Qualitative pass,XSIAM UI + XQL,Cortex XSIAM · Cortex XDR,Extended Threat Hunting,TO AUTHOR,NO MITRE MAPPING · NO MEASURABLE THRESHOLD
PLT,TC-TH-04,UCS-TH-02,UC-TH,Threat Hunting,Disconnected Non-Security Data,Demonstrate Security-First Marketplace dataset onboarding for expanded telemetry,SecOps,PARITY,Table Stakes,P3,,Platform-state assertion (no detection content),,POV-SC-019,Execute scenario-specific simulation for Disconnected Non-Security Data,TBD,Marketplace dataset onboarding completes successfully,Completeness %,Qualitative pass,XSIAM UI + XQL,Cortex XSIAM · Cortex XDR,Extended Threat Hunting,"N/A — assertion, not detection",NO MEASURABLE THRESHOLD
HNT,TC-TH-05,UCS-TH-03,UC-TH,Threat Hunting,High False Positive Rate in Hunting,Validate analytics engine and smart scoring reduce false positives in hunt results by >50%,SecOps,PARITY,AI-Native,P3,HNT-TH-04,Saved XQL Hunt Query,xdr_data,POV-SC-042,Execute scenario-specific simulation for High False Positive Rate in Hunting,TBD,EAL behavioral profiling measurably reduces false positives,MTTD,Qualitative pass,XSIAM UI + XQL,Cortex XSIAM · Cortex XDR,Extended Threat Hunting,TO AUTHOR,NO MITRE MAPPING · NO MEASURABLE THRESHOLD
DET,TC-TH-06,UCS-TH-04,UC-TH,Threat Hunting,Reactive Hunting / Lack of Threat Intel Integration,Validate TI management with scheduled IOC searches and Unit 42 feed integration,SecOps,PARITY,Table Stakes,P3,DET-TH-05,BIOC,xdr_data,POV-SC-043,Execute scenario-specific simulation for Reactive Hunting / Lack of Threat Intel Integration,TBD,Scheduled IOC searches execute on defined cadence,MTTD,Qualitative pass,XSIAM UI + XQL,Cortex XSIAM · Cortex XDR,Extended Threat Hunting,TO AUTHOR,NO MITRE MAPPING · NO MEASURABLE THRESHOLD
DET,TC-TH-07,UCS-TH-05,UC-TH,Threat Hunting,Lack of Integrated Forensics Tooling,Demonstrate forensics investigation and collection within hunting workflow,SecOps,PARITY,Table Stakes,P3,DET-TH-06,BIOC,xdr_data,POV-SC-044,Execute scenario-specific simulation for Lack of Integrated Forensics Tooling,TBD,Forensic investigation and evidence collection complete within hunting workflow,Completeness %,Qualitative pass,XSIAM UI + XQL,Cortex XSIAM · Cortex XDR,Extended Threat Hunting,TO AUTHOR,NO MITRE MAPPING · NO MEASURABLE THRESHOLD
DET,TC-EDR-01,UCS-EDR-01,UC-EDR,Endpoint Detection & Response,Siloed EDR Policy Management,Validate unified endpoint policy creation across protection profiles (granular process-level),SecOps,PARITY,Table Stakes,P3,DET-EDR-01,BIOC,xdr_data,POV-SC-020,Execute scenario-specific simulation for Siloed EDR Policy Management,TBD,Protection policies deploy and enforce correctly across target endpoints,SLA Compliance,Qualitative pass,XSIAM UI + XQL,Cortex XDR · Cortex XSIAM,Enterprise Runtime Security (XDR) · Host Insights · Forensics · Agentic Endpoint Security (AES) ⚠,TO AUTHOR,NO MITRE MAPPING · NO MEASURABLE THRESHOLD
DET,TC-EDR-02,UCS-EDR-01,UC-EDR,Endpoint Detection & Response,Siloed EDR Policy Management,Demonstrate asset-level policy assignment with granular protection profiles,SecOps,PARITY,Table Stakes,P3,DET-EDR-02,BIOC,xdr_data,POV-SC-020,Execute scenario-specific simulation for Siloed EDR Policy Management,TBD,Protection policies deploy and enforce correctly across target endpoints,SLA Compliance,Qualitative pass,XSIAM UI + XQL,Cortex XDR · Cortex XSIAM,Enterprise Runtime Security (XDR) · Host Insights · Forensics · Agentic Endpoint Security (AES) ⚠,TO AUTHOR,NO MITRE MAPPING · NO MEASURABLE THRESHOLD
DET,TC-EDR-03,UCS-EDR-02,UC-EDR,Endpoint Detection & Response,Malware Detection Gaps,"Validate multi-method malware detection (local sandbox, behavioral, static analysis)",SecOps,PARITY,Table Stakes,P3,DET-EDR-03,Analytics BIOC,xdr_data,POV-SC-021,Execute scenario-specific simulation for Malware Detection Gaps,TBD,Known malware families detected across all test methods,False Positive Rate,Qualitative pass,XSIAM UI + XQL,Cortex XDR · Cortex XSIAM,Enterprise Runtime Security (XDR) · Host Insights · Forensics · Agentic Endpoint Security (AES) ⚠,TO AUTHOR,NO MITRE MAPPING · NO MEASURABLE THRESHOLD
DET,TC-EDR-04,UCS-EDR-02,UC-EDR,Endpoint Detection & Response,Malware Detection Gaps,Demonstrate auto-containment triggers on confirmed malware execution,SecOps,PARITY,Table Stakes,P3,DET-EDR-04,BIOC,xdr_data,POV-SC-021,Execute scenario-specific simulation for Malware Detection Gaps,TBD,Known malware families detected across all test methods,False Positive Rate,Qualitative pass,XSIAM UI + XQL,Cortex XDR · Cortex XSIAM,Enterprise Runtime Security (XDR) · Host Insights · Forensics · Agentic Endpoint Security (AES) ⚠,TO AUTHOR,NO MITRE MAPPING · NO MEASURABLE THRESHOLD
DET,TC-EDR-05,UCS-EDR-03,UC-EDR,Endpoint Detection & Response,Lack of Endpoint Alert Context,Validate causality graph provides full process chain and causality owner attribution,SecOps,PARITY,Platform,P3,DET-EDR-05,Correlation Rule (XQL),xdr_data,POV-SC-045,Execute scenario-specific simulation for Lack of Endpoint Alert Context,TBD,Causality chain captures initial access through lateral movement,Causality Chain Completeness,Qualitative pass,XSIAM Causality View (XQL: dataset=xdr_data),Cortex XDR · Cortex XSIAM,Enterprise Runtime Security (XDR) · Host Insights · Forensics · Agentic Endpoint Security (AES) ⚠,TO AUTHOR,NO MITRE MAPPING · NO MEASURABLE THRESHOLD
DET,TC-EDR-06,UCS-EDR-04,UC-EDR,Endpoint Detection & Response,Disparate Agent Upgrade Process,Demonstrate unified agent management with scheduled upgrades from single console,SecOps,PARITY,Table Stakes,P3,DET-EDR-06,BIOC,xdr_data,POV-SC-046,Execute scenario-specific simulation for Disparate Agent Upgrade Process,TBD,Unified agent management with scheduled upgrades functions correctly,MTTD,Qualitative pass,XSIAM UI + XQL,Cortex XDR · Cortex XSIAM,Enterprise Runtime Security (XDR) · Host Insights · Forensics · Agentic Endpoint Security (AES) ⚠,TO AUTHOR,NO MITRE MAPPING · NO MEASURABLE THRESHOLD
DET,TC-NDR-01,UCS-NDR-01,UC-NDR,Network Detection & Response,Siloed Network and Endpoint Data,Validate causality graph stitching correlates network events with endpoint process telemetry,SecOps,MOAT,Platform,P1,DET-NDR-01,Correlation Rule (XQL),xdr_data,POV-SC-008,"Execute network-based attack (beaconing, DNS tunneling, lateral movement via SMB/RDP)",TBD,Causality chain captures initial access through lateral movement,Causality Chain Completeness,Qualitative pass,XSIAM Causality View (XQL: dataset=xdr_data) · NGFW log ingestion via Broker VM,Cortex XSIAM,Data Ingestion — Analytics tier,TO AUTHOR,NO MITRE MAPPING · NO MEASURABLE THRESHOLD
DET,TC-NDR-02,UCS-NDR-01,UC-NDR,Network Detection & Response,Siloed Network and Endpoint Data,Demonstrate SOC-specific network story context enriched with endpoint causality,SecOps,MOAT,Ecosystem,P1,DET-NDR-02,Correlation Rule (XQL),xdr_data,POV-SC-008,"Execute network-based attack (beaconing, DNS tunneling, lateral movement via SMB/RDP)",TBD,Causality chain captures initial access through lateral movement,Causality Chain Completeness,Qualitative pass,XSIAM Causality View (XQL: dataset=xdr_data) · NGFW log ingestion via Broker VM,Cortex XSIAM,Data Ingestion — Analytics tier,TO AUTHOR,NO MITRE MAPPING · NO MEASURABLE THRESHOLD
DET,TC-NDR-03,UCS-NDR-02,UC-NDR,Network Detection & Response,Network Traffic Noise / Alert Fatigue,Validate network analytics engine filters traffic noise via EAL,SecOps,MOAT,Ecosystem,P1,DET-NDR-03,Analytics BIOC,panw_ngfw_traffic_raw · panw_ngfw_threat_raw,POV-SC-008,"Execute network-based attack (beaconing, DNS tunneling, lateral movement via SMB/RDP)",TBD,EAL behavioral profiling measurably reduces false positives,MTTD,Qualitative pass,XSIAM UI + XQL · NGFW log ingestion via Broker VM,Cortex XSIAM,Data Ingestion — Analytics tier,TO AUTHOR,NO MITRE MAPPING · NO MEASURABLE THRESHOLD
DET,TC-NDR-04,UCS-NDR-02,UC-NDR,Network Detection & Response,Network Traffic Noise / Alert Fatigue,Demonstrate behavioral analytics thresholds for malicious egress and data exfil detection,SecOps,MOAT,Ecosystem,P1,DET-NDR-04,Analytics BIOC,panw_ngfw_traffic_raw · panw_ngfw_threat_raw,POV-SC-008,"Execute network-based attack (beaconing, DNS tunneling, lateral movement via SMB/RDP)",TBD,Behavioral analytics thresholds correctly differentiate malicious from benign egress patterns,Detection Accuracy,Qualitative pass,XSIAM UI + XQL · NGFW log ingestion via Broker VM,Cortex XSIAM,Data Ingestion — Analytics tier,TO AUTHOR,NO MITRE MAPPING · NO MEASURABLE THRESHOLD
PLT,TC-NDR-05,UCS-NDR-03,UC-NDR,Network Detection & Response,3rd Party Network Sources Disconnected from SOC,Validate Broker VM normalization of 3rd-party network data into unified schema,SecOps,MOAT,Ecosystem,P1,,Platform-state assertion (no detection content),,POV-SC-008,"Execute network-based attack (beaconing, DNS tunneling, lateral movement via SMB/RDP)",TBD,Broker VM normalization of 3rd-party network data produces unified data model,Cross-Source Correlation Rate,Qualitative pass,XSIAM UI + XQL · NGFW log ingestion via Broker VM,Cortex XSIAM,Data Ingestion — Analytics tier,"N/A — assertion, not detection",NO MEASURABLE THRESHOLD
DET,TC-NDR-06,UCS-NDR-04,UC-NDR,Network Detection & Response,Complex Network and Endpoint Policy,Demonstrate EDL policy management and enforcement,SecOps,MOAT,Ecosystem,P1,DET-NDR-05,BIOC,panw_ngfw_traffic_raw · panw_ngfw_threat_raw,POV-SC-008,"Execute network-based attack (beaconing, DNS tunneling, lateral movement via SMB/RDP)",TBD,Protection policies deploy and enforce correctly across target endpoints,SLA Compliance,Qualitative pass,XSIAM UI + XQL · NGFW log ingestion via Broker VM,Cortex XSIAM,Data Ingestion — Analytics tier,TO AUTHOR,NO MITRE MAPPING · NO MEASURABLE THRESHOLD
DET,TC-ITDR-01,UCS-ITDR-01,UC-ITDR,Identity Threat Detection & Response,Stolen Credentials Bypass EDR,Validate identity analytics detect living-off-the-land credential abuse alerts,SecOps,LEAD,Table Stakes,P2,DET-ITDR-01,Analytics BIOC,xdr_data,POV-SC-011,"Simulate credential abuse (token replay, impossible travel, privilege escalation via Atomic T1078.004)",T1078.004,"Credential-based attacks (pass-the-hash, Kerberoasting) detected",Detection Accuracy,Qualitative pass,XSIAM UI + XQL,Cortex XSIAM · Cortex XDR,Identity Threat Detection & Response · Enterprise Runtime Security (XDR),TO AUTHOR,NO MEASURABLE THRESHOLD
DET,TC-ITDR-02,UCS-ITDR-01,UC-ITDR,Identity Threat Detection & Response,Stolen Credentials Bypass EDR,Demonstrate impossible traveler detection based on login frequency and geo-analysis,SecOps,LEAD,Table Stakes,P2,DET-ITDR-02,Analytics BIOC,xdr_data,POV-SC-011,"Simulate credential abuse (token replay, impossible travel, privilege escalation via Atomic T1078.004)",T1078.004,Geographically impossible logins detected correctly,Detection Accuracy,Qualitative pass,XSIAM UI + XQL,Cortex XSIAM · Cortex XDR,Identity Threat Detection & Response · Enterprise Runtime Security (XDR),TO AUTHOR,NO MEASURABLE THRESHOLD
DET,TC-ITDR-03,UCS-ITDR-02,UC-ITDR,Identity Threat Detection & Response,Multiple Disconnected Identity Solutions,"Validate CIE syncs and correlates AD, Azure AD, and cloud IdPs",SecOps,LEAD,Table Stakes,P2,DET-ITDR-03,Correlation Rule (XQL),xdr_data,POV-SC-001,Execute multi-stage attack chain (T1566 email → T1059 endpoint → T1021 lateral → T1078 cloud identity),T1021 T1059 T1078 T1566,"Identity data ingested from multiple IdPs (AD, Azure AD, Okta)",Cross-Source Correlation Rate,Qualitative pass,XSIAM UI + XQL,Cortex XSIAM · Cortex XDR,Identity Threat Detection & Response · Enterprise Runtime Security (XDR),TO AUTHOR,GENERIC SCENARIO (shared by 21 TCs) — needs purpose-built payload · NO MEASURABLE THRESHOLD
PLT,TC-ITDR-04,UCS-ITDR-02,UC-ITDR,Identity Threat Detection & Response,Multiple Disconnected Identity Solutions,Demonstrate IDP integration with Okta/Entra ID via Marketplace connectors,SecOps,LEAD,Table Stakes,P2,,Platform-state assertion (no detection content),,POV-SC-011,"Simulate credential abuse (token replay, impossible travel, privilege escalation via Atomic T1078.004)",T1078.004,IDP integration with Okta/Entra ID via Marketplace functions correctly,Cross-Source Correlation Rate,Qualitative pass,XSIAM UI + XQL,Cortex XSIAM · Cortex XDR,Identity Threat Detection & Response · Enterprise Runtime Security (XDR),"N/A — assertion, not detection",NO MEASURABLE THRESHOLD
DET,TC-ITDR-05,UCS-ITDR-03,UC-ITDR,Identity Threat Detection & Response,Lack of Cumulative / Historical Risk Analysis,Validate host/user risk scoring aggregates identity signals over time,SecOps,LEAD,Table Stakes,P2,DET-ITDR-04,BIOC,xdr_data,POV-SC-011,"Simulate credential abuse (token replay, impossible travel, privilege escalation via Atomic T1078.004)",T1078.004,Risk scores consistent and explainable across entity types,Automation Rate,Qualitative pass,XSIAM UI + XQL,Cortex XSIAM · Cortex XDR,Identity Threat Detection & Response · Enterprise Runtime Security (XDR),TO AUTHOR,NO MEASURABLE THRESHOLD
PLT,TC-ITDR-06,UCS-ITDR-03,UC-ITDR,Identity Threat Detection & Response,Lack of Cumulative / Historical Risk Analysis,Demonstrate integration of identity sources via CIE and Marketplace for enriched risk context,SecOps,LEAD,Table Stakes,P2,,Platform-state assertion (no detection content),,POV-SC-001,Execute multi-stage attack chain (T1566 email → T1059 endpoint → T1021 lateral → T1078 cloud identity),T1021 T1059 T1078 T1566,"Identity data ingested from multiple IdPs (AD, Azure AD, Okta)",Cross-Source Correlation Rate,Qualitative pass,XSIAM UI + XQL,Cortex XSIAM · Cortex XDR,Identity Threat Detection & Response · Enterprise Runtime Security (XDR),"N/A — assertion, not detection",GENERIC SCENARIO (shared by 21 TCs) — needs purpose-built payload · NO MEASURABLE THRESHOLD
PLT,TC-ERV-01,UCS-ERV-01,UC-ERV,Enterprise Risk Visibility,Disconnected Security Platforms,"Validate security stack onboarding via BVM, Marketplace, and native connectors",SecOps,MOAT,Table Stakes,P1,,Platform-state assertion (no detection content),,POV-SC-022,Execute scenario-specific simulation for Disconnected Security Platforms,TBD,Data sources onboarded via BVM/Marketplace/native connectors,Coverage %,Qualitative pass,XSIAM UI + XQL · Cortex Cloud Posture Dashboard + REST API,Cortex XSIAM · Cortex XDR · Cortex Cloud,Exposure Management · Attack Surface Management · Cloud Posture Security · Host Insights,"N/A — assertion, not detection",NO MEASURABLE THRESHOLD
POS,TC-ERV-02,UCS-ERV-01,UC-ERV,Enterprise Risk Visibility,Disconnected Security Platforms,Demonstrate NGFW/Runtime event stitching into unified incident timeline,SecOps,MOAT,Ecosystem,P1,,Posture policy assertion (no detection content),,POV-SC-022,Execute scenario-specific simulation for Disconnected Security Platforms,TBD,NGFW logs ingested and normalized into XSIAM data model,Cross-Source Correlation Rate,Qualitative pass,XSIAM UI + XQL · Cortex Cloud Posture Dashboard + REST API,Cortex XSIAM · Cortex XDR · Cortex Cloud,Exposure Management · Attack Surface Management · Cloud Posture Security · Host Insights,"N/A — assertion, not detection",NO MEASURABLE THRESHOLD
POS,TC-ERV-03,UCS-ERV-01,UC-ERV,Enterprise Risk Visibility,Disconnected Security Platforms,Validate automation integrations (SOAR playbooks) across onboarded security stack,SecOps,MOAT,Table Stakes,P1,,Posture policy assertion (no detection content),,POV-SC-001,Execute multi-stage attack chain (T1566 email → T1059 endpoint → T1021 lateral → T1078 cloud identity),T1021 T1059 T1078 T1566,Playbooks execute across multiple integrated security tools,Automation Rate,Qualitative pass,XSIAM UI + XQL · Cortex Cloud Posture Dashboard + REST API,Cortex XSIAM · Cortex XDR · Cortex Cloud,Exposure Management · Attack Surface Management · Cloud Posture Security · Host Insights,"N/A — assertion, not detection",GENERIC SCENARIO (shared by 21 TCs) — needs purpose-built payload · NO MEASURABLE THRESHOLD
POS,TC-ERV-04,UCS-ERV-02,UC-ERV,Enterprise Risk Visibility,Siloed Cloud Visibility,"Validate unified asset onboarding and multi-cloud visibility (AWS, Azure, GCP)",SecOps,MOAT,Table Stakes,P1,,Posture policy assertion (no detection content),,POV-SC-023,Execute scenario-specific simulation for Siloed Cloud Visibility,TBD,Unified asset onboarding spans multi-cloud environments,Coverage %,Qualitative pass,XSIAM UI + XQL · Cortex Cloud Posture Dashboard + REST API,Cortex XSIAM · Cortex XDR · Cortex Cloud,Exposure Management · Attack Surface Management · Cloud Posture Security · Host Insights,"N/A — assertion, not detection",NO MEASURABLE THRESHOLD
POS,TC-ERV-05,UCS-ERV-02,UC-ERV,Enterprise Risk Visibility,Siloed Cloud Visibility,Demonstrate Code-to-Cloud-to-SOC traceability for cloud-native workloads,SecOps,MOAT,Cloud-Native,P1,,Posture policy assertion (no detection content),,POV-SC-023,Execute scenario-specific simulation for Siloed Cloud Visibility,TBD,Critical cloud findings automatically escalate to SOC queue,Automation Rate,Qualitative pass,XSIAM UI + XQL · Cortex Cloud Posture Dashboard + REST API,Cortex XSIAM · Cortex XDR · Cortex Cloud,Exposure Management · Attack Surface Management · Cloud Posture Security · Host Insights,"N/A — assertion, not detection",NO MEASURABLE THRESHOLD
POS,TC-ERV-06,UCS-ERV-03,UC-ERV,Enterprise Risk Visibility,Non-Coherent Rolling Risk Attribution,Validate ITDR and Asset Security risk scoring provides cumulative rolling attribution,SecOps,MOAT,Table Stakes,P1,,Posture policy assertion (no detection content),,POV-SC-047,Execute scenario-specific simulation for Non-Coherent Rolling Risk Attribution,TBD,Risk scores consistent and explainable across entity types,Automation Rate,Qualitative pass,XSIAM UI + XQL · Cortex Cloud Posture Dashboard + REST API,Cortex XSIAM · Cortex XDR · Cortex Cloud,Exposure Management · Attack Surface Management · Cloud Posture Security · Host Insights,"N/A — assertion, not detection",NO MEASURABLE THRESHOLD
POS,TC-ERV-07,UCS-ERV-04,UC-ERV,Enterprise Risk Visibility,Separate Compliance and Reporting Tools,Validate automated reporting generation against compliance frameworks,SecOps,MOAT,Table Stakes,P1,,Posture policy assertion (no detection content),,POV-SC-024,Execute scenario-specific simulation for Separate Compliance and Reporting Tools,TBD,MTTD/MTTR/MTTA metrics match underlying incident data,MTTD,Qualitative pass,XSIAM UI + XQL · Cortex Cloud Posture Dashboard + REST API,Cortex XSIAM · Cortex XDR · Cortex Cloud,Exposure Management · Attack Surface Management · Cloud Posture Security · Host Insights,"N/A — assertion, not detection",NO MEASURABLE THRESHOLD
POS,TC-ERV-08,UCS-ERV-04,UC-ERV,Enterprise Risk Visibility,Separate Compliance and Reporting Tools,Demonstrate compliance catalog with custom policy configurability,SecOps,MOAT,Table Stakes,P1,,Posture policy assertion (no detection content),,POV-SC-024,Execute scenario-specific simulation for Separate Compliance and Reporting Tools,TBD,Protection policies deploy and enforce correctly across target endpoints,SLA Compliance,Qualitative pass,XSIAM UI + XQL · Cortex Cloud Policies + Alerts view,Cortex XSIAM · Cortex XDR · Cortex Cloud,Exposure Management · Attack Surface Management · Cloud Posture Security · Host Insights,"N/A — assertion, not detection",NO MEASURABLE THRESHOLD
POS,TC-ASM-01,UCS-ASM-01,UC-ASM,Attack Surface & Exposure Management,ASM / External Scans Disconnected from SOC,Validate XPANSE asset inventory feeds unmanaged asset data into XSIAM incident context,SecOps,MOAT,Ecosystem,P1,,Posture policy assertion (no detection content),,POV-SC-025,"Provision test external asset with known exposure (open port, expired cert, exposed S3)",TBD,Xpanse data feeds into XSIAM asset context correctly,MTTD,Qualitative pass,XSIAM UI + XQL · Xpanse Asset Inventory + Issues,Cortex XSIAM · Cortex Cloud,Attack Surface Management · Exposure Management · Cloud Posture Security,"N/A — assertion, not detection",NO MEASURABLE THRESHOLD
POS,TC-ASM-02,UCS-ASM-01,UC-ASM,Attack Surface & Exposure Management,ASM / External Scans Disconnected from SOC,Demonstrate external scan results trigger automated remediation workflows,SecOps,MOAT,Ecosystem,P1,,Posture policy assertion (no detection content),,POV-SC-025,"Provision test external asset with known exposure (open port, expired cert, exposed S3)",TBD,Exposure findings trigger automated remediation workflows,Automation Rate,Qualitative pass,XSIAM UI + XQL · Xpanse Asset Inventory + Issues,Cortex XSIAM · Cortex Cloud,Attack Surface Management · Exposure Management · Cloud Posture Security,"N/A — assertion, not detection",NO MEASURABLE THRESHOLD
HNT,TC-ASM-03,UCS-ASM-02,UC-ASM,Attack Surface & Exposure Management,Retroactive Threat Hunting Tied to Exposure,Validate Unit 42 TI integrated into retroactive search protocols against ASM findings,SecOps,MOAT,Ecosystem,P1,HNT-ASM-01,Saved XQL Hunt Query,asm_assets · asm_issues,POV-SC-001,Execute multi-stage attack chain (T1566 email → T1059 endpoint → T1021 lateral → T1078 cloud identity),T1021 T1059 T1078 T1566,Retroactive search of ASM findings against TI functions correctly,Cross-Source Correlation Rate,Qualitative pass,XSIAM UI + XQL · Xpanse Asset Inventory + Issues,Cortex XSIAM · Cortex Cloud,Attack Surface Management · Exposure Management · Cloud Posture Security,TO AUTHOR,GENERIC SCENARIO (shared by 21 TCs) — needs purpose-built payload · NO MEASURABLE THRESHOLD
POS,TC-ASM-04,UCS-ASM-02,UC-ASM,Attack Surface & Exposure Management,Retroactive Threat Hunting Tied to Exposure,Demonstrate TI management scheduled searches against discovered attack surface,SecOps,MOAT,Ecosystem,P1,,Posture policy assertion (no detection content),,POV-SC-001,Execute multi-stage attack chain (T1566 email → T1059 endpoint → T1021 lateral → T1078 cloud identity),T1021 T1059 T1078 T1566,TI scheduled searches against discovered ASM assets function correctly,Asset Discovery Coverage,Qualitative pass,XSIAM UI + XQL · Xpanse Asset Inventory + Issues,Cortex XSIAM · Cortex Cloud,Attack Surface Management · Exposure Management · Cloud Posture Security,"N/A — assertion, not detection",GENERIC SCENARIO (shared by 21 TCs) — needs purpose-built payload · NO MEASURABLE THRESHOLD
PLT,TC-SIEM-01,UCS-SIEM-01,UC-SIEM,Log Management & Compliance,Log Retention and Search Performance,Validate hot/warm/cold data tiering with search performance SLAs,SecOps,LEAD,Table Stakes,P2,,Platform-state assertion (no detection content),,POV-SC-048,Execute scenario-specific simulation for Log Retention and Search Performance,TBD,Hot/warm/cold tiering configured and lifecycle managed correctly,SLA Compliance,Qualitative pass,XSIAM UI + XQL,Cortex XSIAM,Data Ingestion — Cortex Data Lake tier · Data Retention · GB Event Forwarding,"N/A — assertion, not detection",NO MEASURABLE THRESHOLD
DET,TC-SIEM-02,UCS-SIEM-02,UC-SIEM,Log Management & Compliance,Vulnerability Management Integration,Validate Host Insights module provides vulnerability context enriched into endpoint incidents,SecOps,LEAD,Table Stakes,P2,DET-SIEM-01,BIOC,xdr_data,POV-SC-049,Execute scenario-specific simulation for Vulnerability Management Integration,TBD,Vulnerability context available during endpoint investigation,Detection Accuracy,Qualitative pass,XSIAM UI + XQL,Cortex XSIAM,Data Ingestion — Cortex Data Lake tier · Data Retention · GB Event Forwarding,TO AUTHOR,NO MITRE MAPPING · NO MEASURABLE THRESHOLD
DET,TC-SOAR-01,UCS-SOAR-01,UC-SOAR,SOC Process Automation,Manual Repetitive SOC Workflows,"Validate XSOAR playbook automates enrichment, triage, and notification for top 5 alert types",SecOps,MOAT,Table Stakes,P1,DET-SOAR-01,BIOC,xdr_data,POV-SC-005,Trigger incident matching automated playbook conditions; measure playbook completion,TBD,"Automated enrichment adds TI, reputation, and asset context pre-analyst review",Coverage %,Qualitative pass,XSIAM UI + XQL,Cortex XSIAM,Extended Compute Units,TO AUTHOR,GENERIC SCENARIO (shared by 10 TCs) — needs purpose-built payload · NO MITRE MAPPING · NO MEASURABLE THRESHOLD
DET,TC-SOAR-02,UCS-SOAR-01,UC-SOAR,SOC Process Automation,Manual Repetitive SOC Workflows,Demonstrate XSIAM native automation replaces standalone SOAR for common playbooks,SecOps,MOAT,Table Stakes,P1,DET-SOAR-02,BIOC,xdr_data,POV-SC-005,Trigger incident matching automated playbook conditions; measure playbook completion,TBD,Playbooks automate top 5 incident types correctly,Automation Rate,Qualitative pass,XSIAM UI + XQL,Cortex XSIAM,Extended Compute Units,TO AUTHOR,GENERIC SCENARIO (shared by 10 TCs) — needs purpose-built payload · NO MITRE MAPPING · NO MEASURABLE THRESHOLD
DET,TC-SOAR-03,UCS-SOAR-02,UC-SOAR,SOC Process Automation,Platform & 3rd Party Integration Gaps,Validate bidirectional integrations with top 5 customer tools,SecOps,MOAT,Table Stakes,P1,DET-SOAR-03,BIOC,xdr_data,POV-SC-005,Trigger incident matching automated playbook conditions; measure playbook completion,TBD,Bidirectional data exchange functions with top customer tools,MTTR,Qualitative pass,XSIAM UI + XQL,Cortex XSIAM,Extended Compute Units,TO AUTHOR,GENERIC SCENARIO (shared by 10 TCs) — needs purpose-built payload · NO MITRE MAPPING · NO MEASURABLE THRESHOLD
DET,TC-ITPA-01,UCS-ITPA-01,UC-ITPA,IT Process Automation,IT/Security Process Silos,Demonstrate cross-functional automation between SOC and IT ops (ServiceNow + containment),SecOps,MOAT,Table Stakes,P1,DET-ITPA-01,BIOC,xdr_data,POV-SC-050,Execute scenario-specific simulation for IT/Security Process Silos,TBD,Bidirectional ServiceNow integration syncs correctly,Automation Rate,Qualitative pass,XSIAM UI + XQL,Cortex XSIAM,Extended Compute Units,TO AUTHOR,NO MITRE MAPPING · NO MEASURABLE THRESHOLD
PLT,TC-TIM-01,UCS-TIM-01,UC-TIM,Threat Intelligence Management,Unmanaged / Stale Threat Intel Feeds,"Validate TIM lifecycle management: ingest, deduplicate, score, expire IOCs across feeds",SecOps,LEAD,Table Stakes,P2,,Platform-state assertion (no detection content),,POV-SC-026,Execute scenario-specific simulation for Unmanaged / Stale Threat Intel Feeds,TBD,Detection lifecycle from creation through retirement managed,MTTR,Qualitative pass,XSIAM UI + XQL,Cortex XSIAM,Threat Intelligence Management · Extended Threat Intelligence (XTI),"N/A — assertion, not detection",NO MEASURABLE THRESHOLD
DET,TC-TIM-02,UCS-TIM-01,UC-TIM,Threat Intelligence Management,Unmanaged / Stale Threat Intel Feeds,Demonstrate automated IOC-to-EDL push for real-time blocking at NGFW,SecOps,MOAT,AI-Native,P1,DET-TIM-01,BIOC,xdr_data,POV-SC-026,Execute scenario-specific simulation for Unmanaged / Stale Threat Intel Feeds,TBD,NGFW logs ingested and normalized into XSIAM data model,Cross-Source Correlation Rate,Qualitative pass,XSIAM UI + XQL,Cortex XSIAM,Threat Intelligence Management · Extended Threat Intelligence (XTI),TO AUTHOR,NO MITRE MAPPING · NO MEASURABLE THRESHOLD
PLT,TC-MDR-01,UCS-MDR-01,UC-MDR,Managed Detection & Response (MDR),Lack of 24/7 SOC Coverage,Validate Unit 42 MDR provides continuous monitoring with defined escalation SLAs,SecOps,PARITY,Table Stakes,P3,,Platform-state assertion (no detection content),,POV-SC-051,Execute scenario-specific simulation for Lack of 24/7 SOC Coverage,TBD,Monitoring coverage verified across all time windows,Coverage %,Qualitative pass,XSIAM UI + XQL,Cortex XSIAM · Cortex XDR,Enterprise Runtime Security (XDR) · Host Insights · Forensics · Extended Threat Hunting · Extended Threat Intelligence (XTI) · Extended Compute Units,"N/A — assertion, not detection",NO MEASURABLE THRESHOLD
DET,TC-MDR-02,UCS-MDR-02,UC-MDR,Managed Detection & Response (MDR),Insufficient Incident Response Expertise,Demonstrate Unit 42 MDR investigation and response on simulated incident,SecOps,PARITY,Table Stakes,P3,DET-MDR-01,BIOC,xdr_data,POV-SC-052,Execute scenario-specific simulation for Insufficient Incident Response Expertise,TBD,Containment actions execute within defined time SLA,Automation Rate,Qualitative pass,XSIAM UI + XQL,Cortex XSIAM · Cortex XDR,Enterprise Runtime Security (XDR) · Host Insights · Forensics · Extended Threat Hunting · Extended Threat Intelligence (XTI) · Extended Compute Units,TO AUTHOR,NO MITRE MAPPING · NO MEASURABLE THRESHOLD
DET,TC-MSIAM-01,UCS-MSIAM-01,UC-MSIAM,Managed XSIAM (MSIAM),Lack of Internal XSIAM Operational Expertise,"Validate MSIAM service onboards, tunes, and operates XSIAM to defined operational metrics",SecOps,MOAT,Table Stakes,P1,DET-MSIAM-01,BIOC,xdr_data,POV-SC-053,Execute scenario-specific simulation for Lack of Internal XSIAM Operational Expertise,TBD,Onboarding and initial configuration complete,Completeness %,Qualitative pass,XSIAM UI + XQL,Cortex XSIAM,Enterprise Runtime Security (XDR) · Host Insights · Forensics · Extended Threat Hunting · Extended Threat Intelligence (XTI) · Extended Compute Units,TO AUTHOR,NO MITRE MAPPING · NO MEASURABLE THRESHOLD
HNT,TC-MTH-01,UCS-MTH-01,UC-MTH,Managed Threat Hunting (MTH),No Dedicated Threat Hunting Program,Validate Unit 42 MTH delivers proactive hunt reports with actionable findings on cadence,SecOps,MOAT,Ecosystem,P1,HNT-MTH-01,Saved XQL Hunt Query,xdr_data,POV-SC-013,"Pre-seeded hunt dataset with 20–30 known IOCs across credential access, persistence, exfiltration",TBD,Proactive hunt campaigns identify threats automated detection missed,Automation Rate,Qualitative pass,XQL query engine (/public_api/v1/xql/start_xql_query),Cortex XSIAM,Extended Threat Hunting,TO AUTHOR,NO MITRE MAPPING · NO MEASURABLE THRESHOLD
DET,TC-CDR-01,UCS-CDR-01,UC-CDR,Cloud Detection & Response,Cloud Runtime Threats Invisible to SOC,Validate runtime threat detection for containers and serverless workloads,SecOps,LEAD,Cloud-Native,P2,DET-CDR-01,Cloud Runtime Policy (CDR),cloud_audit_logs · container_events,POV-SC-054,Execute scenario-specific simulation for Cloud Runtime Threats Invisible to SOC,TBD,"Container-specific threats (escape, crypto-mining) detected with high fidelity",MTTD,Qualitative pass,XSIAM UI + XQL · Cortex Cloud Runtime Alerts + /api/v1/alerts,Cortex XSIAM · Cortex Cloud,Cloud Runtime Security · Enterprise Runtime Security (XDR),TO AUTHOR,NO MITRE MAPPING · NO MEASURABLE THRESHOLD
DET,TC-CDR-02,UCS-CDR-01,UC-CDR,Cloud Detection & Response,Cloud Runtime Threats Invisible to SOC,Demonstrate cloud alert correlation with endpoint/network telemetry in unified incident,SecOps,LEAD,Platform,P2,DET-CDR-02,Cloud Posture Policy (custom),cloud_inventory · posture_findings,POV-SC-001,Execute multi-stage attack chain (T1566 email → T1059 endpoint → T1021 lateral → T1078 cloud identity),T1021 T1059 T1078 T1566,Cloud alerts stitch with endpoint and network events in single incident,Cross-Source Correlation Rate,Qualitative pass,XSIAM UI + XQL · Cortex Cloud Posture Dashboard + REST API,Cortex XSIAM · Cortex Cloud,Cloud Runtime Security · Enterprise Runtime Security (XDR),TO AUTHOR,GENERIC SCENARIO (shared by 21 TCs) — needs purpose-built payload · NO MEASURABLE THRESHOLD
DET,TC-CDR-03,UCS-CDR-02,UC-CDR,Cloud Detection & Response,Cloud Posture Drift and Misconfigurations,Validate CSPM policy scanning detects misconfigurations across multi-cloud accounts,SecOps,LEAD,Table Stakes,P2,DET-CDR-03,Cloud Posture Policy (custom),cloud_inventory · posture_findings,POV-SC-055,Execute scenario-specific simulation for Cloud Posture Drift and Misconfigurations,TBD,Protection policies deploy and enforce correctly across target endpoints,SLA Compliance,Qualitative pass,XSIAM UI + XQL · Cortex Cloud Policies + Alerts view,Cortex XSIAM · Cortex Cloud,Cloud Runtime Security · Enterprise Runtime Security (XDR),TO AUTHOR,NO MITRE MAPPING · NO MEASURABLE THRESHOLD
POS,TC-CDR-04,UCS-CDR-03,UC-CDR,Cloud Detection & Response,Cloud Identity Exposure (CIEM),Validate CIEM identifies over-permissioned cloud identities and recommends least-privilege,SecOps,LEAD,Table Stakes,P2,,Posture policy assertion (no detection content),,POV-SC-001,Execute multi-stage attack chain (T1566 email → T1059 endpoint → T1021 lateral → T1078 cloud identity),T1021 T1059 T1078 T1566,"Identity data ingested from multiple IdPs (AD, Azure AD, Okta)",Cross-Source Correlation Rate,Qualitative pass,XSIAM UI + XQL · Cortex Cloud Posture Dashboard + REST API,Cortex XSIAM · Cortex Cloud,Cloud Runtime Security · Enterprise Runtime Security (XDR),"N/A — assertion, not detection",GENERIC SCENARIO (shared by 21 TCs) — needs purpose-built payload · NO MEASURABLE THRESHOLD
POS,TC-CDR-05,UCS-CDR-04,UC-CDR,Cloud Detection & Response,Agentless Workload Protection,Demonstrate agentless scanning and protection for workloads where agent deployment is infeasible,SecOps,LEAD,Table Stakes,P2,,Posture policy assertion (no detection content),,POV-SC-056,Execute scenario-specific simulation for Agentless Workload Protection,TBD,Agentless scanning and protection for cloud workloads functions correctly,Coverage %,Qualitative pass,XSIAM UI + XQL · Cortex Cloud Posture Dashboard + REST API,Cortex XSIAM · Cortex Cloud,Cloud Runtime Security · Enterprise Runtime Security (XDR),"N/A — assertion, not detection",NO MEASURABLE THRESHOLD
DET,TC-SOT-01,UCS-SOT-01,UC-SOT,Security Operations Transformation,No Defined Alerting / Triage Strategy,"Validate customer alerting strategy alignment: rule tuning, threshold config, escalation paths",SecOps,MOAT,Table Stakes,P1,DET-SOT-01,BIOC,xdr_data,POV-SC-057,Execute scenario-specific simulation for No Defined Alerting / Triage Strategy,TBD,Rule tuning measurably reduces false positive rate,False Positive Rate,Qualitative pass,XSIAM UI + XQL,Cortex XSIAM,Data Ingestion — Analytics tier · Extended Compute Units,TO AUTHOR,NO MITRE MAPPING · NO MEASURABLE THRESHOLD
DET,TC-SOT-02,UCS-SOT-01,UC-SOT,Security Operations Transformation,No Defined Alerting / Triage Strategy,Demonstrate triage-as-validation workflow with auto-triage and analyst override,SecOps,MOAT,AI-Native,P1,DET-SOT-02,BIOC,incidents,POV-SC-006,"Inject synthetic alert volume (500–1,000 alerts mixing Atomic Red Team T1059 / T1021 with benign noise)",T1021 T1059,Auto-triage correctly classifies >60% of test alert volume,Triage Automation Rate,>60%,XSIAM Incidents (XQL: dataset=incidents),Cortex XSIAM,Data Ingestion — Analytics tier · Extended Compute Units,TO AUTHOR,GENERIC SCENARIO (shared by 8 TCs) — needs purpose-built payload
DET,TC-SOT-03,UCS-SOT-02,UC-SOT,Security Operations Transformation,Platform Care and Feeding / Self-Healing Loop,Demonstrate lifecycle management: detection tuning → enrichment → response → feedback loop,SecOps,MOAT,Ecosystem,P1,DET-SOT-03,BIOC,xdr_data,POV-SC-058,Execute scenario-specific simulation for Platform Care and Feeding / Self-Healing Loop,TBD,"Automated enrichment adds TI, reputation, and asset context pre-analyst review",Coverage %,Qualitative pass,XSIAM UI + XQL,Cortex XSIAM,Data Ingestion — Analytics tier · Extended Compute Units,TO AUTHOR,NO MITRE MAPPING · NO MEASURABLE THRESHOLD
DET,TC-BYOML-01,UCS-BYOML-01,UC-BYOML,Advanced Analytics & BYOML,Custom Detection Requirements Beyond OOTB Rules,Validate BYOML model deployment for custom anomaly detection on customer-specific data,SecOps,MOAT,Table Stakes,P1,DET-BYOML-01,Analytics BIOC,xdr_data,POV-SC-027,Execute scenario-specific simulation for Custom Detection Requirements Beyond OOTB Rules,TBD,Customer ML model deploys and infers correctly on XSIAM data,MTTD,Qualitative pass,XSIAM UI + XQL,Cortex XSIAM,Data Ingestion — Analytics tier · Extended Compute Units,TO AUTHOR,NO MITRE MAPPING · NO MEASURABLE THRESHOLD
DET,TC-BYOML-02,UCS-BYOML-01,UC-BYOML,Advanced Analytics & BYOML,Custom Detection Requirements Beyond OOTB Rules,Demonstrate datamodel customization for industry-specific correlation rules,SecOps,MOAT,Table Stakes,P1,DET-BYOML-02,Correlation Rule (XQL),xdr_data,POV-SC-027,Execute scenario-specific simulation for Custom Detection Requirements Beyond OOTB Rules,TBD,Custom datamodel fields and correlation logic function correctly,Cross-Source Correlation Rate,Qualitative pass,XSIAM UI + XQL,Cortex XSIAM,Data Ingestion — Analytics tier · Extended Compute Units,TO AUTHOR,NO MITRE MAPPING · NO MEASURABLE THRESHOLD
DET,TC-DLP-01,UCS-DLP-01,UC-DLP,Data Loss Prevention (DLP),Data Exfiltration Detection & Prevention,"Validate DLP detects sensitive data (PII/PCI/PHI) exfiltration attempts across email, web upload, and USB channels in real time",SecOps,PARITY,Table Stakes,P3,DET-DLP-01,BIOC,xdr_data,POV-SC-059,Execute scenario-specific simulation for Data Exfiltration Detection & Prevention,TBD,100% detection rate across all channels with <2% false positive rate and sub-second blocking,False Positive Rate,<2%,XSIAM UI + XQL,Cortex XSIAM · Cortex XDR,DLP · Enterprise Runtime Security (XDR),TO AUTHOR,NO MITRE MAPPING · EXPECTED SIGNAL == SUCCESS CRITERIA (untested distinction)
DET,TC-DLP-02,UCS-DLP-01,UC-DLP,Data Loss Prevention (DLP),Data Exfiltration Detection & Prevention,Demonstrate cross-channel correlation identifies coordinated data staging across endpoint and network,SecOps,PARITY,Table Stakes,P3,DET-DLP-02,Correlation Rule (XQL),xdr_data,POV-SC-001,Execute multi-stage attack chain (T1566 email → T1059 endpoint → T1021 lateral → T1078 cloud identity),T1021 T1059 T1078 T1566,XSIAM correlates 3+ staging indicators into single high-confidence exfiltration alert within 5 minutes,Cross-Source Correlation Rate,within 5 min,XSIAM UI + XQL,Cortex XSIAM · Cortex XDR,DLP · Enterprise Runtime Security (XDR),TO AUTHOR,GENERIC SCENARIO (shared by 21 TCs) — needs purpose-built payload · EXPECTED SIGNAL == SUCCESS CRITERIA (untested distinction)
DET,TC-DLP-03,UCS-DLP-02,UC-DLP,Data Loss Prevention (DLP),DLP Policy Enforcement & Tuning,"Validate DLP policy creation and enforcement across endpoint, network, and SaaS data channels from unified console",SecOps,PARITY,Table Stakes,P3,DET-DLP-03,BIOC,xdr_data,POV-SC-001,Execute multi-stage attack chain (T1566 email → T1059 endpoint → T1021 lateral → T1078 cloud identity),T1021 T1059 T1078 T1566,Policy enforced consistently across all 3 channels within 15 minutes of creation,Policy deployment time,within 15 min,XSIAM UI + XQL,Cortex XSIAM · Cortex XDR,DLP · Enterprise Runtime Security (XDR),TO AUTHOR,GENERIC SCENARIO (shared by 21 TCs) — needs purpose-built payload
DET,TC-DLP-04,UCS-DLP-02,UC-DLP,Data Loss Prevention (DLP),DLP Policy Enforcement & Tuning,Demonstrate policy tuning workflow reduces false positives by iterating on detection patterns with analyst feedback loop,SecOps,PARITY,Table Stakes,P3,DET-DLP-04,BIOC,xdr_data,POV-SC-005,Trigger incident matching automated playbook conditions; measure playbook completion,TBD,False positive rate reduced by 40%+ after one tuning cycle without reducing true positive rate,False Positive Rate,40%,XSIAM UI + XQL,Cortex XSIAM · Cortex XDR,DLP · Enterprise Runtime Security (XDR),TO AUTHOR,GENERIC SCENARIO (shared by 10 TCs) — needs purpose-built payload · NO MITRE MAPPING · EXPECTED SIGNAL == SUCCESS CRITERIA (untested distinction)
DET,TC-DLP-05,UCS-DLP-03,UC-DLP,Data Loss Prevention (DLP),Insider Threat Data Movement,Validate behavioral analytics detect anomalous data access patterns indicative of insider threat pre-exfiltration,SecOps,PARITY,Table Stakes,P3,DET-DLP-05,Analytics BIOC,xdr_data,POV-SC-060,Execute scenario-specific simulation for Insider Threat Data Movement,TBD,Behavioral anomaly flagged within 24 hours of pattern onset with risk score >80/100,Behavioral detection latency,within 24 hours,XSIAM UI + XQL,Cortex XSIAM · Cortex XDR,DLP · Enterprise Runtime Security (XDR),TO AUTHOR,NO MITRE MAPPING · EXPECTED SIGNAL == SUCCESS CRITERIA (untested distinction)
DET,TC-DLP-06,UCS-DLP-03,UC-DLP,Data Loss Prevention (DLP),Insider Threat Data Movement,Demonstrate DLP integration with UEBA provides enriched insider risk timeline for investigation,SecOps,PARITY,Table Stakes,P3,DET-DLP-06,Analytics BIOC,xdr_data,POV-SC-006,"Inject synthetic alert volume (500–1,000 alerts mixing Atomic Red Team T1059 / T1021 with benign noise)",T1021 T1059,Investigation timeline auto-populated with 30-day behavioral context within 2 minutes of alert creation,Enrichment time,within 2 min,XSIAM UI + XQL,Cortex XSIAM · Cortex XDR,DLP · Enterprise Runtime Security (XDR),TO AUTHOR,GENERIC SCENARIO (shared by 8 TCs) — needs purpose-built payload · EXPECTED SIGNAL == SUCCESS CRITERIA (untested distinction)
POS,TC-DLP-07,UCS-DLP-04,UC-DLP,Data Loss Prevention (DLP),Compliance-Driven Data Controls (PCI/HIPAA/GDPR),"Validate DLP enforces regulatory compliance controls for PCI-DSS, HIPAA, and GDPR data classification and handling requirements",SecOps,PARITY,Table Stakes,P3,,Posture policy assertion (no detection content),,POV-SC-061,Execute scenario-specific simulation for Compliance-Driven Data Controls (PCI/HIPAA/GDPR),TBD,100% enforcement of regulated data controls with complete audit trail for compliance reporting,Compliance Score,100%,XSIAM UI + XQL,Cortex XSIAM · Cortex XDR,DLP · Enterprise Runtime Security (XDR),"N/A — assertion, not detection",EXPECTED SIGNAL == SUCCESS CRITERIA (untested distinction)
POS,TC-DLP-08,UCS-DLP-04,UC-DLP,Data Loss Prevention (DLP),Compliance-Driven Data Controls (PCI/HIPAA/GDPR),Demonstrate automated compliance reporting with data flow mapping across regulated environments,SecOps,PARITY,Table Stakes,P3,,Posture policy assertion (no detection content),,POV-SC-001,Execute multi-stage attack chain (T1566 email → T1059 endpoint → T1021 lateral → T1078 cloud identity),T1021 T1059 T1078 T1566,Compliance report generated in <5 minutes covering all monitored channels with zero manual data collection required,Compliance Score,<5 minutes,XSIAM UI + XQL,Cortex XSIAM · Cortex XDR,DLP · Enterprise Runtime Security (XDR),"N/A — assertion, not detection",GENERIC SCENARIO (shared by 21 TCs) — needs purpose-built payload · EXPECTED SIGNAL == SUCCESS CRITERIA (untested distinction)
DET,TC-DLP-09,UCS-DLP-05,UC-DLP,Data Loss Prevention (DLP),DLP Incident Response & Remediation,Validate DLP incidents auto-create XSIAM cases with full context and recommended remediation playbooks,SecOps,PARITY,Table Stakes,P3,DET-DLP-07,BIOC,xdr_data,POV-SC-062,Execute scenario-specific simulation for DLP Incident Response & Remediation,TBD,DLP case created within 30 seconds with complete context and appropriate playbook auto-attached,Completeness %,within 30 sec,XSIAM UI + XQL,Cortex XSIAM · Cortex XDR,DLP · Enterprise Runtime Security (XDR),TO AUTHOR,NO MITRE MAPPING · EXPECTED SIGNAL == SUCCESS CRITERIA (untested distinction)
DET,TC-DLP-10,UCS-DLP-05,UC-DLP,Data Loss Prevention (DLP),DLP Incident Response & Remediation,Demonstrate AgentiX automated DLP incident remediation with user notification and manager escalation workflow,SecOps,PARITY,Table Stakes,P3,DET-DLP-08,BIOC,incidents,POV-SC-005,Trigger incident matching automated playbook conditions; measure playbook completion,TBD,End-to-end remediation workflow completes within 15 minutes with zero analyst intervention for standard violations,Automation Rate,within 15 min,XSIAM Incidents (XQL: dataset=incidents),Cortex XSIAM · Cortex XDR,DLP · Enterprise Runtime Security (XDR),TO AUTHOR,GENERIC SCENARIO (shared by 10 TCs) — needs purpose-built payload · NO MITRE MAPPING · EXPECTED SIGNAL == SUCCESS CRITERIA (untested distinction)
DET,TC-DLP-11,UCS-DLP-06,UC-DLP,Data Loss Prevention (DLP),SaaS Application Data Controls,Validate DLP monitors and controls sensitive data movement across sanctioned and unsanctioned SaaS applications,SecOps,PARITY,Table Stakes,P3,DET-DLP-09,BIOC,xdr_data,POV-SC-001,Execute multi-stage attack chain (T1566 email → T1059 endpoint → T1021 lateral → T1078 cloud identity),T1021 T1059 T1078 T1566,Sensitive data detected and controlled in 100% of sanctioned apps and 90%+ of shadow IT uploads,SaaS coverage %,100%,XSIAM UI + XQL,Cortex XSIAM · Cortex XDR,DLP · Enterprise Runtime Security (XDR),TO AUTHOR,GENERIC SCENARIO (shared by 21 TCs) — needs purpose-built payload · EXPECTED SIGNAL == SUCCESS CRITERIA (untested distinction)
DET,TC-AES-01,UCS-AES-01,UC-AES,Advanced Email Security,Phishing & Social Engineering Detection,"Validate AI-driven phishing detection identifies credential harvesting, brand impersonation, and zero-day phishing URLs across email platforms",SecOps,PARITY,Table Stakes,P3,DET-AES-01,BIOC,xdr_data,POV-SC-001,Execute multi-stage attack chain (T1566 email → T1059 endpoint → T1021 lateral → T1078 cloud identity),T1021 T1059 T1078 T1566,"95%+ detection rate for known techniques, 85%+ for novel/zero-day phishing with <1% false positive rate on legitimate business emails",False Positive Rate,<1%,XSIAM UI + XQL,Cortex XSIAM,Advanced Email Security,TO AUTHOR,GENERIC SCENARIO (shared by 21 TCs) — needs purpose-built payload · EXPECTED SIGNAL == SUCCESS CRITERIA (untested distinction)
DET,TC-AES-02,UCS-AES-01,UC-AES,Advanced Email Security,Phishing & Social Engineering Detection,Demonstrate cross-signal correlation links phishing emails to downstream credential compromise and lateral movement indicators,SecOps,PARITY,Table Stakes,P3,DET-AES-02,Correlation Rule (XQL),xdr_data,POV-SC-001,Execute multi-stage attack chain (T1566 email → T1059 endpoint → T1021 lateral → T1078 cloud identity),T1021 T1059 T1078 T1566,Full attack chain correlated into single incident within 3 minutes of initial phishing delivery,Cross-Source Correlation Rate,within 3 min,XSIAM UI + XQL,Cortex XSIAM,Advanced Email Security,TO AUTHOR,GENERIC SCENARIO (shared by 21 TCs) — needs purpose-built payload · EXPECTED SIGNAL == SUCCESS CRITERIA (untested distinction)
DET,TC-AES-03,UCS-AES-02,UC-AES,Advanced Email Security,Business Email Compromise (BEC),"Validate BEC detection identifies executive impersonation, vendor invoice fraud, and payment redirect attempts using behavioral and content analysis",SecOps,PARITY,Table Stakes,P3,DET-AES-03,Analytics BIOC,xdr_data,POV-SC-028,Execute scenario-specific simulation for Business Email Compromise (BEC),TBD,90%+ BEC detection with <0.5% false positive rate on legitimate executive communications,False Positive Rate,<0.5%,XSIAM UI + XQL,Cortex XSIAM,Advanced Email Security,TO AUTHOR,NO MITRE MAPPING · EXPECTED SIGNAL == SUCCESS CRITERIA (untested distinction)
PLT,TC-AES-04,UCS-AES-02,UC-AES,Advanced Email Security,Business Email Compromise (BEC),"Demonstrate automated BEC response workflow quarantines message, alerts target, and notifies finance/legal within SLA",SecOps,PARITY,Table Stakes,P3,,Platform-state assertion (no detection content),,POV-SC-028,Execute scenario-specific simulation for Business Email Compromise (BEC),TBD,Full BEC response executed within 2 minutes of detection with zero user interaction with fraudulent message,Response time,within 2 min,XSIAM UI + XQL,Cortex XSIAM,Advanced Email Security,"N/A — assertion, not detection",EXPECTED SIGNAL == SUCCESS CRITERIA (untested distinction)
DET,TC-AES-05,UCS-AES-03,UC-AES,Advanced Email Security,Malicious Payload Delivery via Email,"Validate detection of malicious attachments including macro-laden documents, encrypted archives with malware, and embedded exploit payloads",SecOps,PARITY,Table Stakes,P3,DET-AES-04,BIOC,xdr_data,POV-SC-063,Execute malware sample (EICAR + representative ransomware binary in isolated test segment),TBD,98%+ malicious attachment detection with full sandbox analysis completed within 3 minutes,Completeness %,98%,XSIAM UI + XQL,Cortex XSIAM,Advanced Email Security,TO AUTHOR,NO MITRE MAPPING · EXPECTED SIGNAL == SUCCESS CRITERIA (untested distinction)
DET,TC-AES-06,UCS-AES-03,UC-AES,Advanced Email Security,Malicious Payload Delivery via Email,"Demonstrate link-based payload detection identifies malicious URLs, drive-by downloads, and delayed weaponization (links that become malicious post-delivery)",SecOps,PARITY,Table Stakes,P3,DET-AES-05,BIOC,xdr_data,POV-SC-064,Execute scenario-specific simulation for Malicious Payload Delivery via Email,TBD,95%+ malicious URL detection including 80%+ retrospective detection of delayed weaponization within 1 hour,URL detection rate,95%,XSIAM UI + XQL,Cortex XSIAM,Advanced Email Security,TO AUTHOR,NO MITRE MAPPING · EXPECTED SIGNAL == SUCCESS CRITERIA (untested distinction)
DET,TC-AES-07,UCS-AES-04,UC-AES,Advanced Email Security,Email-Based Insider Threat Detection,"Validate detection of sensitive data exfiltration via email including auto-forwarding rules, BCC to personal accounts, and attachment-based data theft",SecOps,PARITY,Table Stakes,P3,DET-AES-06,Analytics BIOC,xdr_data,POV-SC-065,Execute scenario-specific simulation for Email-Based Insider Threat Detection,TBD,100% detection of auto-forwarding rules and 90%+ detection of anomalous email-based data movement,Outcome Achieved,100%,XSIAM UI + XQL,Cortex XSIAM,Advanced Email Security,TO AUTHOR,NO MITRE MAPPING · EXPECTED SIGNAL == SUCCESS CRITERIA (untested distinction)
DET,TC-AES-08,UCS-AES-05,UC-AES,Advanced Email Security,Automated Email Triage & Response,Validate AgentiX Email Investigation Agent performs full-spectrum email analysis from detection through containment across all email platforms,SecOps,PARITY,Table Stakes,P3,DET-AES-07,BIOC,xdr_data,POV-SC-006,"Inject synthetic alert volume (500–1,000 alerts mixing Atomic Red Team T1059 / T1021 with benign noise)",T1021 T1059,Full email investigation completed in <5 minutes with automated containment recommendation,Automation Rate,<5 minutes,XSIAM UI + XQL,Cortex XSIAM,Advanced Email Security,TO AUTHOR,GENERIC SCENARIO (shared by 8 TCs) — needs purpose-built payload
DET,TC-AES-09,UCS-AES-05,UC-AES,Advanced Email Security,Automated Email Triage & Response,Demonstrate user-reported phishing workflow with automated analysis and feedback loop to reduce repeat reporting of known-good emails,SecOps,PARITY,Table Stakes,P3,DET-AES-08,BIOC,xdr_data,POV-SC-005,Trigger incident matching automated playbook conditions; measure playbook completion,TBD,95%+ automated disposition accuracy with user feedback delivered within 10 minutes and 30%+ reduction in false reports over time,Automation Rate,95%,XSIAM UI + XQL,Cortex XSIAM,Advanced Email Security,TO AUTHOR,GENERIC SCENARIO (shared by 10 TCs) — needs purpose-built payload · NO MITRE MAPPING · EXPECTED SIGNAL == SUCCESS CRITERIA (untested distinction)
DET,TC-AGTX-01,UCS-AGTX-01,UC-AGTX,Agentic Automation (AgentiX),Agentic Playbook Orchestration,"Validate AgentiX autonomously selects, chains, and executes multi-step playbooks across 1,100+ integrations based on incident context",SecOps,PARITY,Table Stakes,P3,DET-AGTX-01,Correlation Rule (XQL),incidents,POV-SC-001,Execute multi-stage attack chain (T1566 email → T1059 endpoint → T1021 lateral → T1078 cloud identity),T1021 T1059 T1078 T1566,95%+ correct playbook selection and 90%+ full autonomous execution for standard incident types with MTTR <10 minutes,MTTR,<10 minutes,XSIAM Incidents (XQL: dataset=incidents),Cortex XSIAM,Extended Compute Units,TO AUTHOR,GENERIC SCENARIO (shared by 21 TCs) — needs purpose-built payload · EXPECTED SIGNAL == SUCCESS CRITERIA (untested distinction)
POS,TC-AGTX-02,UCS-AGTX-01,UC-AGTX,Agentic Automation (AgentiX),Agentic Playbook Orchestration,"Demonstrate playbook versioning, rollback, and audit trail for governance compliance",SecOps,PARITY,Table Stakes,P3,,Posture policy assertion (no detection content),,POV-SC-005,Trigger incident matching automated playbook conditions; measure playbook completion,TBD,Rollback executes cleanly with zero orphaned actions,Completeness %,Qualitative pass,XSIAM UI + XQL,Cortex XSIAM,Extended Compute Units,"N/A — assertion, not detection",GENERIC SCENARIO (shared by 10 TCs) — needs purpose-built payload · NO MEASURABLE THRESHOLD
DET,TC-AGTX-03,UCS-AGTX-02,UC-AGTX,Agentic Automation (AgentiX),AI-Driven Triage & Enrichment,"Validate AgentiX AI-driven triage auto-classifies, prioritizes, and enriches incidents using contextual understanding rather than static rules",SecOps,PARITY,Table Stakes,P3,DET-AGTX-02,BIOC,xdr_data,POV-SC-006,"Inject synthetic alert volume (500–1,000 alerts mixing Atomic Red Team T1059 / T1021 with benign noise)",T1021 T1059,"90%+ classification accuracy, priority assignment within 1 minute, enrichment depth matching senior analyst within 85%+ correlation",Cross-Source Correlation Rate,90%,XSIAM UI + XQL,Cortex XSIAM,Extended Compute Units,TO AUTHOR,GENERIC SCENARIO (shared by 8 TCs) — needs purpose-built payload · EXPECTED SIGNAL == SUCCESS CRITERIA (untested distinction)
DET,TC-AGTX-04,UCS-AGTX-02,UC-AGTX,Agentic Automation (AgentiX),AI-Driven Triage & Enrichment,"Demonstrate Threat Intelligence Agent auto-enriches IOCs with multi-source TI, related campaigns, and adversary TTP mapping",SecOps,PARITY,Table Stakes,P3,DET-AGTX-03,Correlation Rule (XQL),xdr_data,POV-SC-066,Execute scenario-specific simulation for AI-Driven Triage & Enrichment,TBD,95%+ IOCs enriched with multi-source TI within 2 minutes,Detection Accuracy,95%,XSIAM UI + XQL,Cortex XSIAM,Extended Compute Units,TO AUTHOR,NO MITRE MAPPING
DET,TC-AGTX-05,UCS-AGTX-03,UC-AGTX,Agentic Automation (AgentiX),Cross-Domain Automated Response,"Validate AgentiX coordinates response actions across endpoint, network, identity, cloud, and email domains in a single automated workflow",SecOps,PARITY,Table Stakes,P3,DET-AGTX-04,BIOC,xdr_data,POV-SC-001,Execute multi-stage attack chain (T1566 email → T1059 endpoint → T1021 lateral → T1078 cloud identity),T1021 T1059 T1078 T1566,All 5 domains receive containment actions within 5 minutes of initial detection with zero manual handoffs between domain teams,Cross-domain response time,within 5 min,XSIAM UI + XQL,Cortex XSIAM,Extended Compute Units,TO AUTHOR,GENERIC SCENARIO (shared by 21 TCs) — needs purpose-built payload · EXPECTED SIGNAL == SUCCESS CRITERIA (untested distinction)
DET,TC-AGTX-06,UCS-AGTX-03,UC-AGTX,Agentic Automation (AgentiX),Cross-Domain Automated Response,Demonstrate Endpoint Investigation Agent delivers rapid forensics collection and containment across multi-vendor EDR environments,SecOps,PARITY,Table Stakes,P3,DET-AGTX-05,BIOC,xdr_data,POV-SC-006,"Inject synthetic alert volume (500–1,000 alerts mixing Atomic Red Team T1059 / T1021 with benign noise)",T1021 T1059,Forensic collection completed on all endpoints within 10 minutes regardless of EDR vendor,Completeness %,<2 minutes,XSIAM UI + XQL,Cortex XSIAM,Extended Compute Units,TO AUTHOR,GENERIC SCENARIO (shared by 8 TCs) — needs purpose-built payload
DET,TC-AGTX-07,UCS-AGTX-04,UC-AGTX,Agentic Automation (AgentiX),Agent Governance & Auditability,Validate enterprise-grade guardrails prevent AI agents from executing unauthorized or high-risk actions without human approval,SecOps,PARITY,Table Stakes,P3,DET-AGTX-06,BIOC,xdr_data,POV-SC-029,Execute scenario-specific simulation for Agent Governance & Auditability,TBD,100% of high-risk actions gated with human approval,Completeness %,<5 minutes,XSIAM UI + XQL,Cortex XSIAM,Extended Compute Units,TO AUTHOR,NO MITRE MAPPING
POS,TC-AGTX-08,UCS-AGTX-04,UC-AGTX,Agentic Automation (AgentiX),Agent Governance & Auditability,Demonstrate comprehensive agent activity audit with decision transparency and regulatory compliance reporting,SecOps,PARITY,Table Stakes,P3,,Posture policy assertion (no detection content),,POV-SC-029,Execute scenario-specific simulation for Agent Governance & Auditability,TBD,100% action traceability with explainable AI decision rationale for each step,Traceability Chain Completeness,100%,XSIAM UI + XQL,Cortex XSIAM,Extended Compute Units,"N/A — assertion, not detection",—
DET,TC-AGTX-09,UCS-AGTX-05,UC-AGTX,Agentic Automation (AgentiX),Copilot-Assisted Investigation,"Validate natural language investigation assistant enables analysts to query across data lake, build timelines, and generate reports conversationally",SecOps,PARITY,Platform,P3,DET-AGTX-07,BIOC,xdr_data,POV-SC-001,Execute multi-stage attack chain (T1566 email → T1059 endpoint → T1021 lateral → T1078 cloud identity),T1021 T1059 T1078 T1566,90%+ query interpretation accuracy with investigation summary generation in <2 minutes,Detection Accuracy,<2 minutes,XSIAM Causality View (XQL: dataset=xdr_data),Cortex XSIAM,Extended Compute Units,TO AUTHOR,GENERIC SCENARIO (shared by 21 TCs) — needs purpose-built payload
DET,TC-AGTX-10,UCS-AGTX-05,UC-AGTX,Agentic Automation (AgentiX),Copilot-Assisted Investigation,Demonstrate Copilot assists junior analysts in performing senior-level investigations by providing guided investigation workflows and contextual recommendations,SecOps,PARITY,AI-Native,P3,DET-AGTX-08,BIOC,xdr_data,POV-SC-067,Execute scenario-specific simulation for Copilot-Assisted Investigation,TBD,Junior analyst with Copilot achieves 80%+ of senior analyst investigation quality in 50% less time,Investigation quality score,80%,XSIAM UI + XQL,Cortex XSIAM,Extended Compute Units,TO AUTHOR,NO MITRE MAPPING · EXPECTED SIGNAL == SUCCESS CRITERIA (untested distinction)
DET,TC-AGTX-11,UCS-AGTX-06,UC-AGTX,Agentic Automation (AgentiX),MCP Integration & Extensibility,Validate Model Context Protocol (MCP) support enables AgentiX to integrate with custom and third-party AI tools without custom code,SecOps,PARITY,Table Stakes,P3,DET-AGTX-09,BIOC,xdr_data,POV-SC-068,Execute scenario-specific simulation for MCP Integration & Extensibility,TBD,All 3 MCP integrations functional within 30 minutes of configuration,Asset Discovery Coverage,within 30 min,XSIAM UI + XQL,Cortex XSIAM,Extended Compute Units,TO AUTHOR,NO MITRE MAPPING
DET,TC-AGTX-12,UCS-AGTX-06,UC-AGTX,Agentic Automation (AgentiX),MCP Integration & Extensibility,Demonstrate extensible agent framework allows customers to build custom security agents using AgentiX SDK and existing playbook library,SecOps,PARITY,Table Stakes,P3,DET-AGTX-10,BIOC,xdr_data,POV-SC-005,Trigger incident matching automated playbook conditions; measure playbook completion,TBD,Custom agent deployed and operational within 4 hours,Compliance Score,within 4 hours,XSIAM UI + XQL,Cortex XSIAM,Extended Compute Units,TO AUTHOR,GENERIC SCENARIO (shared by 10 TCs) — needs purpose-built payload · NO MITRE MAPPING
DET,TC-AIRS-01,UCS-AIRS-01,UC-AIRS,AI Runtime Security (Prisma AIRS),AI Model Security Scanning,"Validate deep architectural analysis detects data poisoning, backdoors, and malicious code hidden within model layers that traditional scanners miss",SecOps,PARITY,Table Stakes,P3,DET-AIRS-01,Cloud Runtime Policy (CDR),cloud_audit_logs · container_events,POV-SC-030,Execute scenario-specific simulation for AI Model Security Scanning,TBD,95%+ detection of embedded threats with <3% false positive rate on clean models,False Positive Rate,<3%,Cortex Cloud Runtime Alerts + /api/v1/alerts,Cortex Cloud,Cloud Posture Security,TO AUTHOR,NO MITRE MAPPING
POS,TC-AIRS-02,UCS-AIRS-01,UC-AIRS,AI Runtime Security (Prisma AIRS),AI Model Security Scanning,"Demonstrate AI Software Bill of Materials (AI SBOM) generation providing complete model provenance including architecture, training data, licenses, and dependencies",SecOps,PARITY,Table Stakes,P3,,Posture policy assertion (no detection content),,POV-SC-030,Execute scenario-specific simulation for AI Model Security Scanning,TBD,100% SBOM generation with complete provenance chain for all models,Compliance Score,100%,Cortex Cloud Policies + Alerts view,Cortex Cloud,Cloud Posture Security,"N/A — assertion, not detection",—
POS,TC-AIRS-03,UCS-AIRS-02,UC-AIRS,AI Runtime Security (Prisma AIRS),AI Agent Discovery & Governance,Validate discovery and inventory of all AI agents in use—sanctioned and shadow—across the enterprise environment,SecOps,PARITY,Table Stakes,P3,,Posture policy assertion (no detection content),,POV-SC-031,Execute scenario-specific simulation for AI Agent Discovery & Governance,TBD,100% discovery of sanctioned agents and 90%+ discovery of shadow AI agents within 24 hours of deployment,Asset Discovery Coverage,100%,Cortex Cloud Inventory (/api/v1/inventory),Cortex Cloud,Cloud Posture Security,"N/A — assertion, not detection",EXPECTED SIGNAL == SUCCESS CRITERIA (untested distinction)
POS,TC-AIRS-04,UCS-AIRS-02,UC-AIRS,AI Runtime Security (Prisma AIRS),AI Agent Discovery & Governance,Demonstrate AI governance policy enforcement prevents non-compliant AI agents from accessing sensitive data or executing privileged actions,SecOps,PARITY,Table Stakes,P3,,Posture policy assertion (no detection content),,POV-SC-031,Execute scenario-specific simulation for AI Agent Discovery & Governance,TBD,100% enforcement of governance policies,Remediation Success Rate,100%,Cortex Cloud Policies + Alerts view,Cortex Cloud,Cloud Posture Security,"N/A — assertion, not detection",—
POS,TC-AIRS-05,UCS-AIRS-03,UC-AIRS,AI Runtime Security (Prisma AIRS),AI Red Team Testing,Validate continuous autonomous red teaming with 500+ attack types identifies AI-specific vulnerabilities in production models and agents,SecOps,PARITY,Table Stakes,P3,,Posture policy assertion (no detection content),,POV-SC-032,Execute scenario-specific simulation for AI Red Team Testing,TBD,90%+ of known vulnerability classes tested,Remediation Success Rate,90%,Cortex Cloud Posture Dashboard + REST API,Cortex Cloud,Cloud Posture Security,"N/A — assertion, not detection",—
POS,TC-AIRS-06,UCS-AIRS-03,UC-AIRS,AI Runtime Security (Prisma AIRS),AI Red Team Testing,Demonstrate AI red team integration with CI/CD pipeline provides automated security validation before model deployment,SecOps,PARITY,Table Stakes,P3,,Posture policy assertion (no detection content),,POV-SC-032,Execute scenario-specific simulation for AI Red Team Testing,TBD,Vulnerable model deployment blocked at CI/CD gate with detailed finding report,Pipeline gate accuracy,within 15 min,Cortex Cloud Posture Dashboard + REST API,Cortex Cloud,Cloud Posture Security,"N/A — assertion, not detection",—
DET,TC-AIRS-07,UCS-AIRS-04,UC-AIRS,AI Runtime Security (Prisma AIRS),AI Runtime Threat Prevention,"Validate real-time detection and blocking of prompt injection, jailbreak attempts, and malicious agent behaviors in production AI systems",SecOps,PARITY,Table Stakes,P3,DET-AIRS-02,Cloud Runtime Policy (CDR),cloud_audit_logs · container_events,POV-SC-033,Execute scenario-specific simulation for AI Runtime Threat Prevention,TBD,"95%+ blocking rate for known injection techniques, 85%+ for novel attacks, with <0.5% false positive rate on legitimate queries",False Positive Rate,<0.5%,Cortex Cloud Runtime Alerts + /api/v1/alerts,Cortex Cloud,Cloud Posture Security,TO AUTHOR,NO MITRE MAPPING · EXPECTED SIGNAL == SUCCESS CRITERIA (untested distinction)
DET,TC-AIRS-08,UCS-AIRS-04,UC-AIRS,AI Runtime Security (Prisma AIRS),AI Runtime Threat Prevention,Demonstrate AI runtime monitoring detects anomalous model behavior indicating compromise or drift from expected operational parameters,SecOps,PARITY,Cloud-Native,P3,DET-AIRS-03,Cloud Runtime Policy (CDR),cloud_audit_logs · container_events,POV-SC-033,Execute scenario-specific simulation for AI Runtime Threat Prevention,TBD,Behavioral drift detected within 1 hour of onset with <5% false alarm rate,Drift detection latency,<5%,Cortex Cloud Runtime Alerts + /api/v1/alerts,Cortex Cloud,Cloud Posture Security,TO AUTHOR,NO MITRE MAPPING
POS,TC-AIRS-09,UCS-AIRS-05,UC-AIRS,AI Runtime Security (Prisma AIRS),AI Data Pipeline Protection,"Validate protection of AI training data pipelines against data poisoning, unauthorized access, and supply chain compromise",SecOps,PARITY,Cloud-Native,P3,,Posture policy assertion (no detection content),,POV-SC-034,Execute scenario-specific simulation for AI Data Pipeline Protection,TBD,"100% detection of unauthorized modifications, 90%+ detection of poisoned samples, complete audit trail of all pipeline access",Completeness %,100%,Cortex Cloud Posture Dashboard + REST API,Cortex Cloud,Cloud Posture Security,"N/A — assertion, not detection",EXPECTED SIGNAL == SUCCESS CRITERIA (untested distinction)
POS,TC-AIRS-10,UCS-AIRS-05,UC-AIRS,AI Runtime Security (Prisma AIRS),AI Data Pipeline Protection,Demonstrate RAG (Retrieval Augmented Generation) knowledge base security prevents sensitive data leakage and unauthorized document access,SecOps,PARITY,Table Stakes,P3,,Posture policy assertion (no detection content),,POV-SC-034,Execute scenario-specific simulation for AI Data Pipeline Protection,TBD,Zero unauthorized data access across sensitivity levels,Completeness %,Qualitative pass,Cortex Cloud Posture Dashboard + REST API,Cortex Cloud,Cloud Posture Security,"N/A — assertion, not detection",NO MEASURABLE THRESHOLD
PLT,TC-XDL-01,UCS-XDL-01,UC-XDL,Extended Data Lake (XDL) & Observability,Data Ingestion & Normalization at Scale,"Validate XDL ingests and normalizes telemetry from 1,100+ integrations at petabyte scale with consistent schema mapping",SecOps,PARITY,Platform,P3,,Platform-state assertion (no detection content),,POV-SC-001,Execute multi-stage attack chain (T1566 email → T1059 endpoint → T1021 lateral → T1078 cloud identity),T1021 T1059 T1078 T1566,All 50 sources ingesting within 2 hours,Detection Accuracy,95%,XQL query engine (/public_api/v1/xql/start_xql_query),Cortex XSIAM,Data Ingestion — Analytics tier · Data Ingestion — Cortex Data Lake tier · Data Retention,"N/A — assertion, not detection",GENERIC SCENARIO (shared by 21 TCs) — needs purpose-built payload
DET,TC-XDL-02,UCS-XDL-01,UC-XDL,Extended Data Lake (XDL) & Observability,Data Ingestion & Normalization at Scale,Demonstrate Chronosphere Telemetry Pipeline filters low-value noise to reduce data volumes by 30%+ while preserving security-relevant signals,SecOps,PARITY,Table Stakes,P3,DET-XDL-01,BIOC,xdr_data,POV-SC-069,Execute scenario-specific simulation for Data Ingestion & Normalization at Scale,TBD,30%+ volume reduction with zero loss of security-relevant telemetry,Volume reduction %,30%,XSIAM UI + XQL,Cortex XSIAM,Data Ingestion — Analytics tier · Data Ingestion — Cortex Data Lake tier · Data Retention,TO AUTHOR,NO MITRE MAPPING
PLT,TC-XDL-03,UCS-XDL-02,UC-XDL,Extended Data Lake (XDL) & Observability,Tiered Storage & Cost Optimization,Validate cost-efficient data lake tiers automatically route data based on access frequency and investigation relevance,SecOps,PARITY,Table Stakes,P3,,Platform-state assertion (no detection content),,POV-SC-070,Execute scenario-specific simulation for Tiered Storage & Cost Optimization,TBD,40%+ storage cost reduction with zero impact on active investigation query performance,Compliance Score,40%,XSIAM UI + XQL,Cortex XSIAM,Data Ingestion — Analytics tier · Data Ingestion — Cortex Data Lake tier · Data Retention,"N/A — assertion, not detection",—
PLT,TC-XDL-04,UCS-XDL-03,UC-XDL,Extended Data Lake (XDL) & Observability,Long-Term Retention for Compliance & Forensics,"Validate flexible long-term retention supports 1-7 year compliance requirements (PCI-DSS, HIPAA, SOX) with full query capability on archived data",SecOps,PARITY,Table Stakes,P3,,Platform-state assertion (no detection content),,POV-SC-013,"Pre-seeded hunt dataset with 20–30 known IOCs across credential access, persistence, exfiltration",TBD,Retention policies enforced per compliance framework,Compliance Score,<60 second,XQL query engine (/public_api/v1/xql/start_xql_query),Cortex XSIAM,Data Ingestion — Analytics tier · Data Ingestion — Cortex Data Lake tier · Data Retention,"N/A — assertion, not detection",—
PLT,TC-XDL-05,UCS-XDL-03,UC-XDL,Extended Data Lake (XDL) & Observability,Long-Term Retention for Compliance & Forensics,Demonstrate forensic investigation across retained data sets supports incident reconstruction with full cross-source correlation,SecOps,PARITY,Platform,P3,,Platform-state assertion (no detection content),,POV-SC-001,Execute multi-stage attack chain (T1566 email → T1059 endpoint → T1021 lateral → T1078 cloud identity),T1021 T1059 T1078 T1566,Full investigation timeline reconstructed from 6-month retained data within 15 minutes,Cross-Source Correlation Rate,within 15 min,XSIAM UI + XQL,Cortex XSIAM,Data Ingestion — Analytics tier · Data Ingestion — Cortex Data Lake tier · Data Retention,"N/A — assertion, not detection",GENERIC SCENARIO (shared by 21 TCs) — needs purpose-built payload
DET,TC-XDL-06,UCS-XDL-04,UC-XDL,Extended Data Lake (XDL) & Observability,Cross-Source Federated Search,Validate federated search queries distributed data sources without additional ingestion or storage costs,SecOps,PARITY,Platform,P3,DET-XDL-02,BIOC,xdr_data,POV-SC-001,Execute multi-stage attack chain (T1566 email → T1059 endpoint → T1021 lateral → T1078 cloud identity),T1021 T1059 T1078 T1566,Single query returns correlated results from all 3 distributed sources within 30 seconds without requiring data migration,Cross-Source Correlation Rate,within 30 sec,XQL query engine (/public_api/v1/xql/start_xql_query),Cortex XSIAM,Data Ingestion — Analytics tier · Data Ingestion — Cortex Data Lake tier · Data Retention,TO AUTHOR,GENERIC SCENARIO (shared by 21 TCs) — needs purpose-built payload · EXPECTED SIGNAL == SUCCESS CRITERIA (untested distinction)
PLT,TC-XDL-07,UCS-XDL-04,UC-XDL,Extended Data Lake (XDL) & Observability,Cross-Source Federated Search,Demonstrate federated search enables cost-effective investigation of data that would be prohibitively expensive to fully ingest,SecOps,PARITY,Table Stakes,P3,,Platform-state assertion (no detection content),,POV-SC-071,Execute scenario-specific simulation for Cross-Source Federated Search,TBD,75%+ cost reduction for low-frequency data access vs full ingestion with <2x latency penalty for occasional queries,Discovery Latency,<2x,XSIAM UI + XQL,Cortex XSIAM,Data Ingestion — Analytics tier · Data Ingestion — Cortex Data Lake tier · Data Retention,"N/A — assertion, not detection",EXPECTED SIGNAL == SUCCESS CRITERIA (untested distinction)
DET,TC-XDL-08,UCS-XDL-05,UC-XDL,Extended Data Lake (XDL) & Observability,Observability-Security Convergence,Validate Chronosphere observability integration enables security teams to correlate application performance anomalies with security events,SecOps,PARITY,Table Stakes,P3,DET-XDL-03,Correlation Rule (XQL),xdr_data,POV-SC-001,Execute multi-stage attack chain (T1566 email → T1059 endpoint → T1021 lateral → T1078 cloud identity),T1021 T1059 T1078 T1566,Security incident auto-enriched with application performance context within 2 minutes,Discovery Latency,within 2 min,XSIAM UI + XQL,Cortex XSIAM,Data Ingestion — Analytics tier · Data Ingestion — Cortex Data Lake tier · Data Retention,TO AUTHOR,GENERIC SCENARIO (shared by 21 TCs) — needs purpose-built payload
PLT,TC-XDL-09,UCS-XDL-05,UC-XDL,Extended Data Lake (XDL) & Observability,Observability-Security Convergence,Demonstrate unified security-observability dashboard enables joint SecOps/DevOps investigation reducing cross-team escalation time,SecOps,PARITY,Table Stakes,P3,,Platform-state assertion (no detection content),,POV-SC-072,Execute scenario-specific simulation for Observability-Security Convergence,TBD,Joint investigation completed in single dashboard without cross-team escalation,Completeness %,50%,XSIAM Incidents (XQL: dataset=incidents),Cortex XSIAM,Data Ingestion — Analytics tier · Data Ingestion — Cortex Data Lake tier · Data Retention,"N/A — assertion, not detection",—
AUT,TC-AEPS-01,UCS-AEPS-01,UC-AEPS,Agentic Endpoint Security,Autonomous Endpoint Triage,Validate agentic triage autonomously investigates and dispositions endpoint alerts with >90% analyst-agreement accuracy,SecOps,EMERGING,AI-Native,P2,,Automation-outcome assertion (no detection content),,POV-SC-014,TBD — DC authoring,TBD,TBD — DC authoring,Triage Automation Rate,>90%,XSIAM UI + XQL,Cortex XDR · Cortex XSIAM,Enterprise Runtime Security (XDR) · Agentic Endpoint Security (AES) ⚠,"N/A — assertion, not detection",GENERIC SCENARIO (shared by 3 TCs) — needs purpose-built payload · EXPECTED SIGNAL == SUCCESS CRITERIA (untested distinction)
AUT,TC-AEPS-02,UCS-AEPS-02,UC-AEPS,Agentic Endpoint Security,Agentic Containment & Remediation,"Demonstrate autonomous containment (isolate, kill process, quarantine) with human-in-the-loop gates for high-risk actions",SecOps,EMERGING,AI-Native,P2,,Automation-outcome assertion (no detection content),,POV-SC-014,TBD — DC authoring,TBD,TBD — DC authoring,MTTR,<5 min,XSIAM UI + XQL,Cortex XDR · Cortex XSIAM,Enterprise Runtime Security (XDR) · Agentic Endpoint Security (AES) ⚠,"N/A — assertion, not detection",GENERIC SCENARIO (shared by 3 TCs) — needs purpose-built payload · EXPECTED SIGNAL == SUCCESS CRITERIA (untested distinction)
PLT,TC-AEPS-03,UCS-AEPS-03,UC-AEPS,Agentic Endpoint Security,Endpoint Investigation Agent,Validate endpoint investigation agent performs forensic collection and root-cause analysis across multi-vendor EDR estates,SecOps,EMERGING,AI-Native,P2,,Platform-state assertion (no detection content),,POV-SC-014,TBD — DC authoring,TBD,TBD — DC authoring,Completeness %,Qualitative pass,XSIAM UI + XQL,Cortex XDR · Cortex XSIAM,Enterprise Runtime Security (XDR) · Agentic Endpoint Security (AES) ⚠,"N/A — assertion, not detection",GENERIC SCENARIO (shared by 3 TCs) — needs purpose-built payload · EXPECTED SIGNAL == SUCCESS CRITERIA (untested distinction) · NO MEASURABLE THRESHOLD
PLT,TC-XTI-01,UCS-XTI-01,UC-XTI,Extended Threat Intelligence (XTI),Indicator Lifecycle Governance,"Validate indicator lifecycle governance — ingest, dedupe, score and auto-expire across 3+ feeds",SecOps,LEAD,Ecosystem,P2,,Platform-state assertion (no detection content),,POV-SC-073,Inject 3 feeds with 20% deliberate indicator overlap and a set of past-expiry IOCs,TBD,"Deduplicated, scored indicator set with expired IOCs retired automatically",Completeness %,>=95%,XSIAM Threat Intel (XQL: dataset=threat_intel),Cortex XSIAM,Extended Threat Intelligence (XTI) · Threat Intelligence Management,"N/A — assertion, not detection",—
DET,TC-XTI-02,UCS-XTI-01,UC-XTI,Extended Threat Intelligence (XTI),Indicator Lifecycle Governance,Demonstrate confidence scoring suppresses low-fidelity intel before it reaches detection,SecOps,LEAD,AI-Native,P2,DET-XTI-01,IOC / Indicator Rule,xdr_data,POV-SC-074,Ingest a labeled corpus mixing high-confidence and known-noisy indicators,TBD,Low-fidelity indicators suppressed pre-detection; FP rate below threshold,False Positive Rate,<5%,XSIAM Threat Intel + Incidents,Cortex XSIAM,Extended Threat Intelligence (XTI) · Threat Intelligence Management,TO AUTHOR,NO MITRE MAPPING
DET,TC-XTI-03,UCS-XTI-02,UC-XTI,Extended Threat Intelligence (XTI),Intel-to-Enforcement Loop,Validate automated intel-to-EDL push blocks a live indicator at the NGFW,SecOps,MOAT,Ecosystem,P1,DET-XTI-02,IOC / Indicator Rule,panw_ngfw_traffic_raw · panw_ngfw_threat_raw,POV-SC-075,"Promote a controlled test domain to EDL, then generate an outbound connection to it",TBD,NGFW denies the connection; block event traces back to the promoting indicator,MTTR,<15 min,XSIAM Threat Intel + NGFW Traffic Logs (EDL enforcement),Cortex XSIAM,Extended Threat Intelligence (XTI) · Threat Intelligence Management,TO AUTHOR,NO MITRE MAPPING
DET,TC-XTI-04,UCS-XTI-02,UC-XTI,Extended Threat Intelligence (XTI),Intel-to-Enforcement Loop,Demonstrate enforcement rollback when an indicator is withdrawn or proves false-positive,SecOps,LEAD,Ecosystem,P2,DET-XTI-03,IOC / Indicator Rule,panw_ngfw_traffic_raw · panw_ngfw_threat_raw,POV-SC-076,Promote then withdraw a benign control domain,TBD,EDL entry retracted automatically; traffic restored with full audit trail,Automation Rate,100%,XSIAM Threat Intel + NGFW Traffic Logs,Cortex XSIAM,Extended Threat Intelligence (XTI) · Threat Intelligence Management,TO AUTHOR,NO MITRE MAPPING
HNT,TC-XTI-05,UCS-XTI-03,UC-XTI,Extended Threat Intelligence (XTI),Retrospective Hunting on New Intel,Validate retro-hunt automatically sweeps historical telemetry when new intel lands,SecOps,MOAT,Platform,P1,HNT-XTI-04,Saved XQL Hunt Query,xdr_data,POV-SC-077,"Plant a matching artifact in telemetry 30 days back, then ingest the corresponding indicator",TBD,Retro-hunt raises a case citing the historical activity with timeline reconstruction,Detection Accuracy,100% of seeded historical matches,XSIAM Threat Intel + Cortex XDL (historical telemetry),Cortex XSIAM,Extended Threat Intelligence (XTI) · Threat Intelligence Management,TO AUTHOR,NO MITRE MAPPING
PLT,TC-XTI-06,UCS-XTI-03,UC-XTI,Extended Threat Intelligence (XTI),Retrospective Hunting on New Intel,Demonstrate scheduled intel-driven hunts against long-retention data without re-ingest cost,SecOps,MOAT,Platform,P1,,Platform-state assertion (no detection content),,POV-SC-078,Schedule a hunt for a known indicator set across the full retention window,TBD,Hunt completes across the retention window with no additional ingestion charge,Coverage %,>=90% of retention window,Cortex XDL federated search + XTI indicators,Cortex XSIAM,Extended Threat Intelligence (XTI) · Threat Intelligence Management,"N/A — assertion, not detection",—
DET,TC-XTI-07,UCS-XTI-04,UC-XTI,Extended Threat Intelligence (XTI),Attribution & Campaign Enrichment in Case Flow,Validate automatic attribution and campaign context attaches to a live case,SecOps,MOAT,Ecosystem,P1,DET-XTI-05,Correlation Rule (XQL),xdr_data,POV-SC-079,Trigger activity matching a tracked Unit 42 actor profile,TBD,Case carries actor attribution and campaign lineage without analyst action,Triage Automation Rate,>=80%,XSIAM Incidents + XTI enrichment,Cortex XSIAM,Extended Threat Intelligence (XTI) · Threat Intelligence Management,TO AUTHOR,NO MITRE MAPPING
DET,TC-XTI-08,UCS-XTI-04,UC-XTI,Extended Threat Intelligence (XTI),Attribution & Campaign Enrichment in Case Flow,Demonstrate intel-driven detection tuning from investigation outcomes,SecOps,LEAD,AI-Native,P2,DET-XTI-06,Correlation Rule (XQL),xdr_data,POV-SC-080,Close a mixed set of TP/FP cases tied to specific indicators,TBD,Indicator confidence scores adjust from case outcomes; FP indicators demote,Detection Accuracy,>=85%,XSIAM Incidents + XTI indicator scoring,Cortex XSIAM,Extended Threat Intelligence (XTI) · Threat Intelligence Management,TO AUTHOR,NO MITRE MAPPING
POS,TC-XTI-09,UCS-XTI-05,UC-XTI,Extended Threat Intelligence (XTI),Intel-Driven Attack Surface Prioritization,Validate exposure prioritization re-ranks when intel shows active exploitation,SecOps,MOAT,Ecosystem,P1,,Posture policy assertion (no detection content),,POV-SC-081,"Seed an exposed asset with a CVE, then introduce active-exploitation intel for that CVE",TBD,Exposure re-ranks to top of queue with exploitation evidence cited,Cross-Source Correlation Rate,>=90%,Xpanse Asset Inventory + XTI exploitation intel,Cortex XSIAM,Extended Threat Intelligence (XTI) · Threat Intelligence Management,"N/A — assertion, not detection",—
DET,TC-XTI-10,UCS-XTI-06,UC-XTI,Extended Threat Intelligence (XTI),Community & ISAC Intel Exchange,Demonstrate bidirectional ISAC/community intel exchange with sanitization controls,SecOps,LEAD,Ecosystem,P2,DET-XTI-07,IOC / Indicator Rule,xdr_data,POV-SC-082,Derive indicators locally and publish to a test ISAC endpoint,TBD,Sanitized indicators published; no customer-identifying context in payload,Completeness %,100% sanitization,XSIAM Threat Intel export/import (STIX/TAXII),Cortex XSIAM,Extended Threat Intelligence (XTI) · Threat Intelligence Management,TO AUTHOR,NO MITRE MAPPING
AUT,TC-APB-01,UCS-APB-01,UC-APB,Autonomous Playbooks (AgentiX),The Autonomy Spectrum — Deterministic to Agentic,Validate an AI-embedded playbook adapts to an input the deterministic path cannot handle,SecOps,MOAT,AI-Native,P1,,Automation-outcome assertion (no detection content),,POV-SC-083,Submit incident variants deliberately outside the authored decision branches,TBD,AI node reasons over the novel input and completes; deterministic control escalates to human,Automation Rate,>=75% of long-tail variants,XSIAM Playbook execution logs + AgentiX agent traces,Cortex XSIAM,Extended Compute Units,"N/A — assertion, not detection",—
AUT,TC-APB-02,UCS-APB-01,UC-APB,Autonomous Playbooks (AgentiX),The Autonomy Spectrum — Deterministic to Agentic,Demonstrate graceful degradation from autonomous to human-in-the-loop on low confidence,SecOps,MOAT,AI-Native,P1,,Automation-outcome assertion (no detection content),,POV-SC-084,Submit ambiguous incidents engineered to produce low model confidence,TBD,Agent escalates with reasoning trace; zero autonomous actions on ambiguous input,Detection Accuracy,100% of low-confidence cases escalated,AgentiX agent traces + XSIAM case audit log,Cortex XSIAM,Extended Compute Units,"N/A — assertion, not detection",—
AUT,TC-APB-03,UCS-APB-02,UC-APB,Autonomous Playbooks (AgentiX),Natural-Language Playbook Authoring,Validate the Automation Engineer agent builds a working playbook from a natural-language prompt,SecOps,MOAT,AI-Native,P1,,Automation-outcome assertion (no detection content),,POV-SC-085,Submit 10 plain-language response-workflow descriptions of varying complexity,TBD,Generated playbooks execute correctly on first run without manual code correction,Automation Rate,>=70% first-pass execution,AgentiX Automation Engineer agent + playbook execution logs,Cortex XSIAM,Extended Compute Units,"N/A — assertion, not detection",—
AUT,TC-APB-04,UCS-APB-02,UC-APB,Autonomous Playbooks (AgentiX),Natural-Language Playbook Authoring,Demonstrate playbook maintenance — agent repairs a workflow broken by an API change,SecOps,LEAD,AI-Native,P2,,Automation-outcome assertion (no detection content),,POV-SC-086,Alter an integration response schema a live playbook depends on,TBD,"Agent detects failure, proposes repair, repaired playbook executes",MTTR,<1 hr to repaired playbook,AgentiX agent traces + playbook execution logs,Cortex XSIAM,Extended Compute Units,"N/A — assertion, not detection",—
PLT,TC-APB-05,UCS-APB-03,UC-APB,Autonomous Playbooks (AgentiX),Governed Autonomy — Guardrails & Approval Gates,Validate policy guardrails block an out-of-scope autonomous action,SecOps,MOAT,Platform,P1,,Platform-state assertion (no detection content),,POV-SC-087,Direct the agent toward actions on protected/critical assets outside its authorized scope,TBD,Guardrail refuses the action and routes to approval; audit log records the refusal,Automation Rate,100% of out-of-scope actions blocked,AgentiX governance policy engine + audit log,Cortex XSIAM,Extended Compute Units,"N/A — assertion, not detection",—
DET,TC-APB-06,UCS-APB-03,UC-APB,Autonomous Playbooks (AgentiX),Governed Autonomy — Guardrails & Approval Gates,Demonstrate full auditability — every autonomous action reconstructs to its reasoning and approver,SecOps,MOAT,Platform,P1,DET-APB-01,BIOC,xdr_data,POV-SC-088,"Execute a batch of agent actions across several incident types, then audit them",TBD,Complete decision trail available for every action including approver identity,Completeness %,100% of actions reconstructable,AgentiX audit log + XSIAM case history,Cortex XSIAM,Extended Compute Units,TO AUTHOR,NO MITRE MAPPING
PLT,TC-APB-07,UCS-APB-04,UC-APB,Autonomous Playbooks (AgentiX),Autonomous Case Investigation,Validate the Case Investigation agent produces an analyst-grade case summary and next steps,SecOps,MOAT,AI-Native,P1,,Platform-state assertion (no detection content),,POV-SC-089,Submit a set of multi-artifact cases of varying complexity,TBD,"Case summary, evidence highlights and next-step recommendation matching analyst judgment",Triage Automation Rate,>=80% analyst agreement,AgentiX Case Investigation agent + XSIAM cases,Cortex XSIAM,Extended Compute Units,"N/A — assertion, not detection",—
PLT,TC-APB-08,UCS-APB-04,UC-APB,Autonomous Playbooks (AgentiX),Autonomous Case Investigation,Demonstrate end-to-end autonomous close of a routine incident class under approval gate,SecOps,MOAT,AI-Native,P1,,Platform-state assertion (no detection content),,POV-SC-090,"Feed a volume of a routine, well-understood incident class",TBD,Incidents close autonomously within SLA with a single approval touch,MTTR,>=50% reduction vs manual baseline,AgentiX agent traces + XSIAM case metrics,Cortex XSIAM,Extended Compute Units,"N/A — assertion, not detection",—
PLT,TC-APB-09,UCS-APB-05,UC-APB,Autonomous Playbooks (AgentiX),MCP-Native Tool Extensibility,Validate MCP-native integration of a customer tool with no prebuilt connector,SecOps,MOAT,Platform,P1,,Platform-state assertion (no detection content),,POV-SC-091,Stand up a customer-representative internal tool behind an MCP endpoint,TBD,Agent discovers and invokes the tool successfully mid-playbook,Coverage %,100% of targeted tools invocable,AgentiX MCP server registry + playbook execution logs,Cortex XSIAM,Extended Compute Units,"N/A — assertion, not detection",—
DET,TC-APB-10,UCS-APB-05,UC-APB,Autonomous Playbooks (AgentiX),MCP-Native Tool Extensibility,Demonstrate agent orchestration across SOC and IT tooling in one workflow,SecOps,LEAD,Ecosystem,P2,DET-APB-02,BIOC,xdr_data,POV-SC-092,Trigger a vulnerability requiring an IT-owned patch and change approval,TBD,Chain completes across security and IT with the security case closing on IT confirmation,Automation Rate,>=80% of chain steps automated,AgentiX + ITSM integration + XSIAM cases,Cortex XSIAM,Extended Compute Units,TO AUTHOR,NO MITRE MAPPING
POS,TC-PSER-01,UCS-PSER-01,UC-PSER,Posture Security Enterprise Readiness,Multi-Cloud Onboarding & Visibility — Ease of Deployment,"Validate Multi-Cloud Onboarding Verification — AWS, Azure, GCP accounts onboarded via Terraform/CloudFormation templates within 30 min",Cloud,LEAD,Cloud-Native,P2,,Posture policy assertion (no detection content),,POV-SC-093,Deploy test fixture representing Multi-Cloud Onboarding & Visibility — Ease of Deployment,TBD,"AWS, Azure, GCP accounts onboarded via Terraform/CloudFormation templates within 30 min",MTTD,within 30 min,Cortex Cloud Posture Dashboard + REST API,Cortex Cloud,Cloud Posture Security,"N/A — assertion, not detection",—
PLT,TC-PSER-02,UCS-PSER-02,UC-PSER,Posture Security Enterprise Readiness,Reports & Dashboards,Validate Dashboard & Reporting Accuracy — Executive dashboard reflects accurate posture score across all onboarded accounts,Cloud,LEAD,Table Stakes,P2,,Platform-state assertion (no detection content),,POV-SC-094,Deploy test fixture representing Reports & Dashboards,TBD,Executive dashboard reflects accurate posture score across all onboarded accounts,Compliance Score,Qualitative pass,Cortex Cloud Posture Dashboard + REST API,Cortex Cloud,Cloud Posture Security,"N/A — assertion, not detection",NO MEASURABLE THRESHOLD
POS,TC-CSPM-01,UCS-CSPM-01,UC-CSPM,Cloud Security Posture Management (CSPM),Cloud Asset Inventory,"Validate Cloud Asset Discovery & Inventory — All cloud assets discovered across connected accounts with accurate metadata (region, tags, network, owner)",Cloud,LEAD,Table Stakes,P2,,Posture policy assertion (no detection content),,POV-SC-003,"Provision 50+ net-new assets via Terraform across AWS/Azure/GCP (compute, storage, network, IAM)",TBD,"All cloud assets discovered across connected accounts with accurate metadata (region, tags, network, owner)",Asset Discovery Coverage,within 15 min,Cortex Cloud Inventory (/api/v1/inventory),Cortex Cloud,Cloud Posture Security,"N/A — assertion, not detection",GENERIC SCENARIO (shared by 12 TCs) — needs purpose-built payload
POS,TC-CSPM-02,UCS-CSPM-02,UC-CSPM,Cloud Security Posture Management (CSPM),Cloud Security Policy Management,"Validate Security Policy Enforcement — OOTB policies (CIS, NIST, SOC2) evaluate correctly against target resources",Cloud,LEAD,Table Stakes,P2,,Posture policy assertion (no detection content),,POV-SC-007,"Deploy test fixtures with intentional misconfigurations (open SGs, public buckets, over-permissive IAM)",TBD,"OOTB policies (CIS, NIST, SOC2) evaluate correctly against target resources",Remediation Success Rate,Qualitative pass,Cortex Cloud Policies + Alerts view,Cortex Cloud,Cloud Posture Security,"N/A — assertion, not detection",NO MEASURABLE THRESHOLD
POS,TC-CSPM-03,UCS-CSPM-03,UC-CSPM,Cloud Security Posture Management (CSPM),Cases & Issues,Validate Issue Triage & Case Management — Security findings surface as prioritized Cases with accurate severity scoring,Cloud,LEAD,Table Stakes,P2,,Posture policy assertion (no detection content),,POV-SC-095,Deploy test fixture representing Cases & Issues,TBD,Security findings surface as prioritized Cases with accurate severity scoring,Triage Automation Rate,Qualitative pass,Cortex Cloud Posture Dashboard + REST API,Cortex Cloud,Cloud Posture Security,"N/A — assertion, not detection",NO MEASURABLE THRESHOLD
POS,TC-CSPM-04,UCS-CSPM-04,UC-CSPM,Cloud Security Posture Management (CSPM),Posture Security Management,"Validate Posture Assessment & Management — Posture assessment covers all connected resources across CSPM, CWPP, CIEM, and DSPM modules",Cloud,LEAD,Table Stakes,P2,,Posture policy assertion (no detection content),,POV-SC-096,Deploy test fixture representing Posture Security Management,TBD,"Posture assessment covers all connected resources across CSPM, CWPP, CIEM, and DSPM modules",MTTD,Qualitative pass,Cortex Cloud Posture Dashboard + REST API,Cortex Cloud,Cloud Posture Security,"N/A — assertion, not detection",NO MEASURABLE THRESHOLD
PLT,TC-CSPM-05,UCS-CSPM-05,UC-CSPM,Cloud Security Posture Management (CSPM),Agentless Scanning,Validate Agentless Scanning Coverage — vulnerability + compliance findings match agent-based baselines within 5% variance,Cloud,LEAD,Table Stakes,P2,,Platform-state assertion (no detection content),,POV-SC-097,Deploy test fixture representing Agentless Scanning,TBD,"Agentless scanning discovers workloads (VMs, containers, Lambda) without agent deployment",Asset Discovery Coverage,>95%,Cortex Cloud Posture Dashboard + REST API,Cortex Cloud,Cloud Posture Security,"N/A — assertion, not detection",—
DET,TC-CVM-01,UCS-CVM-01,UC-CVM,Vulnerability Management,Vulnerability Management,"Validate Workload Vulnerability Detection — Known CVEs detected across VMs, containers, and serverless with accurate CVSS scoring",Cloud,LEAD,Table Stakes,P2,DET-CVM-01,Cloud Runtime Policy (CDR),cloud_audit_logs · container_events,POV-SC-012,"Deploy workloads with known CVEs (e.g., Log4Shell container, unpatched RDS); seed vulnerability intel",TBD,"Known CVEs detected across VMs, containers, and serverless with accurate CVSS scoring",MTTD,Qualitative pass,XSIAM UI + XQL · Cortex Cloud Runtime Alerts + /api/v1/alerts,Cortex Cloud · Cortex XSIAM,Cloud Posture Security · Host Insights · Exposure Management,TO AUTHOR,NO MITRE MAPPING · NO MEASURABLE THRESHOLD
POS,TC-CVM-02,UCS-CVM-02,UC-CVM,Vulnerability Management,Vulnerability Intelligence,"Validate Vulnerability Intelligence Enrichment — Findings enriched with Unit 42 exploit intelligence, CISA KEV status, and EPSS score",Cloud,LEAD,Table Stakes,P2,,Posture policy assertion (no detection content),,POV-SC-012,"Deploy workloads with known CVEs (e.g., Log4Shell container, unpatched RDS); seed vulnerability intel",TBD,"Findings enriched with Unit 42 exploit intelligence, CISA KEV status, and EPSS score",Remediation Success Rate,Qualitative pass,XSIAM UI + XQL · Cortex Cloud Posture Dashboard + REST API,Cortex Cloud · Cortex XSIAM,Cloud Posture Security · Host Insights · Exposure Management,"N/A — assertion, not detection",NO MEASURABLE THRESHOLD
POS,TC-CVM-03,UCS-CVM-03,UC-CVM,Vulnerability Management,Internet Exposure Detection,Demonstrate Internet Exposure Correlation — Internet-facing vulnerable assets identified by correlating vulnerability findings with Xpanse external exposure data,Cloud,LEAD,Table Stakes,P2,,Posture policy assertion (no detection content),,POV-SC-035,Deploy test fixture representing Internet Exposure Detection,TBD,Internet-facing vulnerable assets identified by correlating vulnerability findings with Xpanse external exposure data,Cross-Source Correlation Rate,Qualitative pass,XSIAM UI + XQL · Cortex Cloud Posture Dashboard + REST API,Cortex Cloud · Cortex XSIAM,Cloud Posture Security · Host Insights · Exposure Management,"N/A — assertion, not detection",NO MEASURABLE THRESHOLD
POS,TC-CCMP-01,UCS-CCMP-01,UC-CCMP,Compliance,Schedule Compliance Reports,Validate Scheduled Compliance Reporting — Scheduled compliance reports generate on defined cadence (daily/weekly/monthly),Cloud,LEAD,Cloud-Native,P2,,Posture policy assertion (no detection content),,POV-SC-007,"Deploy test fixtures with intentional misconfigurations (open SGs, public buckets, over-permissive IAM)",TBD,Scheduled compliance reports generate on defined cadence (daily/weekly/monthly),Compliance Score,Qualitative pass,Cortex Cloud Policies + Alerts view,Cortex Cloud,Cloud Posture Security,"N/A — assertion, not detection",NO MEASURABLE THRESHOLD
PLT,TC-CCMP-02,UCS-CCMP-02,UC-CCMP,Compliance,Compliance Dashboard,Validate Compliance Dashboard Accuracy — Dashboard reflects accurate control coverage per standard,Cloud,LEAD,Table Stakes,P2,,Platform-state assertion (no detection content),,POV-SC-007,"Deploy test fixtures with intentional misconfigurations (open SGs, public buckets, over-permissive IAM)",TBD,Dashboard reflects accurate control coverage per standard,Coverage %,Qualitative pass,Cortex Cloud Policies + Alerts view,Cortex Cloud,Cloud Posture Security,"N/A — assertion, not detection",NO MEASURABLE THRESHOLD
PLT,TC-CCMP-03,UCS-CCMP-03,UC-CCMP,Compliance,OOTB Compliance Standards Catalog,"Validate OOTB Compliance Standards Coverage — All target standards (CIS, NIST 800-53, SOC2, PCI-DSS, HIPAA, GDPR) available with accurate control mappings",Cloud,LEAD,Table Stakes,P2,,Platform-state assertion (no detection content),,POV-SC-007,"Deploy test fixtures with intentional misconfigurations (open SGs, public buckets, over-permissive IAM)",TBD,"All target standards (CIS, NIST 800-53, SOC2, PCI-DSS, HIPAA, GDPR) available with accurate control mappings",Coverage %,Qualitative pass,Cortex Cloud Policies + Alerts view,Cortex Cloud,Cloud Posture Security,"N/A — assertion, not detection",NO MEASURABLE THRESHOLD
POS,TC-CCMP-04,UCS-CCMP-04,UC-CCMP,Compliance,Custom Compliance Standards,Validate Custom Compliance Framework — Custom compliance standards created with organization-specific controls,Cloud,LEAD,Table Stakes,P2,,Posture policy assertion (no detection content),,POV-SC-007,"Deploy test fixtures with intentional misconfigurations (open SGs, public buckets, over-permissive IAM)",TBD,Custom compliance standards created with organization-specific controls,Compliance Score,Qualitative pass,Cortex Cloud Policies + Alerts view,Cortex Cloud,Cloud Posture Security,"N/A — assertion, not detection",NO MEASURABLE THRESHOLD
POS,TC-CRPS-01,UCS-CRPS-01,UC-CRPS,Risk Prioritization & Scoring,Utilize Graph Search to visualize security findings,"Validate Graph Search Visualization — Graph Search returns accurate asset relationships, attack paths, and finding interconnections",Cloud,MOAT,Table Stakes,P1,,Posture policy assertion (no detection content),,POV-SC-098,Deploy test fixture representing Utilize Graph Search to visualize security findings,TBD,"Graph Search returns accurate asset relationships, attack paths, and finding interconnections",MTTD,Qualitative pass,Cortex Cloud Posture Dashboard + REST API,Cortex Cloud,Cloud Posture Security,"N/A — assertion, not detection",NO MEASURABLE THRESHOLD
POS,TC-CRPS-02,UCS-CRPS-02,UC-CRPS,Risk Prioritization & Scoring,Risk Prioritization,"Validate Risk Scoring Model Validation — Risk scores combine multiple signals (exploit context, exposure, blast radius, data sensitivity)",Cloud,MOAT,Table Stakes,P1,,Posture policy assertion (no detection content),,POV-SC-099,Deploy test fixture representing Risk Prioritization,TBD,"Risk scores combine multiple signals (exploit context, exposure, blast radius, data sensitivity)",MTTD,Qualitative pass,Cortex Cloud Posture Dashboard + REST API,Cortex Cloud,Cloud Posture Security,"N/A — assertion, not detection",NO MEASURABLE THRESHOLD
POS,TC-CRPS-03,UCS-CRPS-03,UC-CRPS,Risk Prioritization & Scoring,Asset Groups,"Validate Asset Group Risk Aggregation — Asset groups correctly segment resources by business unit, environment, or custom criteria",Cloud,MOAT,Table Stakes,P1,,Posture policy assertion (no detection content),,POV-SC-003,"Provision 50+ net-new assets via Terraform across AWS/Azure/GCP (compute, storage, network, IAM)",TBD,"Asset groups correctly segment resources by business unit, environment, or custom criteria",MTTD,Qualitative pass,Cortex Cloud Inventory (/api/v1/inventory),Cortex Cloud,Cloud Posture Security,"N/A — assertion, not detection",GENERIC SCENARIO (shared by 12 TCs) — needs purpose-built payload · NO MEASURABLE THRESHOLD
POS,TC-CRWA-01,UCS-CRWA-01,UC-CRWA,Cloud Remediation & Workflow Automation,Remediation Guidance,"Validate Remediation Guidance Accuracy — Remediation guidance includes cloud provider-specific CLI commands, IaC fixes (Terraform/CloudFormation), and console steps",Cloud,LEAD,Table Stakes,P2,,Posture policy assertion (no detection content),,POV-SC-100,Deploy test fixture representing Remediation Guidance,TBD,"Remediation guidance includes cloud provider-specific CLI commands, IaC fixes (Terraform/CloudFormation), and console steps",Detection Accuracy,Qualitative pass,Cortex Cloud Posture Dashboard + REST API,Cortex Cloud · Cortex XSIAM,Cloud Posture Security · Extended Compute Units,"N/A — assertion, not detection",NO MEASURABLE THRESHOLD
POS,TC-CRWA-02,UCS-CRWA-02,UC-CRWA,Cloud Remediation & Workflow Automation,Playbooks & Automation,Validate Playbook Automation Execution — execution audit trail captures all actions,Cloud,LEAD,Table Stakes,P2,,Posture policy assertion (no detection content),,POV-SC-101,Deploy test fixture representing Playbooks & Automation,TBD,Remediation playbooks execute successfully for supported finding types,Automation Rate,Qualitative pass,Cortex Cloud Posture Dashboard + REST API,Cortex Cloud · Cortex XSIAM,Cloud Posture Security · Extended Compute Units,"N/A — assertion, not detection",NO MEASURABLE THRESHOLD
POS,TC-CRWA-03,UCS-CRWA-03,UC-CRWA,Cloud Remediation & Workflow Automation,Scripted Remediation,Validate Scripted Remediation Execution — Custom remediation scripts execute correctly against target resources via Cortex Cloud automation,Cloud,LEAD,Table Stakes,P2,,Posture policy assertion (no detection content),,POV-SC-102,Deploy test fixture representing Scripted Remediation,TBD,Custom remediation scripts execute correctly against target resources via Cortex Cloud automation,Automation Rate,Qualitative pass,Cortex Cloud Posture Dashboard + REST API,Cortex Cloud · Cortex XSIAM,Cloud Posture Security · Extended Compute Units,"N/A — assertion, not detection",NO MEASURABLE THRESHOLD
POS,TC-CRWA-04,UCS-CRWA-04,UC-CRWA,Cloud Remediation & Workflow Automation,Misconfigurations Autoremediation,Validate Auto-Remediation Reliability — Automated remediation resolves target misconfigurations without human intervention,Cloud,LEAD,Cloud-Native,P2,,Posture policy assertion (no detection content),,POV-SC-103,Deploy test fixture representing Misconfigurations Autoremediation,TBD,Automated remediation resolves target misconfigurations without human intervention,Automation Rate,Qualitative pass,Cortex Cloud Posture Dashboard + REST API,Cortex Cloud · Cortex XSIAM,Cloud Posture Security · Extended Compute Units,"N/A — assertion, not detection",NO MEASURABLE THRESHOLD
POS,TC-CRWA-05,UCS-CRWA-05,UC-CRWA,Cloud Remediation & Workflow Automation,3rd Party Ticketing Integration,Demonstrate Ticketing Integration Sync — Bidirectional sync with Jira/ServiceNow creates tickets from findings with full context,Cloud,LEAD,Table Stakes,P2,,Posture policy assertion (no detection content),,POV-SC-104,Deploy test fixture representing 3rd Party Ticketing Integration,TBD,Bidirectional sync with Jira/ServiceNow creates tickets from findings with full context,Remediation Success Rate,Qualitative pass,Cortex Cloud Posture Dashboard + REST API,Cortex Cloud · Cortex XSIAM,Cloud Posture Security · Extended Compute Units,"N/A — assertion, not detection",NO MEASURABLE THRESHOLD
PLT,TC-KSPM-01,UCS-KSPM-01,UC-KSPM,Kubernetes Security Posture Management (KSPM),Kubernetes Assets Ingestion,"Validate Kubernetes Asset Discovery — All cluster resources (pods, services, deployments, namespaces, RBAC) discovered with accurate metadata",Cloud,LEAD,Cloud-Native,P2,,Platform-state assertion (no detection content),,POV-SC-003,"Provision 50+ net-new assets via Terraform across AWS/Azure/GCP (compute, storage, network, IAM)",TBD,"All cluster resources (pods, services, deployments, namespaces, RBAC) discovered with accurate metadata",Asset Discovery Coverage,Qualitative pass,Cortex Cloud Inventory (/api/v1/inventory),Cortex Cloud,Cloud Posture Security,"N/A — assertion, not detection",GENERIC SCENARIO (shared by 12 TCs) — needs purpose-built payload · NO MEASURABLE THRESHOLD
PLT,TC-KSPM-02,UCS-KSPM-02,UC-KSPM,Kubernetes Security Posture Management (KSPM),KSPM Dashboard,Validate Kubernetes Dashboard & CIS Benchmarks — KSPM dashboard reflects accurate cluster posture against CIS Kubernetes Benchmark,Cloud,LEAD,Cloud-Native,P2,,Platform-state assertion (no detection content),,POV-SC-036,"Deploy test Kubernetes cluster with misconfigured RBAC, exposed dashboard, privileged pods",TBD,KSPM dashboard reflects accurate cluster posture against CIS Kubernetes Benchmark,Remediation Success Rate,Qualitative pass,Cortex Cloud Posture Dashboard + REST API,Cortex Cloud,Cloud Posture Security,"N/A — assertion, not detection",NO MEASURABLE THRESHOLD
POS,TC-KSPM-03,UCS-KSPM-03,UC-KSPM,Kubernetes Security Posture Management (KSPM),Admission Controller,Validate Admission Controller Enforcement — Admission controller blocks non-compliant workloads at deploy time,Cloud,LEAD,Cloud-Native,P2,,Posture policy assertion (no detection content),,POV-SC-036,"Deploy test Kubernetes cluster with misconfigured RBAC, exposed dashboard, privileged pods",TBD,Admission controller blocks non-compliant workloads at deploy time,MTTD,Qualitative pass,Cortex Cloud Posture Dashboard + REST API,Cortex Cloud,Cloud Posture Security,"N/A — assertion, not detection",NO MEASURABLE THRESHOLD
POS,TC-CIEM-01,UCS-CIEM-01,UC-CIEM,Cloud Infrastructure Entitlement Management (CIEM),Net-effective Permissions,"Validate Net-Effective Permission Analysis — Net-effective permissions calculated across IAM policies, resource policies, SCPs, and permission boundaries",Cloud,LEAD,Table Stakes,P2,,Posture policy assertion (no detection content),,POV-SC-015,Create test IAM roles with over-permissive policies; simulate privilege escalation path,TBD,"Net-effective permissions calculated across IAM policies, resource policies, SCPs, and permission boundaries",MTTD,Qualitative pass,Cortex Cloud Posture Dashboard + REST API,Cortex Cloud,Cloud Posture Security,"N/A — assertion, not detection",NO MEASURABLE THRESHOLD
PLT,TC-CIEM-02,UCS-CIEM-02,UC-CIEM,Cloud Infrastructure Entitlement Management (CIEM),Identity Dashboard,"Validate Identity Risk Dashboard — Dashboard reflects accurate entitlement state across AWS, Azure, GCP",Cloud,LEAD,Table Stakes,P2,,Platform-state assertion (no detection content),,POV-SC-015,Create test IAM roles with over-permissive policies; simulate privilege escalation path,TBD,"Dashboard reflects accurate entitlement state across AWS, Azure, GCP",MTTD,Qualitative pass,Cortex Cloud Posture Dashboard + REST API,Cortex Cloud,Cloud Posture Security,"N/A — assertion, not detection",NO MEASURABLE THRESHOLD
DET,TC-CIEM-03,UCS-CIEM-03,UC-CIEM,Cloud Infrastructure Entitlement Management (CIEM),Privileged Permissions,"Validate Privileged Permission Detection — Privilege escalation paths identified (iam:PassRole, sts:AssumeRole chains)",Cloud,LEAD,Table Stakes,P2,DET-CIEM-01,Cloud Runtime Policy (CDR),cloud_audit_logs · container_events,POV-SC-002,"Execute container/K8s attack (shell spawn, crypto-miner, reverse shell) via attack simulation (e.g., Stratus)",TBD,"Privilege escalation paths identified (iam:PassRole, sts:AssumeRole chains)",MTTD,Qualitative pass,Cortex Cloud Runtime Alerts + /api/v1/alerts,Cortex Cloud,Cloud Posture Security,TO AUTHOR,GENERIC SCENARIO (shared by 14 TCs) — needs purpose-built payload · NO MITRE MAPPING · NO MEASURABLE THRESHOLD
PLT,TC-CIEM-04,UCS-CIEM-04,UC-CIEM,Cloud Infrastructure Entitlement Management (CIEM),IdP Integration,Validate Identity Provider Sync — sync cadence meets freshness SLA (<1hr),Cloud,LEAD,Table Stakes,P2,,Platform-state assertion (no detection content),,POV-SC-015,Create test IAM roles with over-permissive policies; simulate privilege escalation path,TBD,"IdP data (Okta, Azure AD, Google Workspace) syncs with accurate user/group/role mapping",SLA Compliance,<1hr,Cortex Cloud Posture Dashboard + REST API,Cortex Cloud,Cloud Posture Security,"N/A — assertion, not detection",—
POS,TC-ASM-05,UCS-ASM-03,UC-ASM,Attack Surface & Exposure Management,External Asset Discovery,Validate External Attack Surface Discovery — discovery covers all registered IP ranges and domains,Cloud,MOAT,Ecosystem,P1,,Posture policy assertion (no detection content),,POV-SC-003,"Provision 50+ net-new assets via Terraform across AWS/Azure/GCP (compute, storage, network, IAM)",TBD,"Internet-facing assets discovered via Xpanse integration with accurate IP, domain, certificate, and service mapping",Asset Discovery Coverage,Qualitative pass,Cortex Cloud Inventory (/api/v1/inventory) · Xpanse Asset Inventory + Issues,Cortex XSIAM · Cortex Cloud,Attack Surface Management · Exposure Management · Cloud Posture Security,"N/A — assertion, not detection",GENERIC SCENARIO (shared by 12 TCs) — needs purpose-built payload · NO MEASURABLE THRESHOLD
POS,TC-ASM-06,UCS-ASM-04,UC-ASM,Attack Surface & Exposure Management,Service and Port Identification,Validate Service & Port Identification — Running services and open ports correctly identified with version detection,Cloud,MOAT,Ecosystem,P1,,Posture policy assertion (no detection content),,POV-SC-105,Deploy test fixture representing Service and Port Identification,TBD,Running services and open ports correctly identified with version detection,Asset Discovery Coverage,Qualitative pass,Cortex Cloud Posture Dashboard + REST API · Xpanse Asset Inventory + Issues,Cortex XSIAM · Cortex Cloud,Attack Surface Management · Exposure Management · Cloud Posture Security,"N/A — assertion, not detection",NO MEASURABLE THRESHOLD
POS,TC-ASM-07,UCS-ASM-05,UC-ASM,Attack Surface & Exposure Management,Internet Exposure Detection,"Validate Internet Exposure Risk Scoring — Exposure risk scored combining service type, vulnerability status, data sensitivity, and business criticality",Cloud,MOAT,Ecosystem,P1,,Posture policy assertion (no detection content),,POV-SC-035,Deploy test fixture representing Internet Exposure Detection,TBD,"Exposure risk scored combining service type, vulnerability status, data sensitivity, and business criticality",MTTD,Qualitative pass,Cortex Cloud Posture Dashboard + REST API · Xpanse Asset Inventory + Issues,Cortex XSIAM · Cortex Cloud,Attack Surface Management · Exposure Management · Cloud Posture Security,"N/A — assertion, not detection",NO MEASURABLE THRESHOLD
POS,TC-DSPM-01,UCS-DSPM-01,UC-DSPM,Data Security Posture Management (DSPM),Data Assets Discovery,"Validate Data Asset Discovery — Data stores (S3, RDS, DynamoDB, BigQuery, Cosmos DB) discovered across multi-cloud",Cloud,LEAD,Table Stakes,P2,,Posture policy assertion (no detection content),,POV-SC-003,"Provision 50+ net-new assets via Terraform across AWS/Azure/GCP (compute, storage, network, IAM)",TBD,"Data stores (S3, RDS, DynamoDB, BigQuery, Cosmos DB) discovered across multi-cloud",Asset Discovery Coverage,Qualitative pass,Cortex Cloud Inventory (/api/v1/inventory),Cortex Cloud,Cloud Posture Security · Cortex Data Security,"N/A — assertion, not detection",GENERIC SCENARIO (shared by 12 TCs) — needs purpose-built payload · NO MEASURABLE THRESHOLD
POS,TC-DSPM-02,UCS-DSPM-02,UC-DSPM,Data Security Posture Management (DSPM),Data Classification,Validate Data Classification Accuracy — false positive rate <5% on test dataset with known labels,Cloud,LEAD,Table Stakes,P2,,Posture policy assertion (no detection content),,POV-SC-010,"Upload representative sensitive data (PII, PCI, PHI) to S3/GCS/Azure Blob with mixed access controls",TBD,"Classification labels (PII, PHI, PCI, IP, Public) accurately applied based on content sampling",False Positive Rate,<5%,Cortex Cloud Posture Dashboard + REST API,Cortex Cloud,Cloud Posture Security · Cortex Data Security,"N/A — assertion, not detection",—
POS,TC-DSPM-03,UCS-DSPM-03,UC-DSPM,Data Security Posture Management (DSPM),Static Risk Analysis,"Validate Data Risk & Exposure Analysis — Data exposure paths identified (public access, overly broad IAM, cross-account sharing)",Cloud,LEAD,Table Stakes,P2,,Posture policy assertion (no detection content),,POV-SC-010,"Upload representative sensitive data (PII, PCI, PHI) to S3/GCS/Azure Blob with mixed access controls",TBD,"Data exposure paths identified (public access, overly broad IAM, cross-account sharing)",MTTD,Qualitative pass,Cortex Cloud Posture Dashboard + REST API,Cortex Cloud,Cloud Posture Security · Cortex Data Security,"N/A — assertion, not detection",NO MEASURABLE THRESHOLD
DET,TC-DSPM-04,UCS-DSPM-04,UC-DSPM,Data Security Posture Management (DSPM),Data Detection & Response (DDR),Validate Data Detection & Response (DDR) — Anomalous data access patterns detected in near-real-time,Cloud,LEAD,Cloud-Native,P2,DET-DSPM-01,Cloud Runtime Policy (CDR),cloud_audit_logs · container_events,POV-SC-002,"Execute container/K8s attack (shell spawn, crypto-miner, reverse shell) via attack simulation (e.g., Stratus)",TBD,Anomalous data access patterns detected in near-real-time,MTTD,Qualitative pass,Cortex Cloud Runtime Alerts + /api/v1/alerts,Cortex Cloud,Cloud Posture Security · Cortex Data Security,TO AUTHOR,GENERIC SCENARIO (shared by 14 TCs) — needs purpose-built payload · NO MITRE MAPPING · NO MEASURABLE THRESHOLD
POS,TC-ASPM-01,UCS-ASPM-01,UC-ASPM,Application Security Posture Management (ASPM),Code to Cloud,Validate Code-to-Cloud Traceability — traceability chain complete from git commit → image → deployment → runtime,Cloud,MOAT,Cloud-Native,P1,,Posture policy assertion (no detection content),,POV-SC-009,"Commit intentionally vulnerable code (SQLi, OSS with CVE) → build image → deploy to test namespace",TBD,Source code findings traced through CI/CD pipeline to deployed runtime resources,Completeness %,Qualitative pass,ASPM Command Center (/api/v1/asoc/findings),Cortex Cloud,Cloud Posture Security,"N/A — assertion, not detection",NO MEASURABLE THRESHOLD
POS,TC-SCA-04,UCS-SCA-04,UC-SCA,Software Composition Analysis,3rd Party SAST Ingestion,Validate Third-Party SAST Ingestion — unified priority view across all scanners,Cloud,MOAT,Table Stakes,P1,,Posture policy assertion (no detection content),,POV-SC-009,"Commit intentionally vulnerable code (SQLi, OSS with CVE) → build image → deploy to test namespace",TBD,"Findings from Checkmarx, SonarQube, Snyk Code, Semgrep ingested via API with accurate CWE mapping",MTTD,Qualitative pass,Cortex Cloud Posture Dashboard + REST API,Cortex Cloud,Application Security,"N/A — assertion, not detection",NO MEASURABLE THRESHOLD
POS,TC-ASPM-03,UCS-ASPM-02,UC-ASPM,Application Security Posture Management (ASPM),Application Centric Visibility,"Validate Application-Centric Risk View — Per-application risk aggregation combines code, IaC, image, runtime, and DSPM findings",Cloud,MOAT,Table Stakes,P1,,Posture policy assertion (no detection content),,POV-SC-009,"Commit intentionally vulnerable code (SQLi, OSS with CVE) → build image → deploy to test namespace",TBD,"Per-application risk aggregation combines code, IaC, image, runtime, and DSPM findings",MTTD,Qualitative pass,ASPM Command Center (/api/v1/asoc/findings),Cortex Cloud,Cloud Posture Security,"N/A — assertion, not detection",NO MEASURABLE THRESHOLD
POS,TC-ASPM-04,UCS-ASPM-03,UC-ASPM,Application Security Posture Management (ASPM),AppSec Operationalization,Validate AppSec Operationalization — AppSec policies enforced across CI/CD (block builds with Critical findings),Cloud,MOAT,Table Stakes,P1,,Posture policy assertion (no detection content),,POV-SC-009,"Commit intentionally vulnerable code (SQLi, OSS with CVE) → build image → deploy to test namespace",TBD,AppSec policies enforced across CI/CD (block builds with Critical findings),Automation Rate,Qualitative pass,ASPM Command Center (/api/v1/asoc/findings),Cortex Cloud,Cloud Posture Security,"N/A — assertion, not detection",NO MEASURABLE THRESHOLD
POS,TC-AISP-01,UCS-AISP-01,UC-AISP,AI Security Posture Management,AI Assets Discovery,"Validate AI Asset Discovery & Inventory — AI/ML resources (SageMaker endpoints, Bedrock models, Vertex AI, OpenAI integrations) discovered across multi-cloud",Cloud,MOAT,Cloud-Native,P1,,Posture policy assertion (no detection content),,POV-SC-003,"Provision 50+ net-new assets via Terraform across AWS/Azure/GCP (compute, storage, network, IAM)",TBD,"AI/ML resources (SageMaker endpoints, Bedrock models, Vertex AI, OpenAI integrations) discovered across multi-cloud",Asset Discovery Coverage,Qualitative pass,Cortex Cloud Inventory (/api/v1/inventory),Cortex Cloud,Cloud Posture Security,"N/A — assertion, not detection",GENERIC SCENARIO (shared by 12 TCs) — needs purpose-built payload · NO MEASURABLE THRESHOLD
POS,TC-AISP-02,UCS-AISP-02,UC-AISP,AI Security Posture Management,AI Models Support,"Validate AI Model Security Assessment — AI models assessed for security risks: data poisoning vectors, model extraction exposure, prompt injection surfaces",Cloud,MOAT,Table Stakes,P1,,Posture policy assertion (no detection content),,POV-SC-004,Deploy SageMaker endpoint + Bedrock invocation + Lambda→OpenAI + shadow GPU VM with custom LLM,TBD,"AI models assessed for security risks: data poisoning vectors, model extraction exposure, prompt injection surfaces",MTTD,Qualitative pass,Cortex Cloud Posture Dashboard + REST API,Cortex Cloud,Cloud Posture Security,"N/A — assertion, not detection",GENERIC SCENARIO (shared by 12 TCs) — needs purpose-built payload · NO MEASURABLE THRESHOLD
POS,TC-AISP-03,UCS-AISP-03,UC-AISP,AI Security Posture Management,AI Ecosystem,Validate AI Ecosystem & Supply Chain Risk — Third-party AI model dependencies and plugins inventoried,Cloud,MOAT,Cloud-Native,P1,,Posture policy assertion (no detection content),,POV-SC-004,Deploy SageMaker endpoint + Bedrock invocation + Lambda→OpenAI + shadow GPU VM with custom LLM,TBD,Third-party AI model dependencies and plugins inventoried,Asset Discovery Coverage,Qualitative pass,Cortex Cloud Posture Dashboard + REST API,Cortex Cloud,Cloud Posture Security,"N/A — assertion, not detection",GENERIC SCENARIO (shared by 12 TCs) — needs purpose-built payload · NO MEASURABLE THRESHOLD
POS,TC-AISP-04,UCS-AISP-04,UC-AISP,AI Security Posture Management,AI Static Risk Analysis,"Validate AI Static Risk Analysis — AI-specific static analysis identifies: hardcoded API keys in ML pipelines, insecure model serialization (pickle), unvalidated model…",Cloud,MOAT,Table Stakes,P1,,Posture policy assertion (no detection content),,POV-SC-004,Deploy SageMaker endpoint + Bedrock invocation + Lambda→OpenAI + shadow GPU VM with custom LLM,TBD,"AI-specific static analysis identifies: hardcoded API keys in ML pipelines, insecure model serialization (pickle), unvalidated model inputs",MTTD,Qualitative pass,Cortex Cloud Posture Dashboard + REST API,Cortex Cloud,Cloud Posture Security,"N/A — assertion, not detection",GENERIC SCENARIO (shared by 12 TCs) — needs purpose-built payload · NO MEASURABLE THRESHOLD
POS,TC-AISP-05,UCS-AISP-05,UC-AISP,AI Security Posture Management,AI Sensitive Data Classification,Validate AI Sensitive Data Classification — Training data stores scanned for sensitive data (PII/PHI/PCI in training sets),Cloud,MOAT,Table Stakes,P1,,Posture policy assertion (no detection content),,POV-SC-004,Deploy SageMaker endpoint + Bedrock invocation + Lambda→OpenAI + shadow GPU VM with custom LLM,TBD,Training data stores scanned for sensitive data (PII/PHI/PCI in training sets),MTTD,Qualitative pass,Cortex Cloud Posture Dashboard + REST API,Cortex Cloud,Cloud Posture Security,"N/A — assertion, not detection",GENERIC SCENARIO (shared by 12 TCs) — needs purpose-built payload · NO MEASURABLE THRESHOLD
PLT,TC-AISP-06,UCS-AISP-06,UC-AISP,AI Security Posture Management,AI Dashboard,Validate AI Security Dashboard & Posture — AI-SPM dashboard shows aggregate AI security posture across all discovered AI assets,Cloud,MOAT,Table Stakes,P1,,Platform-state assertion (no detection content),,POV-SC-004,Deploy SageMaker endpoint + Bedrock invocation + Lambda→OpenAI + shadow GPU VM with custom LLM,TBD,AI-SPM dashboard shows aggregate AI security posture across all discovered AI assets,Asset Discovery Coverage,Qualitative pass,Cortex Cloud Posture Dashboard + REST API,Cortex Cloud,Cloud Posture Security,"N/A — assertion, not detection",GENERIC SCENARIO (shared by 12 TCs) — needs purpose-built payload · NO MEASURABLE THRESHOLD
POS,TC-SCS-01,UCS-SCS-01,UC-SCS,Supply Chain Security,Supply Chain Assets Discovery,"Validate CI/CD Asset Discovery — VCS repositories, CI/CD pipelines, container registries, and build systems discovered with accurate metadata",Cloud,LEAD,Table Stakes,P2,,Posture policy assertion (no detection content),,POV-SC-003,"Provision 50+ net-new assets via Terraform across AWS/Azure/GCP (compute, storage, network, IAM)",TBD,"VCS repositories, CI/CD pipelines, container registries, and build systems discovered with accurate metadata",Asset Discovery Coverage,Qualitative pass,Cortex Cloud Inventory (/api/v1/inventory),Cortex Cloud,Application Security · Cloud Posture Security,"N/A — assertion, not detection",GENERIC SCENARIO (shared by 12 TCs) — needs purpose-built payload · NO MEASURABLE THRESHOLD
POS,TC-SCS-02,UCS-SCS-02,UC-SCS,Supply Chain Security,Supply Chain Compliance,"Validate Supply Chain Compliance Assessment — CI/CD pipelines evaluated against supply chain security standards (SLSA, SSDF)",Cloud,LEAD,Cloud-Native,P2,,Posture policy assertion (no detection content),,POV-SC-007,"Deploy test fixtures with intentional misconfigurations (open SGs, public buckets, over-permissive IAM)",TBD,"CI/CD pipelines evaluated against supply chain security standards (SLSA, SSDF)",Compliance Score,Qualitative pass,Cortex Cloud Policies + Alerts view,Cortex Cloud,Application Security · Cloud Posture Security,"N/A — assertion, not detection",NO MEASURABLE THRESHOLD
POS,TC-SCS-03,UCS-SCS-03,UC-SCS,Supply Chain Security,Supply Chain Inventory,Validate Supply Chain Inventory & SBOM — Complete software bill of materials (SBOM) generated for containerized applications,Cloud,LEAD,Cloud-Native,P2,,Posture policy assertion (no detection content),,POV-SC-003,"Provision 50+ net-new assets via Terraform across AWS/Azure/GCP (compute, storage, network, IAM)",TBD,Complete software bill of materials (SBOM) generated for containerized applications,Asset Discovery Coverage,Qualitative pass,Cortex Cloud Inventory (/api/v1/inventory),Cortex Cloud,Application Security · Cloud Posture Security,"N/A — assertion, not detection",GENERIC SCENARIO (shared by 12 TCs) — needs purpose-built payload · NO MEASURABLE THRESHOLD
POS,TC-SCS-04,UCS-SCS-04,UC-SCS,Supply Chain Security,Supply Chain Catalog,Validate Supply Chain Risk Catalog — Centralized catalog of all supply chain components with risk scoring,Cloud,LEAD,Cloud-Native,P2,,Posture policy assertion (no detection content),,POV-SC-004,Deploy SageMaker endpoint + Bedrock invocation + Lambda→OpenAI + shadow GPU VM with custom LLM,TBD,Centralized catalog of all supply chain components with risk scoring,MTTD,Qualitative pass,Cortex Cloud Posture Dashboard + REST API,Cortex Cloud,Application Security · Cloud Posture Security,"N/A — assertion, not detection",GENERIC SCENARIO (shared by 12 TCs) — needs purpose-built payload · NO MEASURABLE THRESHOLD
POS,TC-SCS-05,UCS-SCS-05,UC-SCS,Supply Chain Security,Image Scanning,"Validate Container Image Scanning — Container images scanned in registries (ECR, ACR, GCR, DockerHub) and at runtime",Cloud,LEAD,Cloud-Native,P2,,Posture policy assertion (no detection content),,POV-SC-004,Deploy SageMaker endpoint + Bedrock invocation + Lambda→OpenAI + shadow GPU VM with custom LLM,TBD,"Container images scanned in registries (ECR, ACR, GCR, DockerHub) and at runtime",MTTD,Qualitative pass,Cortex Cloud Posture Dashboard + REST API,Cortex Cloud,Application Security · Cloud Posture Security,"N/A — assertion, not detection",GENERIC SCENARIO (shared by 12 TCs) — needs purpose-built payload · NO MEASURABLE THRESHOLD
POS,TC-CITH-01,UCS-CITH-01,UC-CITH,Accelerated Investigations & Threat Hunting,Cloud Exploit Prevention,Validate Cloud Exploit Prevention — Cortex Agent prevents exploitation of known and unknown vulnerabilities on cloud workloads,Cloud,PARITY,Table Stakes,P3,,Posture policy assertion (no detection content),,POV-SC-106,Deploy test fixture representing Cloud Exploit Prevention,TBD,Cortex Agent prevents exploitation of known and unknown vulnerabilities on cloud workloads,MTTD,Qualitative pass,XSIAM UI + XQL · Cortex Cloud Posture Dashboard + REST API,Cortex Cloud · Cortex XSIAM,Cloud Runtime Security · Forensics · Extended Threat Hunting,"N/A — assertion, not detection",NO MEASURABLE THRESHOLD
DET,TC-CITH-02,UCS-CITH-02,UC-CITH,Accelerated Investigations & Threat Hunting,Cloud Malware Detection and Response,"Validate Cloud Malware Detection & Response — Known and unknown malware detected on cloud workloads via static analysis, behavioral detection, and WildFire…",Cloud,PARITY,Table Stakes,P3,DET-CITH-01,Cloud Runtime Policy (CDR),cloud_audit_logs · container_events,POV-SC-002,"Execute container/K8s attack (shell spawn, crypto-miner, reverse shell) via attack simulation (e.g., Stratus)",TBD,"Known and unknown malware detected on cloud workloads via static analysis, behavioral detection, and WildFire sandbox",MTTD,Qualitative pass,XSIAM UI + XQL · Cortex Cloud Runtime Alerts + /api/v1/alerts,Cortex Cloud · Cortex XSIAM,Cloud Runtime Security · Forensics · Extended Threat Hunting,TO AUTHOR,GENERIC SCENARIO (shared by 14 TCs) — needs purpose-built payload · NO MITRE MAPPING · NO MEASURABLE THRESHOLD
DET,TC-CITH-03,UCS-CITH-03,UC-CITH,Accelerated Investigations & Threat Hunting,Cloud Endpoint Protection: BIOC,Validate Behavioral IOC Detection (BIOC) — BIOC alerts include full causality context,Cloud,PARITY,Table Stakes,P3,DET-CITH-02,Cloud Runtime Policy (CDR),cloud_audit_logs · container_events,POV-SC-002,"Execute container/K8s attack (shell spawn, crypto-miner, reverse shell) via attack simulation (e.g., Stratus)",TBD,Custom and OOTB BIOCs detect cloud-specific attack patterns,Causality Chain Completeness,Qualitative pass,XSIAM UI + XQL · Cortex Cloud Runtime Alerts + /api/v1/alerts,Cortex Cloud · Cortex XSIAM,Cloud Runtime Security · Forensics · Extended Threat Hunting,TO AUTHOR,GENERIC SCENARIO (shared by 14 TCs) — needs purpose-built payload · NO MITRE MAPPING · NO MEASURABLE THRESHOLD
DET,TC-CITH-04,UCS-CITH-04,UC-CITH,Accelerated Investigations & Threat Hunting,Cloud Endpoint Protection: AI runtime security,Validate AI Runtime Security Analytics — AI-powered runtime analytics detect anomalous cloud workload behavior without signature dependency,Cloud,PARITY,Cloud-Native,P3,DET-CITH-03,Cloud Runtime Policy (CDR),cloud_audit_logs · container_events,POV-SC-002,"Execute container/K8s attack (shell spawn, crypto-miner, reverse shell) via attack simulation (e.g., Stratus)",TBD,AI-powered runtime analytics detect anomalous cloud workload behavior without signature dependency,MTTD,Qualitative pass,XSIAM UI + XQL · Cortex Cloud Runtime Alerts + /api/v1/alerts,Cortex Cloud · Cortex XSIAM,Cloud Runtime Security · Forensics · Extended Threat Hunting,TO AUTHOR,GENERIC SCENARIO (shared by 14 TCs) — needs purpose-built payload · NO MITRE MAPPING · NO MEASURABLE THRESHOLD
POS,TC-CITH-05,UCS-CITH-05,UC-CITH,Accelerated Investigations & Threat Hunting,Cloud Endpoint Protection: Wildfire Intelligence & Sandboxing,Validate WildFire Intelligence & Sandbox — WildFire verdicts propagate to all Cortex Cloud agents within 5 minutes,Cloud,PARITY,Table Stakes,P3,,Posture policy assertion (no detection content),,POV-SC-107,Deploy test fixture representing Cloud Endpoint Protection: Wildfire Intelligence & Sandboxing,TBD,Unknown files submitted to WildFire cloud sandbox,MTTD,within 5 min,XSIAM UI + XQL · Cortex Cloud Posture Dashboard + REST API,Cortex Cloud · Cortex XSIAM,Cloud Runtime Security · Forensics · Extended Threat Hunting,"N/A — assertion, not detection",—
POS,TC-CITH-06,UCS-CITH-06,UC-CITH,Accelerated Investigations & Threat Hunting,Cloud Endpoint Protection: Ransomware Prevention,Validate Cloud Ransomware Prevention — Ransomware-specific detection and prevention across cloud workloads,Cloud,PARITY,Table Stakes,P3,,Posture policy assertion (no detection content),,POV-SC-108,Deploy test fixture representing Cloud Endpoint Protection: Ransomware Prevention,TBD,Ransomware-specific detection and prevention across cloud workloads,MTTD,Qualitative pass,XSIAM UI + XQL · Cortex Cloud Posture Dashboard + REST API,Cortex Cloud · Cortex XSIAM,Cloud Runtime Security · Forensics · Extended Threat Hunting,"N/A — assertion, not detection",NO MEASURABLE THRESHOLD
DET,TC-CITH-07,UCS-CITH-07,UC-CITH,Accelerated Investigations & Threat Hunting,Automated Stitching and Alert Consolidation powered by AI,Demonstrate AI-Powered Alert Stitching — alert-to-incident ratio demonstrates >80% noise reduction,Cloud,MOAT,AI-Native,P1,DET-CITH-04,Cloud Posture Policy (custom),incidents,POV-SC-004,Deploy SageMaker endpoint + Bedrock invocation + Lambda→OpenAI + shadow GPU VM with custom LLM,TBD,"Related alerts across endpoints, network, and cloud services consolidated into unified incidents via AI correlation",Cross-Source Correlation Rate,>80%,XSIAM Incidents (XQL: dataset=incidents) · Cortex Cloud Posture Dashboard + REST API,Cortex Cloud · Cortex XSIAM,Cloud Runtime Security · Forensics · Extended Threat Hunting,TO AUTHOR,GENERIC SCENARIO (shared by 12 TCs) — needs purpose-built payload · NO MITRE MAPPING
POS,TC-CITH-08,UCS-CITH-08,UC-CITH,Accelerated Investigations & Threat Hunting,Root cause analysis & cross-data insights,Validate Root Cause Analysis & Cross-Data Insights — Causality view reconstructs complete attack chain from initial access to impact,Cloud,PARITY,Platform,P3,,Posture policy assertion (no detection content),,POV-SC-010,"Upload representative sensitive data (PII, PCI, PHI) to S3/GCS/Azure Blob with mixed access controls",TBD,Causality view reconstructs complete attack chain from initial access to impact,Causality Chain Completeness,Qualitative pass,XSIAM UI + XQL · Cortex Cloud Posture Dashboard + REST API,Cortex Cloud · Cortex XSIAM,Cloud Runtime Security · Forensics · Extended Threat Hunting,"N/A — assertion, not detection",NO MEASURABLE THRESHOLD
POS,TC-CITH-09,UCS-CITH-09,UC-CITH,Accelerated Investigations & Threat Hunting,Cloud Data Investigation & Query Language,"Validate Cloud Investigation Query Language — XQL/RQL queries execute across cloud telemetry (CloudTrail, VPC Flow, runtime events) with interactive latency",Cloud,PARITY,Table Stakes,P3,,Posture policy assertion (no detection content),,POV-SC-109,Deploy test fixture representing Cloud Data Investigation & Query Language,TBD,"XQL/RQL queries execute across cloud telemetry (CloudTrail, VPC Flow, runtime events) with interactive latency",Discovery Latency,Qualitative pass,XQL query engine (/public_api/v1/xql/start_xql_query) · Cortex Cloud Posture Dashboard + REST API,Cortex Cloud · Cortex XSIAM,Cloud Runtime Security · Forensics · Extended Threat Hunting,"N/A — assertion, not detection",NO MEASURABLE THRESHOLD
POS,TC-CITH-10,UCS-CITH-10,UC-CITH,Accelerated Investigations & Threat Hunting,Capture Complete Record of Events for EDR,"Validate EDR Telemetry Completeness — Complete process, file, registry, network, and cloud API event telemetry captured on cloud workloads",Cloud,PARITY,Table Stakes,P3,,Posture policy assertion (no detection content),,POV-SC-110,Deploy test fixture representing Capture Complete Record of Events for EDR,TBD,"Complete process, file, registry, network, and cloud API event telemetry captured on cloud workloads",Completeness %,Qualitative pass,XSIAM UI + XQL · Cortex Cloud Posture Dashboard + REST API,Cortex Cloud · Cortex XSIAM,Cloud Runtime Security · Forensics · Extended Threat Hunting,"N/A — assertion, not detection",NO MEASURABLE THRESHOLD
DET,TC-CITH-11,UCS-CITH-11,UC-CITH,Accelerated Investigations & Threat Hunting,OOTB and Custom Detection Rules,Validate Detection Rule Accuracy — false positive rate <5% on production-representative test data,Cloud,PARITY,Table Stakes,P3,DET-CITH-05,Cloud Runtime Policy (CDR),cloud_audit_logs · container_events,POV-SC-002,"Execute container/K8s attack (shell spawn, crypto-miner, reverse shell) via attack simulation (e.g., Stratus)",TBD,OOTB detection rules fire correctly on simulated attack techniques (MITRE ATT&CK mapped),False Positive Rate,<5%,XSIAM UI + XQL · Cortex Cloud Runtime Alerts + /api/v1/alerts,Cortex Cloud · Cortex XSIAM,Cloud Runtime Security · Forensics · Extended Threat Hunting,TO AUTHOR,GENERIC SCENARIO (shared by 14 TCs) — needs purpose-built payload · NO MITRE MAPPING
POS,TC-CITH-12,UCS-CITH-12,UC-CITH,Accelerated Investigations & Threat Hunting,User and Entity Behavior Analytics (UEBA),Validate User & Entity Behavior Analytics (UEBA) — UEBA baselines normal behavior for cloud identities and workloads,Cloud,PARITY,Table Stakes,P3,,Posture policy assertion (no detection content),,POV-SC-111,Deploy test fixture representing User and Entity Behavior Analytics (UEBA),TBD,UEBA baselines normal behavior for cloud identities and workloads,Cross-Source Correlation Rate,Qualitative pass,XSIAM UI + XQL · Cortex Cloud Posture Dashboard + REST API,Cortex Cloud · Cortex XSIAM,Cloud Runtime Security · Forensics · Extended Threat Hunting,"N/A — assertion, not detection",NO MEASURABLE THRESHOLD
PLT,TC-CITH-13,UCS-CITH-13,UC-CITH,Accelerated Investigations & Threat Hunting,Detection Rules detect Past and Future Events,Validate Retroactive Detection Coverage — retroactive scan covers full retention window,Cloud,PARITY,Table Stakes,P3,,Platform-state assertion (no detection content),,POV-SC-002,"Execute container/K8s attack (shell spawn, crypto-miner, reverse shell) via attack simulation (e.g., Stratus)",TBD,New detection rules automatically evaluate against historical telemetry,Coverage %,Qualitative pass,XSIAM UI + XQL · Cortex Cloud Runtime Alerts + /api/v1/alerts,Cortex Cloud · Cortex XSIAM,Cloud Runtime Security · Forensics · Extended Threat Hunting,"N/A — assertion, not detection",GENERIC SCENARIO (shared by 14 TCs) — needs purpose-built payload · NO MEASURABLE THRESHOLD
POS,TC-CITH-14,UCS-CITH-14,UC-CITH,Accelerated Investigations & Threat Hunting,Causality View,Validate Causality View Investigation — Complete attack causality chain visualized from initial access through impact,Cloud,LEAD,Platform,P2,,Posture policy assertion (no detection content),,POV-SC-112,Deploy test fixture representing Causality View,TBD,Complete attack causality chain visualized from initial access through impact,Causality Chain Completeness,Qualitative pass,Cortex Cloud Posture Dashboard + REST API,Cortex Cloud · Cortex XSIAM,Cloud Runtime Security · Forensics · Extended Threat Hunting,"N/A — assertion, not detection",NO MEASURABLE THRESHOLD
PLT,TC-CITH-15,UCS-CITH-15,UC-CITH,Accelerated Investigations & Threat Hunting,MITRE ATT&CK Mapping,Validate MITRE ATT&CK Mapping Accuracy — coverage heat map reflects detection portfolio across all ATT&CK stages,Cloud,LEAD,Table Stakes,P2,,Platform-state assertion (no detection content),,POV-SC-113,Deploy test fixture representing MITRE ATT&CK Mapping,TBD,Incidents correctly mapped to ATT&CK tactics and techniques (cloud matrix),Coverage %,Qualitative pass,Cortex Cloud Posture Dashboard + REST API,Cortex Cloud · Cortex XSIAM,Cloud Runtime Security · Forensics · Extended Threat Hunting,"N/A — assertion, not detection",NO MEASURABLE THRESHOLD
POS,TC-CITH-16,UCS-CITH-16,UC-CITH,Accelerated Investigations & Threat Hunting,Ad-Hoc Queries,Validate Ad-Hoc Query Investigation — Investigators run ad-hoc queries across all cloud telemetry with interactive response times,Cloud,LEAD,Table Stakes,P2,,Posture policy assertion (no detection content),,POV-SC-114,Deploy test fixture representing Ad-Hoc Queries,TBD,Investigators run ad-hoc queries across all cloud telemetry with interactive response times,MTTD,Qualitative pass,Cortex Cloud Posture Dashboard + REST API,Cortex Cloud · Cortex XSIAM,Cloud Runtime Security · Forensics · Extended Threat Hunting,"N/A — assertion, not detection",NO MEASURABLE THRESHOLD
POS,TC-CITH-17,UCS-CITH-17,UC-CITH,Accelerated Investigations & Threat Hunting,Live Terminal,Validate Live Terminal Remote Access — remote investigation commands execute with full audit trail,Cloud,LEAD,Table Stakes,P2,,Posture policy assertion (no detection content),,POV-SC-115,Deploy test fixture representing Live Terminal,TBD,"Live terminal establishes connection to cloud workloads (EC2, container) within acceptable latency",Discovery Latency,Qualitative pass,Cortex Cloud Posture Dashboard + REST API,Cortex Cloud · Cortex XSIAM,Cloud Runtime Security · Forensics · Extended Threat Hunting,"N/A — assertion, not detection",NO MEASURABLE THRESHOLD
POS,TC-CITH-18,UCS-CITH-18,UC-CITH,Accelerated Investigations & Threat Hunting,Search and Destroy Files across multiple hosts,Validate Search & Destroy Across Hosts — File hash/path search executes across entire managed cloud fleet,Cloud,LEAD,Table Stakes,P2,,Posture policy assertion (no detection content),,POV-SC-116,Deploy test fixture representing Search and Destroy Files across multiple hosts,TBD,File hash/path search executes across entire managed cloud fleet,MTTD,Qualitative pass,Cortex Cloud Posture Dashboard + REST API,Cortex Cloud · Cortex XSIAM,Cloud Runtime Security · Forensics · Extended Threat Hunting,"N/A — assertion, not detection",NO MEASURABLE THRESHOLD
PLT,TC-CITH-19,UCS-CITH-19,UC-CITH,Accelerated Investigations & Threat Hunting,Host Isolation,Validate Host Isolation & Containment — Network isolation of compromised cloud workloads executed within defined SLA (<2 min),Cloud,LEAD,Table Stakes,P2,,Platform-state assertion (no detection content),,POV-SC-004,Deploy SageMaker endpoint + Bedrock invocation + Lambda→OpenAI + shadow GPU VM with custom LLM,TBD,Network isolation of compromised cloud workloads executed within defined SLA (<2 min),SLA Compliance,<2 min,Cortex Cloud Posture Dashboard + REST API,Cortex Cloud · Cortex XSIAM,Cloud Runtime Security · Forensics · Extended Threat Hunting,"N/A — assertion, not detection",GENERIC SCENARIO (shared by 12 TCs) — needs purpose-built payload
POS,TC-CITH-20,UCS-CITH-20,UC-CITH,Accelerated Investigations & Threat Hunting,Script Execution,Validate Remote Script Execution — Remediation scripts execute remotely on cloud workloads via Cortex Agent,Cloud,LEAD,Table Stakes,P2,,Posture policy assertion (no detection content),,POV-SC-117,Deploy test fixture representing Script Execution,TBD,Remediation scripts execute remotely on cloud workloads via Cortex Agent,Remediation Success Rate,Qualitative pass,Cortex Cloud Posture Dashboard + REST API,Cortex Cloud · Cortex XSIAM,Cloud Runtime Security · Forensics · Extended Threat Hunting,"N/A — assertion, not detection",NO MEASURABLE THRESHOLD
POS,TC-CITH-21,UCS-CITH-21,UC-CITH,Accelerated Investigations & Threat Hunting,Native Automation,Validate Native Response Automation — Automated response playbooks trigger on detection rules,Cloud,LEAD,Table Stakes,P2,,Posture policy assertion (no detection content),,POV-SC-118,Deploy test fixture representing Native Automation,TBD,Automated response playbooks trigger on detection rules,Automation Rate,Qualitative pass,Cortex Cloud Posture Dashboard + REST API,Cortex Cloud · Cortex XSIAM,Cloud Runtime Security · Forensics · Extended Threat Hunting,"N/A — assertion, not detection",NO MEASURABLE THRESHOLD
POS,TC-RSER-01,UCS-RSER-01,UC-RSER,Cloud Native Workload Protection,Support for Cloud Native Platforms,"Validate Cloud-Native Platform Deployment — Cortex Agent deploys to VMs (EC2, Azure VM, GCE), containers (EKS, AKS, GKE, ECS), and serverless (Lambda…",Cloud,LEAD,Cloud-Native,P2,,Posture policy assertion (no detection content),,POV-SC-119,Deploy test fixture representing Support for Cloud Native Platforms,TBD,"Cortex Agent deploys to VMs (EC2, Azure VM, GCE), containers (EKS, AKS, GKE, ECS), and serverless (Lambda, Azure Functions) using platform-native methods",MTTD,Qualitative pass,Cortex Cloud Posture Dashboard + REST API,Cortex Cloud · Cortex XDR,Cloud Runtime Security,"N/A — assertion, not detection",NO MEASURABLE THRESHOLD
POS,TC-RSER-02,UCS-RSER-02,UC-RSER,Cloud Native Workload Protection,Agent Configurations,"Validate Agent Configuration Management — Agent configurations (prevention mode, logging level, exception rules) managed centrally via Cortex Cloud console",Cloud,LEAD,Table Stakes,P2,,Posture policy assertion (no detection content),,POV-SC-120,Deploy test fixture representing Agent Configurations,TBD,"Agent configurations (prevention mode, logging level, exception rules) managed centrally via Cortex Cloud console",SLA Compliance,Qualitative pass,Cortex Cloud Posture Dashboard + REST API,Cortex Cloud · Cortex XDR,Cloud Runtime Security,"N/A — assertion, not detection",NO MEASURABLE THRESHOLD
POS,TC-RSER-03,UCS-RSER-03,UC-RSER,Cloud Native Workload Protection,Support for On-Premises Workloads,"Validate On-Premises Workload Support — Cortex Agent deploys to on-prem workloads (bare metal, VMware, Hyper-V) with same telemetry and protection capabilities",Cloud,LEAD,Cloud-Native,P2,,Posture policy assertion (no detection content),,POV-SC-121,Deploy test fixture representing Support for On-Premises Workloads,TBD,"Cortex Agent deploys to on-prem workloads (bare metal, VMware, Hyper-V) with same telemetry and protection capabilities",Coverage %,Qualitative pass,Cortex Cloud Posture Dashboard + REST API,Cortex Cloud · Cortex XDR,Cloud Runtime Security,"N/A — assertion, not detection",NO MEASURABLE THRESHOLD
POS,TC-RSER-04,UCS-RSER-04,UC-RSER,Cloud Native Workload Protection,Agent Upgrade Process,Validate Agent Upgrade Process — non-disruptive upgrade with zero endpoint downtime,Cloud,LEAD,Table Stakes,P2,,Posture policy assertion (no detection content),,POV-SC-122,Deploy test fixture representing Agent Upgrade Process,TBD,Agent upgrades staged across environment groups (dev → staging → prod),MTTD,Qualitative pass,Cortex Cloud Posture Dashboard + REST API,Cortex Cloud · Cortex XDR,Cloud Runtime Security,"N/A — assertion, not detection",NO MEASURABLE THRESHOLD
PLT,TC-RSER-06,UCS-RSER-05,UC-RSER,Cloud Native Workload Protection,Host Inventory,Validate Host Inventory & Coverage Analysis — Centralized host inventory shows all managed + unmanaged cloud workloads,Cloud,LEAD,Table Stakes,P2,,Platform-state assertion (no detection content),,POV-SC-003,"Provision 50+ net-new assets via Terraform across AWS/Azure/GCP (compute, storage, network, IAM)",TBD,Centralized host inventory shows all managed + unmanaged cloud workloads,Asset Discovery Coverage,Qualitative pass,Cortex Cloud Inventory (/api/v1/inventory),Cortex Cloud · Cortex XDR,Cloud Runtime Security,"N/A — assertion, not detection",GENERIC SCENARIO (shared by 12 TCs) — needs purpose-built payload · NO MEASURABLE THRESHOLD
POS,TC-WAAS-01,UCS-WAAS-01,UC-WAAS,Web API & Application Security,API Discovery & Inventory,"Validate API Discovery & Inventory — APIs discovered across cloud-native applications (API Gateway, ALB, Kubernetes Ingress) with endpoint enumeration",Cloud,MOAT,Table Stakes,P1,,Posture policy assertion (no detection content),,POV-SC-003,"Provision 50+ net-new assets via Terraform across AWS/Azure/GCP (compute, storage, network, IAM)",TBD,"APIs discovered across cloud-native applications (API Gateway, ALB, Kubernetes Ingress) with endpoint enumeration",Asset Discovery Coverage,Qualitative pass,Cortex Cloud Inventory (/api/v1/inventory),Cortex Cloud,Cloud Runtime Security,"N/A — assertion, not detection",GENERIC SCENARIO (shared by 12 TCs) — needs purpose-built payload · NO MEASURABLE THRESHOLD
POS,TC-WAAS-02,UCS-WAAS-02,UC-WAAS,Web API & Application Security,API Endpoints,Validate API Endpoint Security Assessment — API endpoints assessed for OWASP API Top 10 risks,Cloud,MOAT,Table Stakes,P1,,Posture policy assertion (no detection content),,POV-SC-037,Deploy test API with exposed endpoints + known OWASP API Top-10 vulnerabilities,TBD,API endpoints assessed for OWASP API Top 10 risks,MTTD,Qualitative pass,Cortex Cloud Posture Dashboard + REST API,Cortex Cloud,Cloud Runtime Security,"N/A — assertion, not detection",NO MEASURABLE THRESHOLD
DET,TC-WAAS-03,UCS-WAAS-03,UC-WAAS,Web API & Application Security,Threat Detection,Validate Web Application Threat Detection — OWASP Top 10 web attacks detected with accurate classification,Cloud,MOAT,Table Stakes,P1,DET-WAAS-01,Cloud Runtime Policy (CDR),cloud_audit_logs · container_events,POV-SC-002,"Execute container/K8s attack (shell spawn, crypto-miner, reverse shell) via attack simulation (e.g., Stratus)",TBD,OWASP Top 10 web attacks detected with accurate classification,MTTD,Qualitative pass,Cortex Cloud Runtime Alerts + /api/v1/alerts,Cortex Cloud,Cloud Runtime Security,TO AUTHOR,GENERIC SCENARIO (shared by 14 TCs) — needs purpose-built payload · NO MITRE MAPPING · NO MEASURABLE THRESHOLD
DET,TC-WAAS-04,UCS-WAAS-04,UC-WAAS,Web API & Application Security,Threat Detection via XDR Agent,Validate Agent-Based Threat Detection (Runtime) — Cortex Agent detects web application attacks at runtime (in-process),Cloud,MOAT,Cloud-Native,P1,DET-WAAS-02,Cloud Runtime Policy (CDR),cloud_audit_logs · container_events,POV-SC-002,"Execute container/K8s attack (shell spawn, crypto-miner, reverse shell) via attack simulation (e.g., Stratus)",TBD,Cortex Agent detects web application attacks at runtime (in-process),MTTD,Qualitative pass,Cortex Cloud Runtime Alerts + /api/v1/alerts,Cortex Cloud,Cloud Runtime Security,TO AUTHOR,GENERIC SCENARIO (shared by 14 TCs) — needs purpose-built payload · NO MITRE MAPPING · NO MEASURABLE THRESHOLD
POS,TC-WAAS-05,UCS-WAAS-05,UC-WAAS,Web API & Application Security,Threat Protection via XDR Agent,Validate Agent-Based Threat Protection — protection doesn't require signature updates for zero-day exploits,Cloud,MOAT,Table Stakes,P1,,Posture policy assertion (no detection content),,POV-SC-037,Deploy test API with exposed endpoints + known OWASP API Top-10 vulnerabilities,TBD,Cortex Agent prevents web application exploitation in real-time,MTTD,<5%,Cortex Cloud Posture Dashboard + REST API,Cortex Cloud,Cloud Runtime Security,"N/A — assertion, not detection",—
DET,TC-IACS-01,UCS-IACS-01,UC-IACS,Infrastructure-as-Code Scanning,IaC misconfigurations,"Validate IaC Misconfiguration Detection — Known misconfigurations detected across Terraform, CloudFormation, Pulumi, ARM, and Kubernetes manifests",Cloud,MOAT,Cloud-Native,P1,DET-IACS-01,Cloud Runtime Policy (CDR),cloud_audit_logs · container_events,POV-SC-002,"Execute container/K8s attack (shell spawn, crypto-miner, reverse shell) via attack simulation (e.g., Stratus)",TBD,"Known misconfigurations detected across Terraform, CloudFormation, Pulumi, ARM, and Kubernetes manifests",MTTD,Qualitative pass,Cortex Cloud Runtime Alerts + /api/v1/alerts,Cortex Cloud,Application Security,TO AUTHOR,GENERIC SCENARIO (shared by 14 TCs) — needs purpose-built payload · NO MITRE MAPPING · NO MEASURABLE THRESHOLD
POS,TC-IACS-02,UCS-IACS-02,UC-IACS,Infrastructure-as-Code Scanning,Technologies,"Validate support for a diverse set of IaC frameworks including Terraform (and modules), Kubernetes, Helm, Dockerfile, etc.",Cloud,MOAT,Cloud-Native,P1,,Posture policy assertion (no detection content),,POV-SC-123,Deploy test fixture representing Technologies,TBD,Scanning supports all target IaC frameworks with framework-specific policy sets,Coverage %,Qualitative pass,Cortex Cloud Posture Dashboard + REST API,Cortex Cloud,Application Security,"N/A — assertion, not detection",NO MEASURABLE THRESHOLD
DET,TC-SCA-01,UCS-SCA-01,UC-SCA,Software Composition Analysis,Source Code Vulnerabilities,"Validate Dependency Vulnerability Detection — Known CVEs detected in direct and transitive dependencies across npm, pip, Maven, Go, NuGet",Cloud,LEAD,Table Stakes,P2,DET-SCA-01,Cloud Runtime Policy (CDR),cloud_audit_logs · container_events,POV-SC-012,"Deploy workloads with known CVEs (e.g., Log4Shell container, unpatched RDS); seed vulnerability intel",TBD,"Known CVEs detected in direct and transitive dependencies across npm, pip, Maven, Go, NuGet",MTTD,Qualitative pass,Cortex Cloud Runtime Alerts + /api/v1/alerts,Cortex Cloud,Application Security,TO AUTHOR,NO MITRE MAPPING · NO MEASURABLE THRESHOLD
POS,TC-SCA-02,UCS-SCA-02,UC-SCA,Software Composition Analysis,Vulnerability Prioritization,"Validate Vulnerability Prioritization — Vulnerabilities prioritized by exploitability (EPSS), fix availability, runtime reachability, and deployment context",Cloud,LEAD,Table Stakes,P2,,Posture policy assertion (no detection content),,POV-SC-012,"Deploy workloads with known CVEs (e.g., Log4Shell container, unpatched RDS); seed vulnerability intel",TBD,"Vulnerabilities prioritized by exploitability (EPSS), fix availability, runtime reachability, and deployment context",MTTD,Qualitative pass,Cortex Cloud Posture Dashboard + REST API,Cortex Cloud,Application Security,"N/A — assertion, not detection",NO MEASURABLE THRESHOLD
POS,TC-SCA-03,UCS-SCA-03,UC-SCA,Software Composition Analysis,SBOM,Validate SBOM Generation & Export — SBOM generated with complete direct + transitive dependency tree,Cloud,LEAD,Table Stakes,P2,,Posture policy assertion (no detection content),,POV-SC-124,Deploy test fixture representing SBOM,TBD,SBOM generated with complete direct + transitive dependency tree,Compliance Score,Qualitative pass,Cortex Cloud Posture Dashboard + REST API,Cortex Cloud,Application Security,"N/A — assertion, not detection",NO MEASURABLE THRESHOLD
DET,TC-SSCAN-01,UCS-SSCAN-03,UC-SSCAN,Secrets Security,Secrets Detection,"Validate Secret Detection Accuracy — Planted secrets detected in code, configuration, and IaC files with accurate type classification",Cloud,MOAT,Table Stakes,P1,DET-SSCAN-01,Cloud Runtime Policy (CDR),cloud_audit_logs · container_events,POV-SC-002,"Execute container/K8s attack (shell spawn, crypto-miner, reverse shell) via attack simulation (e.g., Stratus)",TBD,"Planted secrets detected in code, configuration, and IaC files with accurate type classification",Detection Accuracy,Qualitative pass,Cortex Cloud Runtime Alerts + /api/v1/alerts,Cortex Cloud,Application Security,TO AUTHOR,GENERIC SCENARIO (shared by 14 TCs) — needs purpose-built payload · NO MITRE MAPPING · NO MEASURABLE THRESHOLD
PLT,TC-SSCAN-02,UCS-SSCAN-01,UC-SSCAN,Secrets Security,AppSec Rules,"Validate Secret Detection Rule Coverage — Detection covers 100+ secret types (cloud provider keys, SaaS tokens, private keys, database credentials)",Cloud,MOAT,Table Stakes,P1,,Platform-state assertion (no detection content),,POV-SC-002,"Execute container/K8s attack (shell spawn, crypto-miner, reverse shell) via attack simulation (e.g., Stratus)",TBD,"Detection covers 100+ secret types (cloud provider keys, SaaS tokens, private keys, database credentials)",Coverage %,Qualitative pass,Cortex Cloud Runtime Alerts + /api/v1/alerts,Cortex Cloud,Application Security,"N/A — assertion, not detection",GENERIC SCENARIO (shared by 14 TCs) — needs purpose-built payload · NO MEASURABLE THRESHOLD
POS,TC-SSCAN-03,UCS-SSCAN-04,UC-SSCAN,Secrets Security,Secrets Prioritization,"Validate Secret Prioritization & Triage — Secrets prioritized by: exposure scope (public repo vs. private), validity (active vs. rotated), sensitivity (production vs…",Cloud,MOAT,Table Stakes,P1,,Posture policy assertion (no detection content),,POV-SC-016,"Commit hardcoded AWS keys, API tokens, and DB passwords to test repo (in feature branch + main)",TBD,"Secrets prioritized by: exposure scope (public repo vs. private), validity (active vs. rotated), sensitivity (production vs. development)",Triage Automation Rate,Qualitative pass,Cortex Cloud Posture Dashboard + REST API,Cortex Cloud,Application Security,"N/A — assertion, not detection",NO MEASURABLE THRESHOLD
POS,TC-SSCAN-04,UCS-SSCAN-05,UC-SSCAN,Secrets Security,Git History Scan,Validate Git History Secret Scanning — Full git history scanned for secrets (not just current HEAD),Cloud,MOAT,Table Stakes,P1,,Posture policy assertion (no detection content),,POV-SC-016,"Commit hardcoded AWS keys, API tokens, and DB passwords to test repo (in feature branch + main)",TBD,Full git history scanned for secrets (not just current HEAD),MTTD,Qualitative pass,Cortex Cloud Posture Dashboard + REST API,Cortex Cloud,Application Security,"N/A — assertion, not detection",NO MEASURABLE THRESHOLD
POS,TC-SSCAN-05,UCS-SSCAN-02,UC-SSCAN,Secrets Security,Remediation,Validate Secret Remediation Workflow — Auto-rotation supported for select secret types (AWS keys via IAM API),Cloud,MOAT,Table Stakes,P1,,Posture policy assertion (no detection content),,POV-SC-016,"Commit hardcoded AWS keys, API tokens, and DB passwords to test repo (in feature branch + main)",TBD,Auto-rotation supported for select secret types (AWS keys via IAM API),Remediation Success Rate,Qualitative pass,Cortex Cloud Posture Dashboard + REST API,Cortex Cloud,Application Security,"N/A — assertion, not detection",NO MEASURABLE THRESHOLD
POS,TC-ASER-01,UCS-ASER-02,UC-ASER,Application Security Enterprise Readiness,Asset Inventory,"Validate AppDev Asset Inventory — Centralized inventory of all AppDev resources: VCS repos, CI/CD pipelines, container registries, artifact repositories",Cloud,MOAT,Cloud-Native,P1,,Posture policy assertion (no detection content),,POV-SC-003,"Provision 50+ net-new assets via Terraform across AWS/Azure/GCP (compute, storage, network, IAM)",TBD,"Centralized inventory of all AppDev resources: VCS repos, CI/CD pipelines, container registries, artifact repositories",Asset Discovery Coverage,Qualitative pass,Cortex Cloud Inventory (/api/v1/inventory),Cortex Cloud,Application Security,"N/A — assertion, not detection",GENERIC SCENARIO (shared by 12 TCs) — needs purpose-built payload · NO MEASURABLE THRESHOLD
POS,TC-ASER-02,UCS-ASER-03,UC-ASER,Application Security Enterprise Readiness,Supply Chain Tools,Demonstrate Supply Chain Integration — CI/CD supply chain tools integrated with security scanning at each stage (commit → build → deploy),Cloud,MOAT,Cloud-Native,P1,,Posture policy assertion (no detection content),,POV-SC-004,Deploy SageMaker endpoint + Bedrock invocation + Lambda→OpenAI + shadow GPU VM with custom LLM,TBD,CI/CD supply chain tools integrated with security scanning at each stage (commit → build → deploy),MTTD,Qualitative pass,Cortex Cloud Posture Dashboard + REST API,Cortex Cloud,Application Security,"N/A — assertion, not detection",GENERIC SCENARIO (shared by 12 TCs) — needs purpose-built payload · NO MEASURABLE THRESHOLD
POS,TC-ASER-03,UCS-ASER-04,UC-ASER,Application Security Enterprise Readiness,Application Security Policies,"Validate Application Security Policy Management — AppSec policies define scanning requirements, severity thresholds, and enforcement actions per environment",Cloud,MOAT,Table Stakes,P1,,Posture policy assertion (no detection content),,POV-SC-007,"Deploy test fixtures with intentional misconfigurations (open SGs, public buckets, over-permissive IAM)",TBD,"AppSec policies define scanning requirements, severity thresholds, and enforcement actions per environment",Compliance Score,Qualitative pass,Cortex Cloud Policies + Alerts view,Cortex Cloud,Application Security,"N/A — assertion, not detection",NO MEASURABLE THRESHOLD
POS,TC-ASER-04,UCS-ASER-05,UC-ASER,Application Security Enterprise Readiness,Application Security Rules,"Validate the mapping of security rules to CI/CD compliance frameworks (CIS github, CIS gitlab and the OWASP top 10 CI/CD) using out-of-the-box rules.",Cloud,MOAT,Table Stakes,P1,,Posture policy assertion (no detection content),,POV-SC-125,Deploy test fixture representing Application Security Rules,TBD,Custom security rules created for organization-specific coding standards and compliance requirements,Compliance Score,Qualitative pass,Cortex Cloud Posture Dashboard + REST API,Cortex Cloud,Application Security,"N/A — assertion, not detection",NO MEASURABLE THRESHOLD
PLT,TC-ASER-05,UCS-ASER-01,UC-ASER,Application Security Enterprise Readiness,Reports and Dashboards,"Validate AppSec Reporting & Metrics — AppSec dashboard shows aggregate finding trends, MTTR for security findings, and developer engagement metrics",Cloud,MOAT,Cloud-Native,P1,,Platform-state assertion (no detection content),,POV-SC-126,Deploy test fixture representing Reports and Dashboards,TBD,"AppSec dashboard shows aggregate finding trends, MTTR for security findings, and developer engagement metrics",MTTR,Qualitative pass,Cortex Cloud Posture Dashboard + REST API,Cortex Cloud,Application Security,"N/A — assertion, not detection",NO MEASURABLE THRESHOLD
POS,TC-ASER-06,UCS-ASER-06,UC-ASER,Application Security Enterprise Readiness,Backlog Baseline,Validate Security Backlog Baseline — Initial security backlog established across all onboarded applications,Cloud,MOAT,Table Stakes,P1,,Posture policy assertion (no detection content),,POV-SC-127,Deploy test fixture representing Backlog Baseline,TBD,Initial security backlog established across all onboarded applications,Remediation Success Rate,Qualitative pass,Cortex Cloud Posture Dashboard + REST API,Cortex Cloud,Application Security,"N/A — assertion, not detection",NO MEASURABLE THRESHOLD
POS,TC-DEVX-01,UCS-DEVX-01,UC-DEVX,Secure Developer Experience (CICD Security_,Native Integrations,Demonstrate Native IDE & VCS Integration — repository onboarding requires <5 min per org,Cloud,LEAD,Table Stakes,P2,,Posture policy assertion (no detection content),,POV-SC-128,Deploy test fixture representing Native Integrations,TBD,"Cortex Cloud integrates with GitHub, GitLab, Bitbucket via native apps/webhooks",Automation Rate,<5 min,Cortex Cloud Posture Dashboard + REST API,Cortex Cloud,Cloud Posture Security,"N/A — assertion, not detection",—
POS,TC-DEVX-02,UCS-DEVX-02,UC-DEVX,Secure Developer Experience (CICD Security_,IDE,Demonstrate IDE Plugin Integration — VS Code / JetBrains plugin surfaces findings in developer context with real-time feedback,Cloud,LEAD,Cloud-Native,P2,,Posture policy assertion (no detection content),,POV-SC-129,Deploy test fixture representing IDE,TBD,VS Code / JetBrains plugin surfaces findings in developer context with real-time feedback,MTTD,Qualitative pass,Cortex Cloud Posture Dashboard + REST API,Cortex Cloud,Cloud Posture Security,"N/A — assertion, not detection",NO MEASURABLE THRESHOLD
PLT,TC-DEVX-03,UCS-DEVX-03,UC-DEVX,Secure Developer Experience (CICD Security_,Branch Scans,Validate Branch Scan Coverage — Feature branches scanned automatically on creation/update,Cloud,LEAD,Table Stakes,P2,,Platform-state assertion (no detection content),,POV-SC-130,Deploy test fixture representing Branch Scans,TBD,Feature branches scanned automatically on creation/update,Coverage %,Qualitative pass,Cortex Cloud Posture Dashboard + REST API,Cortex Cloud,Cloud Posture Security,"N/A — assertion, not detection",NO MEASURABLE THRESHOLD
POS,TC-DEVX-04,UCS-DEVX-04,UC-DEVX,Secure Developer Experience (CICD Security_,Pull Requests (PR),Validate Pull Request Security Checks — PR security checks run automatically with configurable pass/fail criteria,Cloud,LEAD,Table Stakes,P2,,Posture policy assertion (no detection content),,POV-SC-131,Deploy test fixture representing Pull Requests (PR),TBD,PR security checks run automatically with configurable pass/fail criteria,Automation Rate,Qualitative pass,Cortex Cloud Posture Dashboard + REST API,Cortex Cloud,Cloud Posture Security,"N/A — assertion, not detection",NO MEASURABLE THRESHOLD
POS,TC-DEVX-05,UCS-DEVX-05,UC-DEVX,Secure Developer Experience (CICD Security_,CI Scans,"Demonstrate CI Pipeline Scan Integration — Scanning integrated into CI pipelines (GitHub Actions, Jenkins, GitLab CI) via native plugins",Cloud,LEAD,Table Stakes,P2,,Posture policy assertion (no detection content),,POV-SC-132,Deploy test fixture representing CI Scans,TBD,"Scanning integrated into CI pipelines (GitHub Actions, Jenkins, GitLab CI) via native plugins",MTTD,Qualitative pass,Cortex Cloud Posture Dashboard + REST API,Cortex Cloud,Cloud Posture Security,"N/A — assertion, not detection",NO MEASURABLE THRESHOLD
POS,TC-AGRP-01,UCS-AGRP-01,UC-AGRP,Cloud Application Lifecycle Management,Business application - Manually,Validate Manual Application Grouping — grouped application shows aggregate risk across all components,Cloud,MOAT,Table Stakes,P1,,Posture policy assertion (no detection content),,POV-SC-133,Deploy test fixture representing Business application - Manually,TBD,"Applications manually defined by selecting code repos, cloud resources, and CI/CD pipelines",MTTD,Qualitative pass,Cortex Cloud Posture Dashboard + REST API,Cortex Cloud,Application Security · Cloud Posture Security,"N/A — assertion, not detection",NO MEASURABLE THRESHOLD
POS,TC-AGRP-02,UCS-AGRP-02,UC-AGRP,Cloud Application Lifecycle Management,Business application - Criteria,"Validate Criteria-Based Application Grouping — Applications auto-grouped based on defined criteria (tags, namespaces, naming conventions, CODEOWNERS)",Cloud,MOAT,Table Stakes,P1,,Posture policy assertion (no detection content),,POV-SC-134,Deploy test fixture representing Business application - Criteria,TBD,"Applications auto-grouped based on defined criteria (tags, namespaces, naming conventions, CODEOWNERS)",MTTD,Qualitative pass,Cortex Cloud Posture Dashboard + REST API,Cortex Cloud,Application Security · Cloud Posture Security,"N/A — assertion, not detection",NO MEASURABLE THRESHOLD
POS,TC-AGRP-03,UCS-AGRP-03,UC-AGRP,Cloud Application Lifecycle Management,Code-2-Cloud mapping,Demonstrate Code-to-Cloud Application Mapping — Code repository → container image → runtime deployment mapping automated,Cloud,MOAT,Cloud-Native,P1,,Posture policy assertion (no detection content),,POV-SC-009,"Commit intentionally vulnerable code (SQLi, OSS with CVE) → build image → deploy to test namespace",TBD,Code repository → container image → runtime deployment mapping automated,Automation Rate,Qualitative pass,Cortex Cloud Posture Dashboard + REST API,Cortex Cloud,Application Security · Cloud Posture Security,"N/A — assertion, not detection",NO MEASURABLE THRESHOLD
PLT,TC-ASPMC-01,UCS-ASPMC-01,UC-ASPMC,ASPM Command Center,Coverage,Validate AppSec Coverage Analysis — ASPM Command Center shows scanning coverage across all onboarded applications,Cloud,MOAT,Table Stakes,P1,,Platform-state assertion (no detection content),,POV-SC-009,"Commit intentionally vulnerable code (SQLi, OSS with CVE) → build image → deploy to test namespace",TBD,ASPM Command Center shows scanning coverage across all onboarded applications,Coverage %,Qualitative pass,ASPM Command Center (/api/v1/asoc/findings),Cortex Cloud,Cloud Posture Security,"N/A — assertion, not detection",NO MEASURABLE THRESHOLD
POS,TC-PGE-01,UCS-PGE-01,UC-PGE,Platform Operations & Governance,Platform Integration & Extensibility,"Demonstrate Platform Integration & API Extensibility — Cortex Cloud REST APIs support automation of common operations (onboarding, policy management, finding export)",Cloud,LEAD,Table Stakes,P2,,Posture policy assertion (no detection content),,POV-SC-135,Deploy test fixture representing Platform Integration & Extensibility,TBD,"Cortex Cloud REST APIs support automation of common operations (onboarding, policy management, finding export)",Automation Rate,Qualitative pass,Cortex Cloud Posture Dashboard + REST API,Cortex XSIAM · Cortex Cloud,Data Retention · Extended Compute Units,"N/A — assertion, not detection",NO MEASURABLE THRESHOLD
PLT,TC-PGE-02,UCS-PGE-02,UC-PGE,Platform Operations & Governance,Data Access Management,Validate Data Access Control (RBAC) — admin roles manage full platform configuration,Cloud,LEAD,Table Stakes,P2,,Platform-state assertion (no detection content),,POV-SC-010,"Upload representative sensitive data (PII, PCI, PHI) to S3/GCS/Azure Blob with mixed access controls",TBD,"RBAC restricts data access by cloud account, resource group, or business unit",MTTD,Qualitative pass,Cortex Cloud Posture Dashboard + REST API,Cortex XSIAM · Cortex Cloud,Data Retention · Extended Compute Units,"N/A — assertion, not detection",NO MEASURABLE THRESHOLD
POS,TC-PGE-03,UCS-PGE-03,UC-PGE,Platform Operations & Governance,User/Group Management and SSO,"Validate User & Group Management with SSO — SSO integration (SAML 2.0, OIDC) with corporate IdP (Okta, Azure AD, Google Workspace)",Cloud,LEAD,Table Stakes,P2,,Posture policy assertion (no detection content),,POV-SC-136,Deploy test fixture representing User/Group Management and SSO,TBD,"SSO integration (SAML 2.0, OIDC) with corporate IdP (Okta, Azure AD, Google Workspace)",Automation Rate,Qualitative pass,Cortex Cloud Posture Dashboard + REST API,Cortex XSIAM · Cortex Cloud,Data Retention · Extended Compute Units,"N/A — assertion, not detection",NO MEASURABLE THRESHOLD
POS,TC-PGE-04,UCS-PGE-04,UC-PGE,Platform Operations & Governance,Security Settings,"Validate Platform Security Settings — Security settings (session timeout, MFA enforcement, API token rotation, IP allowlisting) configurable and enforced",Cloud,LEAD,Table Stakes,P2,,Posture policy assertion (no detection content),,POV-SC-137,Deploy test fixture representing Security Settings,TBD,"Security settings (session timeout, MFA enforcement, API token rotation, IP allowlisting) configurable and enforced",Compliance Score,Qualitative pass,Cortex Cloud Posture Dashboard + REST API,Cortex XSIAM · Cortex Cloud,Data Retention · Extended Compute Units,"N/A — assertion, not detection",NO MEASURABLE THRESHOLD
POS,TC-PGE-05,UCS-PGE-05,UC-PGE,Platform Operations & Governance,Platform RestAPIs,"Validate REST API Functionality — Full CRUD operations available via REST API for assets, findings, policies, and compliance",Cloud,LEAD,Table Stakes,P2,,Posture policy assertion (no detection content),,POV-SC-138,Deploy test fixture representing Platform RestAPIs,TBD,"Full CRUD operations available via REST API for assets, findings, policies, and compliance",Compliance Score,Qualitative pass,Cortex Cloud Posture Dashboard + REST API,Cortex XSIAM · Cortex Cloud,Data Retention · Extended Compute Units,"N/A — assertion, not detection",NO MEASURABLE THRESHOLD
POS,TC-PGE-06,UCS-PGE-06,UC-PGE,Platform Operations & Governance,Agentic Assistant,"Validate AI Agentic Assistant — Cortex Cloud Copilot assists with natural language queries, remediation guidance, and investigation workflow",Cloud,LEAD,AI-Native,P2,,Posture policy assertion (no detection content),,POV-SC-004,Deploy SageMaker endpoint + Bedrock invocation + Lambda→OpenAI + shadow GPU VM with custom LLM,TBD,"Cortex Cloud Copilot assists with natural language queries, remediation guidance, and investigation workflow",Detection Accuracy,Qualitative pass,Cortex Cloud Posture Dashboard + REST API,Cortex XSIAM · Cortex Cloud,Data Retention · Extended Compute Units,"N/A — assertion, not detection",GENERIC SCENARIO (shared by 12 TCs) — needs purpose-built payload · NO MEASURABLE THRESHOLD
POS,TC-PGE-07,UCS-PGE-07,UC-PGE,Platform Operations & Governance,MCP Server,Demonstrate MCP Server Integration — Model Context Protocol (MCP) server enables AI-powered automation workflows,Cloud,LEAD,Table Stakes,P2,,Posture policy assertion (no detection content),,POV-SC-139,Deploy test fixture representing MCP Server,TBD,Model Context Protocol (MCP) server enables AI-powered automation workflows,Automation Rate,Qualitative pass,Cortex Cloud Posture Dashboard + REST API,Cortex XSIAM · Cortex Cloud,Data Retention · Extended Compute Units,"N/A — assertion, not detection",NO MEASURABLE THRESHOLD
POS,TC-CC2-01,UCS-CC2-01,UC-CC2,Cortex Cloud 2.0 Enhancements,Cloud Command Center Operations,"Validate reimagined Cloud Command Center provides unified visibility across multi-cloud assets, critical risks, and active threats in single pane of glass",Cloud,PARITY,Table Stakes,P3,,Posture policy assertion (no detection content),,POV-SC-003,"Provision 50+ net-new assets via Terraform across AWS/Azure/GCP (compute, storage, network, IAM)",TBD,100% asset discovery across all 3 clouds within 4 hours,Asset Discovery Coverage,100%,Cortex Cloud Inventory (/api/v1/inventory),Cortex Cloud,Cloud Posture Security · Cloud Runtime Security,"N/A — assertion, not detection",GENERIC SCENARIO (shared by 12 TCs) — needs purpose-built payload
PLT,TC-CC2-02,UCS-CC2-01,UC-CC2,Cortex Cloud 2.0 Enhancements,Cloud Command Center Operations,Demonstrate Cloud Command Center executive dashboard provides real-time security posture scoring with trend analysis and benchmark comparison,Cloud,PARITY,Table Stakes,P3,,Platform-state assertion (no detection content),,POV-SC-140,Deploy test fixture representing Cloud Command Center Operations,TBD,Posture score calculated across 100+ control dimensions with 30-day trend,Control dimension coverage,Qualitative pass,Cortex Cloud Posture Dashboard + REST API,Cortex Cloud,Cloud Posture Security · Cloud Runtime Security,"N/A — assertion, not detection",NO MEASURABLE THRESHOLD
POS,TC-CC2-03,UCS-CC2-02,UC-CC2,Cortex Cloud 2.0 Enhancements,Autonomous Cloud Threat Response,Validate AI agent workforce autonomously investigates and resolves cloud security issues within minutes using trained models from 1.2B real-world responses,Cloud,PARITY,Table Stakes,P3,,Posture policy assertion (no detection content),,POV-SC-010,"Upload representative sensitive data (PII, PCI, PHI) to S3/GCS/Azure Blob with mixed access controls",TBD,80%+ of standard cloud incidents auto-resolved within 15 minutes,Completeness %,80%,Cortex Cloud Posture Dashboard + REST API,Cortex Cloud,Cloud Posture Security · Cloud Runtime Security,"N/A — assertion, not detection",—
POS,TC-CC2-04,UCS-CC2-02,UC-CC2,Cortex Cloud 2.0 Enhancements,Autonomous Cloud Threat Response,"Demonstrate AI agents coordinate cloud-specific response across CSPM, CDR, and CWPP for multi-stage cloud attacks",Cloud,PARITY,Table Stakes,P3,,Posture policy assertion (no detection content),,POV-SC-004,Deploy SageMaker endpoint + Bedrock invocation + Lambda→OpenAI + shadow GPU VM with custom LLM,TBD,"All attack stages detected and contained within 10 minutes with coordinated response across posture, detection, and workload protection",Outcome Achieved,within 10 min,Cortex Cloud Posture Dashboard + REST API,Cortex Cloud,Cloud Posture Security · Cloud Runtime Security,"N/A — assertion, not detection",GENERIC SCENARIO (shared by 12 TCs) — needs purpose-built payload · EXPECTED SIGNAL == SUCCESS CRITERIA (untested distinction)
DET,TC-CC2-05,UCS-CC2-03,UC-CC2,Cortex Cloud 2.0 Enhancements,CDR Agent Deployment & Validation,Validate performance-optimized CDR agent deploys with one click and provides immediate cloud threat detection without manual configuration,Cloud,PARITY,Table Stakes,P3,DET-CC2-01,Cloud Runtime Policy (CDR),cloud_audit_logs · container_events,POV-SC-002,"Execute container/K8s attack (shell spawn, crypto-miner, reverse shell) via attack simulation (e.g., Stratus)",TBD,Agent operational and detecting threats within 30 minutes of one-click deployment,Deployment time,<2%,Cortex Cloud Runtime Alerts + /api/v1/alerts,Cortex Cloud,Cloud Posture Security · Cloud Runtime Security,TO AUTHOR,GENERIC SCENARIO (shared by 14 TCs) — needs purpose-built payload · NO MITRE MAPPING
DET,TC-CC2-06,UCS-CC2-03,UC-CC2,Cortex Cloud 2.0 Enhancements,CDR Agent Deployment & Validation,Demonstrate CDR agent performance optimization reduces telemetry noise while maintaining detection fidelity for cloud-native threats,Cloud,PARITY,Table Stakes,P3,DET-CC2-02,Cloud Runtime Policy (CDR),cloud_audit_logs · container_events,POV-SC-002,"Execute container/K8s attack (shell spawn, crypto-miner, reverse shell) via attack simulation (e.g., Stratus)",TBD,30%+ telemetry volume reduction with zero detection fidelity loss,Telemetry reduction %,30%,Cortex Cloud Runtime Alerts + /api/v1/alerts,Cortex Cloud,Cloud Posture Security · Cloud Runtime Security,TO AUTHOR,GENERIC SCENARIO (shared by 14 TCs) — needs purpose-built payload · NO MITRE MAPPING
