tc_sheet,tc_id,uc_id,ucs_id,use_case,scenario,test_case_title,test_case_description,validation_methodology,success_criteria,primary_kpi,threshold,measurement_method,detection_source,simulation_input,expected_signal,tool_script_ref,pre_req_setup,moat_classification,differentiation_tier,products,product_addon,execution_complexity,est_pov_duration,status
SecOps,TC-IR-01,UC-IR,UCS-IR-01,Incident Response,Analyst Fatigue / Alert Overload,Validate auto-triage reduces manual alert review by >60% using smart scoring and grouping,"Runs a mixed benign/malicious alert corpus through auto-triage and measures what share closes without a human touch, confirming SmartScore ranks true positives above noise and that analyst overrides feed back into the scoring model rather than being discarded.",AI Triage Accuracy,Auto-triage correctly classifies >60% of test alert volume; SmartScore ranks known-malicious incidents higher than benign; analyst override feedback loop functions correctly,Triage Automation Rate,>60%,Inspect XSIAM UI / query XQL dataset for ai triage accuracy; compare to expected baseline,XSIAM Incidents (XQL: dataset=incidents),"Inject synthetic alert volume (500–1,000 alerts mixing Atomic Red Team T1059 / T1021 with benign noise)",Auto-triage correctly classifies >60% of test alert volume,pov-scripts/secops/ir/tc-ir-01.md,"TBD — confirm tenant state, agent version, Broker VM config",AI-Native,MOAT,"XSIAM, XDR",,Medium,1–4hr,Active
SecOps,TC-IR-02,UC-IR,UCS-IR-01,Incident Response,Analyst Fatigue / Alert Overload,Demonstrate issue grouping consolidates related alerts into unified incidents,"Fires a multi-stage attack that produces independent alerts from several sensors, then measures the collapse ratio into unified incidents — the point being that grouping preserves the causal chain rather than merely deduplicating on a shared indicator.",Alert Consolidation Accuracy,Related alerts from multiple sources group into unified incidents; grouping reduces apparent alert count by >80%; grouped incidents contain complete causal context,Detection Accuracy,>80%,Inspect XSIAM UI / query XQL dataset for alert consolidation accuracy; compare to expected baseline,XSIAM UI + XQL,"Inject synthetic alert volume (500–1,000 alerts mixing Atomic Red Team T1059 / T1021 with benign noise)",Related alerts from multiple sources group into unified incidents,pov-scripts/secops/ir/tc-ir-02.md,"TBD — confirm tenant state, agent version, Broker VM config",AI-Native,MOAT,"XSIAM, XDR",,Medium,1–4hr,Active
SecOps,TC-IR-03,UC-IR,UCS-IR-01,Incident Response,Analyst Fatigue / Alert Overload,Validate case scoring prioritization against simulated alert volume (1000+ alerts/day),"Drives a synthetic 1,000-alert/day load and inspects the resulting priority queue for stability across repeated runs, testing whether the score is a reproducible, explainable ranking an analyst can defend rather than an opaque number that reshuffles on every refresh.",Prioritization Accuracy,SmartScore correctly ranks critical threats above low-risk noise; priority ordering consistent across repeated test runs; scoring transparent and explainable to analyst,Detection Accuracy,Qualitative pass,Inspect XSIAM UI / query XQL dataset for prioritization accuracy; compare to expected baseline,XSIAM UI + XQL,Execute scenario-specific simulation for Analyst Fatigue / Alert Overload,SmartScore correctly ranks critical threats above low-risk noise,pov-scripts/secops/ir/tc-ir-03.md,"TBD — confirm tenant state, agent version, Broker VM config",AI-Native,MOAT,"XSIAM, XDR",,Medium,1–4hr,Active
SecOps,TC-IR-04,UC-IR,UCS-IR-02,Incident Response,Detection Delays / Missed Threats,Validate analytics detection rules trigger on simulated lateral movement patterns,"Simulates east-west movement — remote service creation, SMB/WMI execution, credential reuse — and records where in the kill chain the first analytics detection lands, verifying authentication and network telemetry are joined so benign admin activity is suppressed before the alert reaches the queue.",Detection Timing,Lateral movement patterns detected early in attack chain; authentication + network correlation reduces false positives; automated containment recommendations generated,Cross-Source Correlation Rate,Qualitative pass,Inspect XSIAM UI / query XQL dataset for detection timing; compare to expected baseline,XSIAM UI + XQL,Execute scenario-specific simulation for Detection Delays / Missed Threats,Lateral movement patterns detected early in attack chain,pov-scripts/secops/ir/tc-ir-04.md,"TBD — confirm tenant state, agent version, Broker VM config",Table Stakes,PARITY,"XSIAM, XDR",,Medium,1–4hr,Active
SecOps,TC-IR-05,UC-IR,UCS-IR-02,Incident Response,Detection Delays / Missed Threats,Demonstrate correlation-based detections across endpoint + network + identity telemetry,"Constructs a threat whose telemetry fragments are individually unremarkable — a normal process, a normal session, a normal login — and confirms a single alert still fires from their joint pattern, evidence that correlation happens in the data layer rather than by stacking siloed product alerts.",Cross-Domain Detection,Correlation-based detections across endpoint + network produce unified alerts; cross-source detections catch threats invisible to individual data sources; alert context includes all contributing telemetry,Cross-Source Correlation Rate,Qualitative pass,Inspect XSIAM UI / query XQL dataset for cross-domain detection; compare to expected baseline,XSIAM UI + XQL,Execute multi-stage attack chain (T1566 email → T1059 endpoint → T1021 lateral → T1078 cloud identity),Correlation-based detections across endpoint + network produce unified alerts,pov-scripts/secops/ir/tc-ir-05.md,"TBD — confirm tenant state, agent version, Broker VM config",Platform,MOAT,"XSIAM, XDR",,High,1 day,Active
SecOps,TC-IR-06,UC-IR,UCS-IR-03,Incident Response,Slow Time to Resolution,Validate malware auto-containment isolates compromised endpoint within SLA threshold,"Detonates known malware families and clocks the interval from execution attempt to endpoint isolation against the SLA, checking that prevention fires pre-execution where possible and that containment does not overreach into quarantining legitimate binaries.",Detection Accuracy,Known malware families detected across all test methods; detection occurs pre-execution preventing compromise; false positive rate within threshold per detection method,False Positive Rate,Qualitative pass,Inspect XSIAM UI / query XQL dataset for detection accuracy; compare to expected baseline,XSIAM UI + XQL,Execute scenario-specific simulation for Slow Time to Resolution,Known malware families detected across all test methods,pov-scripts/secops/ir/tc-ir-06.md,"TBD — confirm tenant state, agent version, Broker VM config",Table Stakes,PARITY,"XSIAM, XDR",,Medium,1–4hr,Active
SecOps,TC-IR-07,UC-IR,UCS-IR-03,Incident Response,Slow Time to Resolution,Demonstrate automated eradication and recovery playbook execution end-to-end,"Executes eradication and recovery playbooks against the customer's top five incident types, measuring how much of each run completes hands-off and reducing analyst involvement to explicit decision gates, with per-incident-type time savings captured for the business case.",Automation Accuracy,Playbooks automate top 5 incident types correctly; analyst involvement limited to decision points; measured time savings documented per incident type,Automation Rate,Qualitative pass,Inspect XSIAM UI / query XQL dataset for automation accuracy; compare to expected baseline,XSIAM UI + XQL,Trigger incident matching automated playbook conditions; measure playbook completion,Playbooks automate top 5 incident types correctly,pov-scripts/secops/ir/tc-ir-07.md,"TBD — confirm tenant state, agent version, Broker VM config",Table Stakes,PARITY,"XSIAM, XDR",,Medium,1–4hr,Active
SecOps,TC-IR-08,UC-IR,UCS-IR-04,Incident Response,Disconnected Data Sources / Visibility Gaps,Validate ingestion and normalization of 3+ heterogeneous data sources via Broker VM,"Onboards three structurally dissimilar log sources through the Broker VM and confirms each maps cleanly into the common data model — same field semantics, no lossy truncation — so one XQL query spans all three without source-specific rewrites.",Data Normalization Accuracy,Heterogeneous data sources ingest and normalize into unified data model; normalized data queryable via XQL; data fidelity maintained through normalization,Detection Accuracy,Qualitative pass,Inspect XSIAM UI / query XQL dataset for data normalization accuracy; compare to expected baseline,XSIAM UI + XQL,Execute scenario-specific simulation for Disconnected Data Sources / Visibility Gaps,Heterogeneous data sources ingest and normalize into unified data model,pov-scripts/secops/ir/tc-ir-08.md,"TBD — confirm tenant state, agent version, Broker VM config",Platform,MOAT,"XSIAM, XDR",,Medium,1–4hr,Active
SecOps,TC-IR-13,UC-IR,UCS-IR-04,Incident Response,Disconnected Data Sources / Visibility Gaps,Demonstrate issue grouping stitches alerts across disparate sources into single incident,"Generates concurrent alerts in endpoint, network, and third-party tooling from a single intrusion and confirms they land as one incident rather than three queues, demonstrating stitching keyed on shared entities and causality rather than on vendor-native alert IDs.",Alert Consolidation Accuracy,Related alerts from multiple sources group into unified incidents; grouping reduces apparent alert count by >80%; grouped incidents contain complete causal context,Detection Accuracy,>80%,Inspect XSIAM UI / query XQL dataset for alert consolidation accuracy; compare to expected baseline,XSIAM UI + XQL,"Inject synthetic alert volume (500–1,000 alerts mixing Atomic Red Team T1059 / T1021 with benign noise)",Related alerts from multiple sources group into unified incidents,pov-scripts/secops/ir/tc-ir-13.md,"TBD — confirm tenant state, agent version, Broker VM config",AI-Native,MOAT,"XSIAM, XDR",,Medium,1–4hr,Active
SecOps,TC-IR-09,UC-IR,UCS-IR-05,Incident Response,Poor Prioritization / Risk Misalignment,Validate asset risk scoring adjusts incident priority based on asset criticality,"Runs the identical detection against a low-value test host and a business-critical asset, confirming incident priority diverges according to asset criticality and that the resulting score is explainable enough to map onto the customer's own risk register.",Scoring Consistency,Risk scores consistent and explainable across entity types; scoring methodology aligns with organizational risk framework; automated prioritization functions correctly,Automation Rate,Qualitative pass,Inspect XSIAM UI / query XQL dataset for scoring consistency; compare to expected baseline,XSIAM UI + XQL,Execute scenario-specific simulation for Poor Prioritization / Risk Misalignment,Risk scores consistent and explainable across entity types,pov-scripts/secops/ir/tc-ir-09.md,"TBD — confirm tenant state, agent version, Broker VM config",Table Stakes,PARITY,"XSIAM, XDR",,Medium,1–4hr,Active
SecOps,TC-IR-10,UC-IR,UCS-IR-05,Incident Response,Poor Prioritization / Risk Misalignment,Demonstrate case starring and auto-prioritization workflow for VIP assets,"Tags a set of VIP and executive assets and validates that incidents touching them surface at the top of the analyst queue automatically, compressing time-to-acknowledge for the accounts where dwell time carries the most business consequence.",Prioritization Workflow,Case starring and auto-prioritization function correctly; priority queue reflects risk-based ordering; analyst workflow accelerated through prioritized queue,MTTD,Qualitative pass,Inspect XSIAM UI / query XQL dataset for prioritization workflow; compare to expected baseline,XSIAM UI + XQL,Execute scenario-specific simulation for Poor Prioritization / Risk Misalignment,Case starring and auto-prioritization function correctly,pov-scripts/secops/ir/tc-ir-10.md,"TBD — confirm tenant state, agent version, Broker VM config",Table Stakes,PARITY,"XSIAM, XDR",,Medium,1–4hr,Active
SecOps,TC-IR-11,UC-IR,UCS-IR-06,Incident Response,Repetitive Manual Workflows,Validate auto-enrichment populates incident context without analyst action,"Measures what proportion of incidents reach the analyst already carrying threat-intel verdicts, reputation scores, and asset ownership, and how long that enrichment takes — the test is whether the first analyst touch is a decision rather than a lookup.",Enrichment Coverage & Speed,"Automated enrichment adds TI, reputation, and asset context pre-analyst review; enrichment completes within defined time SLA; enrichment sources produce accurate, current data",Coverage %,Qualitative pass,Inspect XSIAM UI / query XQL dataset for enrichment coverage & speed; compare to expected baseline,XSIAM UI + XQL,Execute scenario-specific simulation for Repetitive Manual Workflows,"Automated enrichment adds TI, reputation, and asset context pre-analyst review",pov-scripts/secops/ir/tc-ir-11.md,"TBD — confirm tenant state, agent version, Broker VM config",Table Stakes,PARITY,"XSIAM, XDR",,Medium,1–4hr,Active
SecOps,TC-IR-12,UC-IR,UCS-IR-06,Incident Response,Repetitive Manual Workflows,Demonstrate incident synthesis generates executive summary from correlated alert data,"Takes a fully correlated incident and has the platform generate its narrative summary, grading the output against the underlying evidence for factual accuracy and completeness so a shift lead or executive can act on it without reopening the investigation.",AI Summary Accuracy,Incident synthesis generates accurate executive summary; key findings correctly captured; summary supports rapid decision-making without full investigation review,Detection Accuracy,Qualitative pass,Inspect XSIAM UI / query XQL dataset for ai summary accuracy; compare to expected baseline,XSIAM UI + XQL,Execute scenario-specific simulation for Repetitive Manual Workflows,Incident synthesis generates accurate executive summary,pov-scripts/secops/ir/tc-ir-12.md,"TBD — confirm tenant state, agent version, Broker VM config",Table Stakes,PARITY,"XSIAM, XDR",,Medium,1–4hr,Active
SecOps,TC-TH-01,UC-TH,UCS-TH-01,Threat Hunting,Manual / Ad-hoc Hunting Processes,Validate XQL query execution for hypothesis-driven hunting across full data lake,"Runs hypothesis-driven hunts as XQL against the full retained data lake rather than a hot-tier subset, timing common query patterns and confirming a hit pivots straight into causality context without exporting results to a separate analytics tool.",Query Performance & Accuracy,XQL queries return accurate results across full data lake; search performance meets SLA for common query patterns; query results support pivot-based investigation workflow,Detection Accuracy,Qualitative pass,Inspect XSIAM UI / query XQL dataset for query performance & accuracy; compare to expected baseline,XQL query engine (/public_api/v1/xql/start_xql_query),"Pre-seeded hunt dataset with 20–30 known IOCs across credential access, persistence, exfiltration",XQL queries return accurate results across full data lake,pov-scripts/secops/th/tc-th-01.md,"TBD — confirm tenant state, agent version, Broker VM config",Platform,MOAT,"XSIAM, XDR",,Medium,1–4hr,Active
SecOps,TC-TH-02,UC-TH,UCS-TH-01,Threat Hunting,Manual / Ad-hoc Hunting Processes,Demonstrate automated hunting via scheduled correlation searches with IOC feeds,"Schedules recurring hunt queries and pushes a fresh IOC feed, confirming the platform retroactively sweeps historical data for the new indicators and alerts on hits — turning a hunt into a standing control rather than a one-off analyst exercise.",Automation Reliability,Scheduled queries execute on defined cadence; IOC feed retroactive scanning functions correctly; automated alerting triggers when hunts produce matches,Automation Rate,Qualitative pass,Inspect XSIAM UI / query XQL dataset for automation reliability; compare to expected baseline,XSIAM UI + XQL,Trigger incident matching automated playbook conditions; measure playbook completion,Scheduled queries execute on defined cadence,pov-scripts/secops/th/tc-th-02.md,"TBD — confirm tenant state, agent version, Broker VM config",Table Stakes,PARITY,"XSIAM, XDR",,Medium,1–4hr,Active
SecOps,TC-TH-03,UC-TH,UCS-TH-02,Threat Hunting,Disconnected Non-Security Data,"Validate XDR dataset ingestion of non-security sources (HR, asset mgmt, cloud logs)","Ingests business context that is not security telemetry — HR status, CMDB ownership, cloud logs — and hunts on the join, proving detections such as privileged activity from a terminated employee only become expressible once non-security data lands in the same schema.",Data Integration,Non-security data sources ingest successfully; correlation between security and business data produces meaningful results; expanded context enables new detection patterns,Cross-Source Correlation Rate,Qualitative pass,Inspect XSIAM UI / query XQL dataset for data integration; compare to expected baseline,XSIAM UI + XQL,Execute scenario-specific simulation for Disconnected Non-Security Data,Non-security data sources ingest successfully,pov-scripts/secops/th/tc-th-03.md,"TBD — confirm tenant state, agent version, Broker VM config",Table Stakes,PARITY,"XSIAM, XDR",,High,1 day,Active
SecOps,TC-TH-04,UC-TH,UCS-TH-02,Threat Hunting,Disconnected Non-Security Data,Demonstrate Security-First Marketplace dataset onboarding for expanded telemetry,"Onboards a dataset through a Marketplace content pack and compares landed records against the source system for field completeness and fidelity, establishing that new telemetry becomes huntable through prebuilt content instead of a bespoke parser project.",Marketplace Integration,Marketplace dataset onboarding completes successfully; onboarded data available for hunting queries; data quality matches source fidelity,Completeness %,Qualitative pass,Inspect XSIAM UI / query XQL dataset for marketplace integration; compare to expected baseline,XSIAM UI + XQL,Execute scenario-specific simulation for Disconnected Non-Security Data,Marketplace dataset onboarding completes successfully,pov-scripts/secops/th/tc-th-04.md,"TBD — confirm tenant state, agent version, Broker VM config",Table Stakes,PARITY,"XSIAM, XDR",,High,1 day,Active
SecOps,TC-TH-05,UC-TH,UCS-TH-03,Threat Hunting,High False Positive Rate in Hunting,Validate analytics engine and smart scoring reduce false positives in hunt results by >50%,"Baselines hunt output with and without behavioral profiling enabled and measures the drop in low-value hits, testing whether the analytics layer suppresses noise by learning what is normal for this specific environment rather than by tightening static thresholds.",Noise Reduction Effectiveness,EAL behavioral profiling measurably reduces false positives; remaining detections are high-confidence and actionable; detection fidelity validated against known network attack patterns,MTTD,Qualitative pass,Inspect XSIAM UI / query XQL dataset for noise reduction effectiveness; compare to expected baseline,XSIAM UI + XQL,Execute scenario-specific simulation for High False Positive Rate in Hunting,EAL behavioral profiling measurably reduces false positives,pov-scripts/secops/th/tc-th-05.md,"TBD — confirm tenant state, agent version, Broker VM config",AI-Native,PARITY,"XSIAM, XDR",,Medium,1–4hr,Active
SecOps,TC-TH-06,UC-TH,UCS-TH-04,Threat Hunting,Reactive Hunting / Lack of Threat Intel Integration,Validate TI management with scheduled IOC searches and Unit 42 feed integration,"Wires the first-party intelligence feed into scheduled indicator searches and validates the full IOC lifecycle — ingestion, matching, aging out — so hunts execute against current intelligence rather than an indicator list that quietly went stale months ago.",TI Management Workflow,Scheduled IOC searches execute on defined cadence; Unit 42 intelligence integration provides current enrichment; stale IOC management functions correctly,MTTD,Qualitative pass,Inspect XSIAM UI / query XQL dataset for ti management workflow; compare to expected baseline,XSIAM UI + XQL,Execute scenario-specific simulation for Reactive Hunting / Lack of Threat Intel Integration,Scheduled IOC searches execute on defined cadence,pov-scripts/secops/th/tc-th-06.md,"TBD — confirm tenant state, agent version, Broker VM config",Table Stakes,PARITY,"XSIAM, XDR",,Medium,1–4hr,Active
SecOps,TC-TH-07,UC-TH,UCS-TH-05,Threat Hunting,Lack of Integrated Forensics Tooling,Demonstrate forensics investigation and collection within hunting workflow,"Collects forensic artifacts from a suspect host inside the hunt itself, with no separate DFIR tool or desk-side visit, and verifies the evidence carries the integrity metadata required for chain of custody when the hunt escalates into a case.",Forensic Collection Completeness,Forensic investigation and evidence collection complete within hunting workflow; collected artifacts support chain-of-custody requirements; findings escalate to investigation when confirmed,Completeness %,Qualitative pass,Inspect XSIAM UI / query XQL dataset for forensic collection completeness; compare to expected baseline,XSIAM UI + XQL,Execute scenario-specific simulation for Lack of Integrated Forensics Tooling,Forensic investigation and evidence collection complete within hunting workflow,pov-scripts/secops/th/tc-th-07.md,"TBD — confirm tenant state, agent version, Broker VM config",Table Stakes,PARITY,"XSIAM, XDR",,Medium,1–4hr,Active
SecOps,TC-EDR-01,UC-EDR,UCS-EDR-01,Endpoint Detection & Response,Siloed EDR Policy Management,Validate unified endpoint policy creation across protection profiles (granular process-level),"Builds protection profiles down to individual process behaviors and confirms they deploy and enforce across the endpoint estate within the propagation SLA, with exceptions scoped narrowly enough that carving out one application does not silently weaken the surrounding policy.",Policy Enforcement,Protection policies deploy and enforce correctly across target endpoints; policy exceptions function without disabling broader protection; policy change propagation meets time SLA,SLA Compliance,Qualitative pass,Inspect XSIAM UI / query XQL dataset for policy enforcement; compare to expected baseline,XSIAM UI + XQL,Execute scenario-specific simulation for Siloed EDR Policy Management,Protection policies deploy and enforce correctly across target endpoints,pov-scripts/secops/edr/tc-edr-01.md,"TBD — confirm tenant state, agent version, Broker VM config",Table Stakes,PARITY,"XDR, XSIAM",,Medium,1–4hr,Active
SecOps,TC-EDR-02,UC-EDR,UCS-EDR-01,Endpoint Detection & Response,Siloed EDR Policy Management,Demonstrate asset-level policy assignment with granular protection profiles,"Assigns differentiated protection profiles to endpoint groups — servers, developer workstations, kiosks — and verifies each host resolves to the correct effective policy, so one console can hold conflicting hardening requirements without fragmenting into separate tenants.",Policy Enforcement,Protection policies deploy and enforce correctly across target endpoints; policy exceptions function without disabling broader protection; policy change propagation meets time SLA,SLA Compliance,Qualitative pass,Inspect XSIAM UI / query XQL dataset for policy enforcement; compare to expected baseline,XSIAM UI + XQL,Execute scenario-specific simulation for Siloed EDR Policy Management,Protection policies deploy and enforce correctly across target endpoints,pov-scripts/secops/edr/tc-edr-02.md,"TBD — confirm tenant state, agent version, Broker VM config",Table Stakes,PARITY,"XDR, XSIAM",,Medium,1–4hr,Active
SecOps,TC-EDR-03,UC-EDR,UCS-EDR-02,Endpoint Detection & Response,Malware Detection Gaps,"Validate multi-method malware detection (local sandbox, behavioral, static analysis)","Tests each detection engine independently — local static ML, behavioral threat protection, and sandbox verdict — against known malware families to establish which layer catches what, proving genuine defense in depth rather than a single signature path that collapses once evaded.",Detection Accuracy,Known malware families detected across all test methods; detection occurs pre-execution preventing compromise; false positive rate within threshold per detection method,False Positive Rate,Qualitative pass,Inspect XSIAM UI / query XQL dataset for detection accuracy; compare to expected baseline,XSIAM UI + XQL,Execute scenario-specific simulation for Malware Detection Gaps,Known malware families detected across all test methods,pov-scripts/secops/edr/tc-edr-03.md,"TBD — confirm tenant state, agent version, Broker VM config",Table Stakes,PARITY,"XDR, XSIAM",,Medium,1–4hr,Active
SecOps,TC-EDR-04,UC-EDR,UCS-EDR-02,Endpoint Detection & Response,Malware Detection Gaps,Demonstrate auto-containment triggers on confirmed malware execution,"Allows a confirmed malicious binary to execute and measures whether the agent terminates the process and isolates the host autonomously, with no console operator in the loop, while preserving the execution artifacts needed for the subsequent investigation.",Detection Accuracy,Known malware families detected across all test methods; detection occurs pre-execution preventing compromise; false positive rate within threshold per detection method,False Positive Rate,Qualitative pass,Inspect XSIAM UI / query XQL dataset for detection accuracy; compare to expected baseline,XSIAM UI + XQL,Execute scenario-specific simulation for Malware Detection Gaps,Known malware families detected across all test methods,pov-scripts/secops/edr/tc-edr-04.md,"TBD — confirm tenant state, agent version, Broker VM config",Table Stakes,PARITY,"XDR, XSIAM",,Medium,1–4hr,Active
SecOps,TC-EDR-05,UC-EDR,UCS-EDR-03,Endpoint Detection & Response,Lack of Endpoint Alert Context,Validate causality graph provides full process chain and causality owner attribution,"Walks the causality chain back from a detection to its causality group owner, confirming the graph retains process, file, network, and registry artifacts in correct temporal order — the difference between knowing a bad process ran and knowing what let it run.",Timeline Completeness,"Causality chain captures initial access through lateral movement; all artifact types (process, file, network, registry) present; timeline sequencing accurate within test scenario",Causality Chain Completeness,Qualitative pass,Inspect XSIAM UI / query XQL dataset for timeline completeness; compare to expected baseline,XSIAM Causality View (XQL: dataset=xdr_data),Execute scenario-specific simulation for Lack of Endpoint Alert Context,Causality chain captures initial access through lateral movement,pov-scripts/secops/edr/tc-edr-05.md,"TBD — confirm tenant state, agent version, Broker VM config",Platform,PARITY,"XDR, XSIAM",,Medium,1–4hr,Active
SecOps,TC-EDR-06,UC-EDR,UCS-EDR-04,Endpoint Detection & Response,Disparate Agent Upgrade Process,Demonstrate unified agent management with scheduled upgrades from single console,"Schedules agent upgrades across a mixed-OS fleet from one console and confirms endpoints stay protected and productive through the version change, with post-upgrade health telemetry proving no host silently dropped out of coverage.",Agent Lifecycle Management,Unified agent management with scheduled upgrades functions correctly; upgrade deployment non-disruptive to endpoint operations; agent health monitoring validates post-upgrade state,MTTD,Qualitative pass,Inspect XSIAM UI / query XQL dataset for agent lifecycle management; compare to expected baseline,XSIAM UI + XQL,Execute scenario-specific simulation for Disparate Agent Upgrade Process,Unified agent management with scheduled upgrades functions correctly,pov-scripts/secops/edr/tc-edr-06.md,"TBD — confirm tenant state, agent version, Broker VM config",Table Stakes,PARITY,"XDR, XSIAM",,Medium,1–4hr,Active
SecOps,TC-NDR-01,UC-NDR,UCS-NDR-01,Network Detection & Response,Siloed Network and Endpoint Data,Validate causality graph stitching correlates network events with endpoint process telemetry,"Traces a firewall-observed network session back to the exact endpoint process that opened it, closing the attribution gap that otherwise forces analysts to hand-pivot between a network tool and an endpoint tool on a shared five-tuple and timestamp.",Timeline Completeness,"Causality chain captures initial access through lateral movement; all artifact types (process, file, network, registry) present; timeline sequencing accurate within test scenario",Causality Chain Completeness,Qualitative pass,Inspect XSIAM UI / query XQL dataset for timeline completeness; compare to expected baseline,XSIAM Causality View (XQL: dataset=xdr_data) · NGFW log ingestion via Broker VM,"Execute network-based attack (beaconing, DNS tunneling, lateral movement via SMB/RDP)",Causality chain captures initial access through lateral movement,pov-scripts/secops/ndr/tc-ndr-01.md,"TBD — confirm tenant state, agent version, Broker VM config",Platform,MOAT,"XSIAM, NGFW",,Medium,1–4hr,Active
SecOps,TC-NDR-02,UC-NDR,UCS-NDR-01,Network Detection & Response,Siloed Network and Endpoint Data,Demonstrate SOC-specific network story context enriched with endpoint causality,"Presents a network-detected threat to the analyst already carrying its endpoint story — initiating process, user, parent lineage — so the alert arrives as an investigable incident rather than an IP address awaiting a manual host lookup in another console.",Timeline Completeness,"Causality chain captures initial access through lateral movement; all artifact types (process, file, network, registry) present; timeline sequencing accurate within test scenario",Causality Chain Completeness,Qualitative pass,Inspect XSIAM UI / query XQL dataset for timeline completeness; compare to expected baseline,XSIAM Causality View (XQL: dataset=xdr_data) · NGFW log ingestion via Broker VM,"Execute network-based attack (beaconing, DNS tunneling, lateral movement via SMB/RDP)",Causality chain captures initial access through lateral movement,pov-scripts/secops/ndr/tc-ndr-02.md,"TBD — confirm tenant state, agent version, Broker VM config",Ecosystem,MOAT,"XSIAM, NGFW",,Medium,1–4hr,Active
SecOps,TC-NDR-03,UC-NDR,UCS-NDR-02,Network Detection & Response,Network Traffic Noise / Alert Fatigue,Validate network analytics engine filters traffic noise via EAL,"Profiles normal traffic behavior per host and application, then measures how much routine network chatter the analytics layer withholds from the queue while still surfacing known attack patterns — the real test of whether volume reduction costs detection fidelity.",Noise Reduction Effectiveness,EAL behavioral profiling measurably reduces false positives; remaining detections are high-confidence and actionable; detection fidelity validated against known network attack patterns,MTTD,Qualitative pass,Inspect XSIAM UI / query XQL dataset for noise reduction effectiveness; compare to expected baseline,XSIAM UI + XQL · NGFW log ingestion via Broker VM,"Execute network-based attack (beaconing, DNS tunneling, lateral movement via SMB/RDP)",EAL behavioral profiling measurably reduces false positives,pov-scripts/secops/ndr/tc-ndr-03.md,"TBD — confirm tenant state, agent version, Broker VM config",Ecosystem,MOAT,"XSIAM, NGFW",,Medium,1–4hr,Active
SecOps,TC-NDR-04,UC-NDR,UCS-NDR-02,Network Detection & Response,Network Traffic Noise / Alert Fatigue,Demonstrate behavioral analytics thresholds for malicious egress and data exfil detection,"Runs low-and-slow exfiltration and beaconing alongside legitimate bulk uploads and backups, checking that behavioral thresholds separate them on periodicity, volume, and destination rather than firing on any transfer that crosses a static byte count.",Behavioral Threshold Accuracy,Behavioral analytics thresholds correctly differentiate malicious from benign egress patterns; threshold tuning reduces false positives; detection fidelity validated against test traffic,Detection Accuracy,Qualitative pass,Inspect XSIAM UI / query XQL dataset for behavioral threshold accuracy; compare to expected baseline,XSIAM UI + XQL · NGFW log ingestion via Broker VM,"Execute network-based attack (beaconing, DNS tunneling, lateral movement via SMB/RDP)",Behavioral analytics thresholds correctly differentiate malicious from benign egress patterns,pov-scripts/secops/ndr/tc-ndr-04.md,"TBD — confirm tenant state, agent version, Broker VM config",Ecosystem,MOAT,"XSIAM, NGFW",,Medium,1–4hr,Active
SecOps,TC-NDR-05,UC-NDR,UCS-NDR-03,Network Detection & Response,3rd Party Network Sources Disconnected from SOC,Validate Broker VM normalization of 3rd-party network data into unified schema,"Ingests a third-party network sensor's logs through the Broker VM and confirms they normalize into the same schema as native telemetry, meaning the customer's existing network estate becomes correlatable evidence rather than a stranded feed nobody queries.",Data Normalization,Broker VM normalization of 3rd-party network data produces unified data model; normalized data correlates with native telemetry; query performance unaffected by normalization,Cross-Source Correlation Rate,Qualitative pass,Inspect XSIAM UI / query XQL dataset for data normalization; compare to expected baseline,XSIAM UI + XQL · NGFW log ingestion via Broker VM,"Execute network-based attack (beaconing, DNS tunneling, lateral movement via SMB/RDP)",Broker VM normalization of 3rd-party network data produces unified data model,pov-scripts/secops/ndr/tc-ndr-05.md,"TBD — confirm tenant state, agent version, Broker VM config",Ecosystem,MOAT,"XSIAM, NGFW",,Medium,1–4hr,Active
SecOps,TC-NDR-06,UC-NDR,UCS-NDR-04,Network Detection & Response,Complex Network and Endpoint Policy,Demonstrate EDL policy management and enforcement,Publishes indicators discovered in the SOC to firewall External Dynamic Lists and confirms enforcement takes effect at the network edge — closing the loop where a detection on one endpoint becomes a block for the entire estate without a change ticket.,Policy Enforcement,Protection policies deploy and enforce correctly across target endpoints; policy exceptions function without disabling broader protection; policy change propagation meets time SLA,SLA Compliance,Qualitative pass,Inspect XSIAM UI / query XQL dataset for policy enforcement; compare to expected baseline,XSIAM UI + XQL · NGFW log ingestion via Broker VM,"Execute network-based attack (beaconing, DNS tunneling, lateral movement via SMB/RDP)",Protection policies deploy and enforce correctly across target endpoints,pov-scripts/secops/ndr/tc-ndr-06.md,"TBD — confirm tenant state, agent version, Broker VM config",Ecosystem,MOAT,"XSIAM, NGFW",,Medium,1–4hr,Active
SecOps,TC-ITDR-01,UC-ITDR,UCS-ITDR-01,Identity Threat Detection & Response,Stolen Credentials Bypass EDR,Validate identity analytics detect living-off-the-land credential abuse alerts,"Executes credential abuse that carries no malware — pass-the-hash, Kerberoasting, ticket reuse — and confirms detections fire from authentication behavior across both on-prem directory and cloud IdP telemetry, catching the attack class that looks like a legitimate logon to endpoint-only tooling.",Detection Accuracy,"Credential-based attacks (pass-the-hash, Kerberoasting) detected; behavioral analytics identify abnormal authentication patterns; detection works across on-prem AD and cloud IdPs",Detection Accuracy,Qualitative pass,Inspect XSIAM UI / query XQL dataset for detection accuracy; compare to expected baseline,XSIAM UI + XQL,"Simulate credential abuse (token replay, impossible travel, privilege escalation via Atomic T1078.004)","Credential-based attacks (pass-the-hash, Kerberoasting) detected",pov-scripts/secops/itdr/tc-itdr-01.md,"TBD — confirm tenant state, agent version, Broker VM config",Table Stakes,LEAD,"XSIAM, ITDR",,Medium,1–4hr,Active
SecOps,TC-ITDR-02,UC-ITDR,UCS-ITDR-01,Identity Threat Detection & Response,Stolen Credentials Bypass EDR,Demonstrate impossible traveler detection based on login frequency and geo-analysis,"Generates geographically impossible authentication sequences alongside legitimate VPN and travel patterns, testing that the anomaly model separates them and hands the analyst a full authentication timeline instead of a bare geo-velocity flag they must then reconstruct by hand.",Anomaly Detection Accuracy,Geographically impossible logins detected correctly; tuning options minimize false positives from VPN/travel; detection context includes full authentication timeline,Detection Accuracy,Qualitative pass,Inspect XSIAM UI / query XQL dataset for anomaly detection accuracy; compare to expected baseline,XSIAM UI + XQL,"Simulate credential abuse (token replay, impossible travel, privilege escalation via Atomic T1078.004)",Geographically impossible logins detected correctly,pov-scripts/secops/itdr/tc-itdr-02.md,"TBD — confirm tenant state, agent version, Broker VM config",Table Stakes,LEAD,"XSIAM, ITDR",,Medium,1–4hr,Active
SecOps,TC-ITDR-03,UC-ITDR,UCS-ITDR-02,Identity Threat Detection & Response,Multiple Disconnected Identity Solutions,"Validate CIE syncs and correlates AD, Azure AD, and cloud IdPs","Confirms one human holding distinct accounts in on-prem AD, Entra, and a third-party IdP resolves to a single identity with one activity timeline — the prerequisite for catching an attacker who pivots between identity planes to stay under each provider's thresholds.",Identity Correlation,"Identity data ingested from multiple IdPs (AD, Azure AD, Okta); same user correlated across identity providers; unified identity timeline shows cross-provider activity",Cross-Source Correlation Rate,Qualitative pass,Inspect XSIAM UI / query XQL dataset for identity correlation; compare to expected baseline,XSIAM UI + XQL,Execute multi-stage attack chain (T1566 email → T1059 endpoint → T1021 lateral → T1078 cloud identity),"Identity data ingested from multiple IdPs (AD, Azure AD, Okta)",pov-scripts/secops/itdr/tc-itdr-03.md,"TBD — confirm tenant state, agent version, Broker VM config",Table Stakes,LEAD,"XSIAM, ITDR",,High,1 day,Active
SecOps,TC-ITDR-04,UC-ITDR,UCS-ITDR-02,Identity Threat Detection & Response,Multiple Disconnected Identity Solutions,Demonstrate IDP integration with Okta/Entra ID via Marketplace connectors,"Stands up the Okta and Entra ID connectors from the Marketplace and validates sync cadence and field mapping, establishing that broad identity-provider coverage arrives as supported content rather than a custom integration the customer must build and then maintain.",IdP Integration,IDP integration with Okta/Entra ID via Marketplace functions correctly; identity data syncs on defined cadence; cross-IdP correlation produces unified identity view,Cross-Source Correlation Rate,Qualitative pass,Inspect XSIAM UI / query XQL dataset for idp integration; compare to expected baseline,XSIAM UI + XQL,"Simulate credential abuse (token replay, impossible travel, privilege escalation via Atomic T1078.004)",IDP integration with Okta/Entra ID via Marketplace functions correctly,pov-scripts/secops/itdr/tc-itdr-04.md,"TBD — confirm tenant state, agent version, Broker VM config",Table Stakes,LEAD,"XSIAM, ITDR",,High,1 day,Active
SecOps,TC-ITDR-05,UC-ITDR,UCS-ITDR-03,Identity Threat Detection & Response,Lack of Cumulative / Historical Risk Analysis,Validate host/user risk scoring aggregates identity signals over time,"Feeds a sequence of individually sub-threshold identity events — a failed MFA push, an unusual group add, an off-hours logon — across days and confirms the entity risk score accumulates, surfacing slow-burn account compromise that per-event alerting never escalates.",Scoring Consistency,Risk scores consistent and explainable across entity types; scoring methodology aligns with organizational risk framework; automated prioritization functions correctly,Automation Rate,Qualitative pass,Inspect XSIAM UI / query XQL dataset for scoring consistency; compare to expected baseline,XSIAM UI + XQL,"Simulate credential abuse (token replay, impossible travel, privilege escalation via Atomic T1078.004)",Risk scores consistent and explainable across entity types,pov-scripts/secops/itdr/tc-itdr-05.md,"TBD — confirm tenant state, agent version, Broker VM config",Table Stakes,LEAD,"XSIAM, ITDR",,Medium,1–4hr,Active
SecOps,TC-ITDR-06,UC-ITDR,UCS-ITDR-03,Identity Threat Detection & Response,Lack of Cumulative / Historical Risk Analysis,Demonstrate integration of identity sources via CIE and Marketplace for enriched risk context,"Ingests AD, Entra ID, and Okta events through CIE and Marketplace connectors, then confirms a single human resolves to one entity across all three providers — producing a unified cross-provider timeline that single-IdP-native risk engines cannot assemble.",Identity Correlation,"Identity data ingested from multiple IdPs (AD, Azure AD, Okta); same user correlated across identity providers; unified identity timeline shows cross-provider activity",Cross-Source Correlation Rate,Qualitative pass,Inspect XSIAM UI / query XQL dataset for identity correlation; compare to expected baseline,XSIAM UI + XQL,Execute multi-stage attack chain (T1566 email → T1059 endpoint → T1021 lateral → T1078 cloud identity),"Identity data ingested from multiple IdPs (AD, Azure AD, Okta)",pov-scripts/secops/itdr/tc-itdr-06.md,"TBD — confirm tenant state, agent version, Broker VM config",Table Stakes,LEAD,"XSIAM, ITDR",,High,1 day,Active
SecOps,TC-ERV-01,UC-ERV,UCS-ERV-01,Enterprise Risk Visibility,Disconnected Security Platforms,"Validate security stack onboarding via BVM, Marketplace, and native connectors","Onboards the customer's existing stack through Broker VM, Marketplace, and native connectors, then confirms heterogeneous telemetry normalizes into one schema — establishing the coverage baseline that makes enterprise risk measurable across endpoint, network, identity, and cloud rather than tool by tool.",Integration Coverage,Data sources onboarded via BVM/Marketplace/native connectors; data normalization into unified model validated; onboarding process documented and repeatable,Coverage %,Qualitative pass,Inspect XSIAM UI / query XQL dataset for integration coverage; compare to expected baseline,XSIAM UI + XQL · Cortex Cloud Posture Dashboard + REST API,Execute scenario-specific simulation for Disconnected Security Platforms,Data sources onboarded via BVM/Marketplace/native connectors,pov-scripts/secops/erv/tc-erv-01.md,"TBD — confirm tenant state, agent version, Broker VM config",Table Stakes,MOAT,"XSIAM, Cortex Cloud",,High,1 day,Active
SecOps,TC-ERV-02,UC-ERV,UCS-ERV-01,Enterprise Risk Visibility,Disconnected Security Platforms,Demonstrate NGFW/Runtime event stitching into unified incident timeline,"Stitches NGFW session and runtime workload events into the same incident object as endpoint and identity alerts, proving a perimeter-to-endpoint attack chain reconstructs on one timeline instead of forcing analysts to hand-join firewall logs against EDR telemetry.",Integration Completeness,NGFW logs ingested and normalized into XSIAM data model; firewall events correlated with endpoint and identity incidents; perimeter-to-endpoint attack chain visible,Cross-Source Correlation Rate,Qualitative pass,Inspect XSIAM UI / query XQL dataset for integration completeness; compare to expected baseline,XSIAM UI + XQL · Cortex Cloud Posture Dashboard + REST API,Execute scenario-specific simulation for Disconnected Security Platforms,NGFW logs ingested and normalized into XSIAM data model,pov-scripts/secops/erv/tc-erv-02.md,"TBD — confirm tenant state, agent version, Broker VM config",Ecosystem,MOAT,"XSIAM, Cortex Cloud",,High,1 day,Active
SecOps,TC-ERV-03,UC-ERV,UCS-ERV-01,Enterprise Risk Visibility,Disconnected Security Platforms,Validate automation integrations (SOAR playbooks) across onboarded security stack,"Runs playbooks that reach outward into the onboarded third-party tools — issuing writes, not just reads — and measures action success and error handling, establishing that the platform can orchestrate the incumbent stack rather than merely ingest from it.",Cross-Platform Execution,Playbooks execute across multiple integrated security tools; bidirectional actions function correctly; automation reliability and error handling validated,Automation Rate,Qualitative pass,Inspect XSIAM UI / query XQL dataset for cross-platform execution; compare to expected baseline,XSIAM UI + XQL · Cortex Cloud Posture Dashboard + REST API,Execute multi-stage attack chain (T1566 email → T1059 endpoint → T1021 lateral → T1078 cloud identity),Playbooks execute across multiple integrated security tools,pov-scripts/secops/erv/tc-erv-03.md,"TBD — confirm tenant state, agent version, Broker VM config",Table Stakes,MOAT,"XSIAM, Cortex Cloud",,High,1 day,Active
SecOps,TC-ERV-04,UC-ERV,UCS-ERV-02,Enterprise Risk Visibility,Siloed Cloud Visibility,"Validate unified asset onboarding and multi-cloud visibility (AWS, Azure, GCP)","Onboards AWS, Azure, and GCP under a single asset inventory and reconciles discovered assets against each provider's own console, exposing coverage gaps and giving posture state one denominator instead of three provider-specific scores nobody can add together.",Multi-Cloud Visibility,Unified asset onboarding spans multi-cloud environments; visibility dashboard reflects accurate asset and posture state; coverage gaps identified across cloud providers,Coverage %,Qualitative pass,Inspect XSIAM UI / query XQL dataset for multi-cloud visibility; compare to expected baseline,XSIAM UI + XQL · Cortex Cloud Posture Dashboard + REST API,Execute scenario-specific simulation for Siloed Cloud Visibility,Unified asset onboarding spans multi-cloud environments,pov-scripts/secops/erv/tc-erv-04.md,"TBD — confirm tenant state, agent version, Broker VM config",Table Stakes,MOAT,"XSIAM, Cortex Cloud",,High,1 day,Active
SecOps,TC-ERV-05,UC-ERV,UCS-ERV-02,Enterprise Risk Visibility,Siloed Cloud Visibility,Demonstrate Code-to-Cloud-to-SOC traceability for cloud-native workloads,"Traces a cloud-native finding from originating commit through the running workload into the SOC queue, confirming escalation carries build, image, and account context so cloud incidents are worked at endpoint-grade SLAs rather than parked in a separate cloud console.",Handoff Reliability,Critical cloud findings automatically escalate to SOC queue; incident handoff includes full cloud context; response time for cloud incidents matches endpoint SLAs,Automation Rate,Qualitative pass,Inspect XSIAM UI / query XQL dataset for handoff reliability; compare to expected baseline,XSIAM UI + XQL · Cortex Cloud Posture Dashboard + REST API,Execute scenario-specific simulation for Siloed Cloud Visibility,Critical cloud findings automatically escalate to SOC queue,pov-scripts/secops/erv/tc-erv-05.md,"TBD — confirm tenant state, agent version, Broker VM config",Cloud-Native,MOAT,"XSIAM, Cortex Cloud",,Medium,1–4hr,Active
SecOps,TC-ERV-06,UC-ERV,UCS-ERV-03,Enterprise Risk Visibility,Non-Coherent Rolling Risk Attribution,Validate ITDR and Asset Security risk scoring provides cumulative rolling attribution,"Confirms risk scores accumulate over time per entity — user, host, cloud resource — and that contributing signals remain decomposable, so prioritization is defensible to a risk committee rather than an opaque per-asset number that resets on every scan.",Scoring Consistency,Risk scores consistent and explainable across entity types; scoring methodology aligns with organizational risk framework; automated prioritization functions correctly,Automation Rate,Qualitative pass,Inspect XSIAM UI / query XQL dataset for scoring consistency; compare to expected baseline,XSIAM UI + XQL · Cortex Cloud Posture Dashboard + REST API,Execute scenario-specific simulation for Non-Coherent Rolling Risk Attribution,Risk scores consistent and explainable across entity types,pov-scripts/secops/erv/tc-erv-06.md,"TBD — confirm tenant state, agent version, Broker VM config",Table Stakes,MOAT,"XSIAM, Cortex Cloud",,Medium,1–4hr,Active
SecOps,TC-ERV-07,UC-ERV,UCS-ERV-04,Enterprise Risk Visibility,Separate Compliance and Reporting Tools,Validate automated reporting generation against compliance frameworks,"Recomputes MTTD, MTTA, and MTTR from raw incident records and reconciles them against the platform's scheduled compliance reports, proving board-facing metrics derive from live telemetry on a fixed refresh cadence instead of being assembled by hand each quarter.",Metrics Accuracy,MTTD/MTTR/MTTA metrics match underlying incident data; automated reports generate within schedule; dashboard data refreshes within defined cadence,MTTD,Qualitative pass,Inspect XSIAM UI / query XQL dataset for metrics accuracy; compare to expected baseline,XSIAM UI + XQL · Cortex Cloud Posture Dashboard + REST API,Execute scenario-specific simulation for Separate Compliance and Reporting Tools,MTTD/MTTR/MTTA metrics match underlying incident data,pov-scripts/secops/erv/tc-erv-07.md,"TBD — confirm tenant state, agent version, Broker VM config",Table Stakes,MOAT,"XSIAM, Cortex Cloud",,Medium,1–4hr,Active
SecOps,TC-ERV-08,UC-ERV,UCS-ERV-04,Enterprise Risk Visibility,Separate Compliance and Reporting Tools,Demonstrate compliance catalog with custom policy configurability,"Authors a custom control on top of the shipped compliance catalog, deploys it, and measures enforcement plus propagation time to target endpoints — including whether a scoped exception suppresses one check without collapsing the surrounding policy.",Policy Enforcement,Protection policies deploy and enforce correctly across target endpoints; policy exceptions function without disabling broader protection; policy change propagation meets time SLA,SLA Compliance,Qualitative pass,Inspect XSIAM UI / query XQL dataset for policy enforcement; compare to expected baseline,XSIAM UI + XQL · Cortex Cloud Policies + Alerts view,Execute scenario-specific simulation for Separate Compliance and Reporting Tools,Protection policies deploy and enforce correctly across target endpoints,pov-scripts/secops/erv/tc-erv-08.md,"TBD — confirm tenant state, agent version, Broker VM config",Table Stakes,MOAT,"XSIAM, Cortex Cloud",,Medium,1–4hr,Active
SecOps,TC-ASM-01,UC-ASM,UCS-ASM-01,Attack Surface & Exposure Management,ASM / External Scans Disconnected from SOC,Validate XPANSE asset inventory feeds unmanaged asset data into XSIAM incident context,"Confirms internet-facing assets Xpanse discovers but no agent covers appear as first-class context inside incidents, so an alert on a shadow-IT host carries its external exposure profile and lifts priority instead of being triaged as an unknown device.",Data Integration,Xpanse data feeds into XSIAM asset context correctly; unmanaged asset alerts contribute to incident prioritization; external exposure context enriches investigations,MTTD,Qualitative pass,Inspect XSIAM UI / query XQL dataset for data integration; compare to expected baseline,XSIAM UI + XQL · Xpanse Asset Inventory + Issues,"Provision test external asset with known exposure (open port, expired cert, exposed S3)",Xpanse data feeds into XSIAM asset context correctly,pov-scripts/secops/asm/tc-asm-01.md,"TBD — confirm tenant state, agent version, Broker VM config",Ecosystem,MOAT,"Xpanse, XSIAM",,High,1 day,Active
SecOps,TC-ASM-02,UC-ASM,UCS-ASM-01,Attack Surface & Exposure Management,ASM / External Scans Disconnected from SOC,Demonstrate external scan results trigger automated remediation workflows,"Drives an Xpanse exposure finding straight into an automated remediation workflow — owner attribution, action, closure — and clocks it against the critical-finding SLA, replacing the quarterly scan-report-to-spreadsheet handoff between the external scanning team and operations.",Workflow Automation,Exposure findings trigger automated remediation workflows; remediation actions execute correctly; workflow SLAs for critical findings met,Automation Rate,Qualitative pass,Inspect XSIAM UI / query XQL dataset for workflow automation; compare to expected baseline,XSIAM UI + XQL · Xpanse Asset Inventory + Issues,"Provision test external asset with known exposure (open port, expired cert, exposed S3)",Exposure findings trigger automated remediation workflows,pov-scripts/secops/asm/tc-asm-02.md,"TBD — confirm tenant state, agent version, Broker VM config",Ecosystem,MOAT,"Xpanse, XSIAM",,Medium,1–4hr,Active
SecOps,TC-ASM-03,UC-ASM,UCS-ASM-02,Attack Surface & Exposure Management,Retroactive Threat Hunting Tied to Exposure,Validate Unit 42 TI integrated into retroactive search protocols against ASM findings,"Replays Unit 42 intelligence backward across historical telemetry for assets Xpanse flagged as exposed, establishing whether an exposure was already being exploited before discovery rather than only alerting forward from the moment the asset was found.",Intelligence Correlation,Retroactive search of ASM findings against TI functions correctly; TI-enriched exposure prioritization accurate; proactive identification of exploited exposures works,Cross-Source Correlation Rate,Qualitative pass,Inspect XSIAM UI / query XQL dataset for intelligence correlation; compare to expected baseline,XSIAM UI + XQL · Xpanse Asset Inventory + Issues,Execute multi-stage attack chain (T1566 email → T1059 endpoint → T1021 lateral → T1078 cloud identity),Retroactive search of ASM findings against TI functions correctly,pov-scripts/secops/asm/tc-asm-03.md,"TBD — confirm tenant state, agent version, Broker VM config",Ecosystem,MOAT,"Xpanse, XSIAM",,High,1 day,Active
SecOps,TC-ASM-04,UC-ASM,UCS-ASM-02,Attack Surface & Exposure Management,Retroactive Threat Hunting Tied to Exposure,Demonstrate TI management scheduled searches against discovered attack surface,"Schedules recurring intelligence-driven sweeps against the live discovered inventory so newly attributed assets are automatically re-evaluated against fresh indicators, keeping exposure prioritization current as the external footprint shifts rather than frozen at the last hunt.",TI-ASM Correlation,TI scheduled searches against discovered ASM assets function correctly; intelligence-enriched exposure findings prioritized accurately; proactive threat identification from correlated results,Asset Discovery Coverage,Qualitative pass,Inspect XSIAM UI / query XQL dataset for ti-asm correlation; compare to expected baseline,XSIAM UI + XQL · Xpanse Asset Inventory + Issues,Execute multi-stage attack chain (T1566 email → T1059 endpoint → T1021 lateral → T1078 cloud identity),TI scheduled searches against discovered ASM assets function correctly,pov-scripts/secops/asm/tc-asm-04.md,"TBD — confirm tenant state, agent version, Broker VM config",Ecosystem,MOAT,"Xpanse, XSIAM",,High,1 day,Active
SecOps,TC-SIEM-01,UC-SIEM,UCS-SIEM-01,Log Management & Compliance,Log Retention and Search Performance,Validate hot/warm/cold data tiering with search performance SLAs,"Measures query latency against data resident in hot, warm, and cold tiers and confirms lifecycle transitions honor the regulatory retention window — validating that long-retention compliance data stays directly searchable without a separate archive tool or per-GB ingest penalty.",Tiering & Performance,Hot/warm/cold tiering configured and lifecycle managed correctly; search performance meets SLA across all data tiers; retention policies satisfy regulatory requirements,SLA Compliance,Qualitative pass,Inspect XSIAM UI / query XQL dataset for tiering & performance; compare to expected baseline,XSIAM UI + XQL,Execute scenario-specific simulation for Log Retention and Search Performance,Hot/warm/cold tiering configured and lifecycle managed correctly,pov-scripts/secops/siem/tc-siem-01.md,"TBD — confirm tenant state, agent version, Broker VM config",Table Stakes,LEAD,"XSIAM, XDL",,Medium,1–4hr,Active
SecOps,TC-SIEM-02,UC-SIEM,UCS-SIEM-02,Log Management & Compliance,Vulnerability Management Integration,Validate Host Insights module provides vulnerability context enriched into endpoint incidents,"Verifies an endpoint incident renders the host's CVE and patch state inline, letting the analyst judge whether the targeted process was actually exploitable — turning vulnerability data into triage weighting rather than a scanner report reconciled days later.",Enrichment Accuracy,Vulnerability context available during endpoint investigation; CVE and patch status enrichment accurate; risk-informed prioritization using vulnerability data functions correctly,Detection Accuracy,Qualitative pass,Inspect XSIAM UI / query XQL dataset for enrichment accuracy; compare to expected baseline,XSIAM UI + XQL,Execute scenario-specific simulation for Vulnerability Management Integration,Vulnerability context available during endpoint investigation,pov-scripts/secops/siem/tc-siem-02.md,"TBD — confirm tenant state, agent version, Broker VM config",Table Stakes,LEAD,"XSIAM, XDL",,Medium,1–4hr,Active
SecOps,TC-SOAR-01,UC-SOAR,UCS-SOAR-01,SOC Process Automation,Manual Repetitive SOC Workflows,"Validate XSOAR playbook automates enrichment, triage, and notification for top 5 alert types","Front-loads threat intel reputation, asset ownership, and user context onto the five highest-volume alert types before an analyst opens them, measuring enrichment coverage and completion latency so the analyst inherits a decision rather than a lookup queue.",Enrichment Coverage & Speed,"Automated enrichment adds TI, reputation, and asset context pre-analyst review; enrichment completes within defined time SLA; enrichment sources produce accurate, current data",Coverage %,Qualitative pass,Inspect XSIAM UI / query XQL dataset for enrichment coverage & speed; compare to expected baseline,XSIAM UI + XQL,Trigger incident matching automated playbook conditions; measure playbook completion,"Automated enrichment adds TI, reputation, and asset context pre-analyst review",pov-scripts/secops/soar/tc-soar-01.md,"TBD — confirm tenant state, agent version, Broker VM config",Table Stakes,MOAT,"AgentiX, XSIAM",,Medium,1–4hr,Active
SecOps,TC-SOAR-02,UC-SOAR,UCS-SOAR-01,SOC Process Automation,Manual Repetitive SOC Workflows,Demonstrate XSIAM native automation replaces standalone SOAR for common playbooks,"Rebuilds the customer's top five incident-type playbooks using in-platform automation only — no external orchestrator — and quantifies remaining analyst touch time, testing whether a separate SOAR license is still warranted for the common response path.",Automation Accuracy,Playbooks automate top 5 incident types correctly; analyst involvement limited to decision points; measured time savings documented per incident type,Automation Rate,Qualitative pass,Inspect XSIAM UI / query XQL dataset for automation accuracy; compare to expected baseline,XSIAM UI + XQL,Trigger incident matching automated playbook conditions; measure playbook completion,Playbooks automate top 5 incident types correctly,pov-scripts/secops/soar/tc-soar-02.md,"TBD — confirm tenant state, agent version, Broker VM config",Table Stakes,MOAT,"AgentiX, XSIAM",,Medium,1–4hr,Active
SecOps,TC-SOAR-03,UC-SOAR,UCS-SOAR-02,SOC Process Automation,Platform & 3rd Party Integration Gaps,Validate bidirectional integrations with top 5 customer tools,"Exercises read and write paths against the customer's five most-used tools, including failure injection, and confirms integration health is itself monitored — so a silently degrading connector never becomes an unmeasured MTTR regression discovered during a live incident.",Integration Reliability,Bidirectional data exchange functions with top customer tools; cross-platform actions execute correctly; integration health monitoring functions,MTTR,Qualitative pass,Inspect XSIAM UI / query XQL dataset for integration reliability; compare to expected baseline,XSIAM UI + XQL,Trigger incident matching automated playbook conditions; measure playbook completion,Bidirectional data exchange functions with top customer tools,pov-scripts/secops/soar/tc-soar-03.md,"TBD — confirm tenant state, agent version, Broker VM config",Table Stakes,MOAT,"AgentiX, XSIAM",,High,1 day,Active
SecOps,TC-ITPA-01,UC-ITPA,UCS-ITPA-01,IT Process Automation,IT/Security Process Silos,Demonstrate cross-functional automation between SOC and IT ops (ServiceNow + containment),"Chains a SOC containment action to a ServiceNow record and back, proving the security-to-IT handoff executes as one workflow with bidirectional state sync instead of an analyst emailing a ticket number and waiting on the service desk.",Integration Reliability,Bidirectional ServiceNow integration syncs correctly; SOC-triggered IT actions execute through automated workflow; cross-functional response time measurably improved,Automation Rate,Qualitative pass,Inspect XSIAM UI / query XQL dataset for integration reliability; compare to expected baseline,XSIAM UI + XQL,Execute scenario-specific simulation for IT/Security Process Silos,Bidirectional ServiceNow integration syncs correctly,pov-scripts/secops/itpa/tc-itpa-01.md,"TBD — confirm tenant state, agent version, Broker VM config",Table Stakes,MOAT,"AgentiX, XSIAM",,High,1 day,Active
SecOps,TC-TIM-01,UC-TIM,UCS-TIM-01,Threat Intelligence Management,Unmanaged / Stale Threat Intel Feeds,"Validate TIM lifecycle management: ingest, deduplicate, score, expire IOCs across feeds","Follows an indicator through its full lifecycle — multi-feed ingest, dedupe, confidence scoring, expiry — and confirms incident outcomes feed back into scoring, so stale intelligence retires itself rather than quietly inflating false positives across the engagement window.",Improvement Measurement,Detection lifecycle from creation through retirement managed; feedback loop from incidents improves detection tuning; detection efficacy measurably improves over time,MTTR,Qualitative pass,Inspect XSIAM UI / query XQL dataset for improvement measurement; compare to expected baseline,XSIAM UI + XQL,Execute scenario-specific simulation for Unmanaged / Stale Threat Intel Feeds,Detection lifecycle from creation through retirement managed,pov-scripts/secops/tim/tc-tim-01.md,"TBD — confirm tenant state, agent version, Broker VM config",Table Stakes,LEAD,"XSIAM, TIM",,Medium,1–4hr,Active
SecOps,TC-TIM-02,UC-TIM,UCS-TIM-01,Threat Intelligence Management,Unmanaged / Stale Threat Intel Feeds,Demonstrate automated IOC-to-EDL push for real-time blocking at NGFW,"Pushes a scored indicator from TIM into an External Dynamic List consumed by the NGFW, then confirms the block takes effect and the resulting firewall event correlates back to the originating incident — closing intel-to-enforcement without a human editing policy.",Integration Completeness,NGFW logs ingested and normalized into XSIAM data model; firewall events correlated with endpoint and identity incidents; perimeter-to-endpoint attack chain visible,Cross-Source Correlation Rate,Qualitative pass,Inspect XSIAM UI / query XQL dataset for integration completeness; compare to expected baseline,XSIAM UI + XQL,Execute scenario-specific simulation for Unmanaged / Stale Threat Intel Feeds,NGFW logs ingested and normalized into XSIAM data model,pov-scripts/secops/tim/tc-tim-02.md,"TBD — confirm tenant state, agent version, Broker VM config",AI-Native,MOAT,"XSIAM, TIM",,High,1 day,Active
SecOps,TC-MDR-01,UC-MDR,UCS-MDR-01,Managed Detection & Response (MDR),Lack of 24/7 SOC Coverage,Validate Unit 42 MDR provides continuous monitoring with defined escalation SLAs,"Fires test detections into off-hours and weekend windows and clocks Unit 42 acknowledgement and escalation against the contracted SLA, verifying that both the coverage and the human notification path hold across every time window, not just business hours.",SLA Compliance,Monitoring coverage verified across all time windows; escalation SLA adherence validated; communication protocols function for critical escalations,Coverage %,Qualitative pass,Inspect XSIAM UI / query XQL dataset for sla compliance; compare to expected baseline,XSIAM UI + XQL,Execute scenario-specific simulation for Lack of 24/7 SOC Coverage,Monitoring coverage verified across all time windows,pov-scripts/secops/mdr/tc-mdr-01.md,"TBD — confirm tenant state, agent version, Broker VM config",Table Stakes,PARITY,"Unit 42 MDR, XSIAM",,Medium,1–4hr,Active
SecOps,TC-MDR-02,UC-MDR,UCS-MDR-02,Managed Detection & Response (MDR),Insufficient Incident Response Expertise,Demonstrate Unit 42 MDR investigation and response on simulated incident,"Detonates a simulated intrusion and observes the MDR analyst's investigation and containment end to end, checking that isolation or process termination is scoped to the affected entity only and that every action lands in an auditable trail.",Response Execution Reliability,Containment actions execute within defined time SLA; actions are precise with no collateral impact; complete audit trail captures all automated actions,Automation Rate,Qualitative pass,Inspect XSIAM UI / query XQL dataset for response execution reliability; compare to expected baseline,XSIAM UI + XQL,Execute scenario-specific simulation for Insufficient Incident Response Expertise,Containment actions execute within defined time SLA,pov-scripts/secops/mdr/tc-mdr-02.md,"TBD — confirm tenant state, agent version, Broker VM config",Table Stakes,PARITY,"Unit 42 MDR, XSIAM",,Medium,1–4hr,Active
SecOps,TC-MSIAM-01,UC-MSIAM,UCS-MSIAM-01,Managed XSIAM (MSIAM),Lack of Internal XSIAM Operational Expertise,"Validate MSIAM service onboards, tunes, and operates XSIAM to defined operational metrics","Assesses the managed service as operator of the platform itself — onboarding completeness, recurring tuning cadence, SLA reporting — validating that a customer with no in-house platform engineers can still run a modern SOC stack at target operational metrics.",Service Delivery,Onboarding and initial configuration complete; ongoing tuning cadence delivers measurable improvement; operational SLA measurement and reporting functions,Completeness %,Qualitative pass,Inspect XSIAM UI / query XQL dataset for service delivery; compare to expected baseline,XSIAM UI + XQL,Execute scenario-specific simulation for Lack of Internal XSIAM Operational Expertise,Onboarding and initial configuration complete,pov-scripts/secops/msiam/tc-msiam-01.md,"TBD — confirm tenant state, agent version, Broker VM config",Table Stakes,MOAT,"Unit 42 MSIAM, XSIAM",,Medium,1–4hr,Active
SecOps,TC-MTH-01,UC-MTH,UCS-MTH-01,Managed Threat Hunting (MTH),No Dedicated Threat Hunting Program,Validate Unit 42 MTH delivers proactive hunt reports with actionable findings on cadence,"Measures whether scheduled human-led hunts surface activity the automated detection stack scored as benign, and whether each finding converts into concrete detection content — the hunt's value is the detections it adds, not the report it delivers.",Hunt Quality,Proactive hunt campaigns identify threats automated detection missed; findings are actionable with prioritized recommendations; detection improvement recommendations generated,Automation Rate,Qualitative pass,Inspect XSIAM UI / query XQL dataset for hunt quality; compare to expected baseline,XQL query engine (/public_api/v1/xql/start_xql_query),"Pre-seeded hunt dataset with 20–30 known IOCs across credential access, persistence, exfiltration",Proactive hunt campaigns identify threats automated detection missed,pov-scripts/secops/mth/tc-mth-01.md,"TBD — confirm tenant state, agent version, Broker VM config",Ecosystem,MOAT,"Unit 42 MTH, XSIAM",,Medium,1–4hr,Active
SecOps,TC-CDR-01,UC-CDR,UCS-CDR-01,Cloud Detection & Response,Cloud Runtime Threats Invisible to SOC,Validate runtime threat detection for containers and serverless workloads,"Detonates container escape and cryptomining behavior inside running containers and serverless functions, confirming runtime detections fire with pod, image, and namespace context attached and without imposing material performance cost on the protected workload.",Cloud-Native Detection,"Container-specific threats (escape, crypto-mining) detected with high fidelity; detection occurs without significant performance impact; SOC receives cloud-native context in incident details",MTTD,Qualitative pass,Inspect XSIAM UI / query XQL dataset for cloud-native detection; compare to expected baseline,XSIAM UI + XQL · Cortex Cloud Runtime Alerts + /api/v1/alerts,Execute scenario-specific simulation for Cloud Runtime Threats Invisible to SOC,"Container-specific threats (escape, crypto-mining) detected with high fidelity",pov-scripts/secops/cdr/tc-cdr-01.md,"TBD — confirm tenant state, agent version, Broker VM config",Cloud-Native,LEAD,"Cortex Cloud, XSIAM",,Medium,1–4hr,Active
SecOps,TC-CDR-02,UC-CDR,UCS-CDR-01,Cloud Detection & Response,Cloud Runtime Threats Invisible to SOC,Demonstrate cloud alert correlation with endpoint/network telemetry in unified incident,"Executes a cloud-to-endpoint attack path and confirms the control-plane alert, the network flow, and the endpoint process chain collapse into one incident, letting the SOC investigate cloud compromise in its normal workflow instead of pivoting to a cloud console.",Cross-Domain Correlation,Cloud alerts stitch with endpoint and network events in single incident; SOC analysts investigate cloud attacks using familiar workflow; cross-domain correlation catches cloud-to-endpoint attacks,Cross-Source Correlation Rate,Qualitative pass,Inspect XSIAM UI / query XQL dataset for cross-domain correlation; compare to expected baseline,XSIAM UI + XQL · Cortex Cloud Posture Dashboard + REST API,Execute multi-stage attack chain (T1566 email → T1059 endpoint → T1021 lateral → T1078 cloud identity),Cloud alerts stitch with endpoint and network events in single incident,pov-scripts/secops/cdr/tc-cdr-02.md,"TBD — confirm tenant state, agent version, Broker VM config",Platform,LEAD,"Cortex Cloud, XSIAM",,High,1 day,Active
SecOps,TC-CDR-03,UC-CDR,UCS-CDR-02,Cloud Detection & Response,Cloud Posture Drift and Misconfigurations,Validate CSPM policy scanning detects misconfigurations across multi-cloud accounts,"Introduces deliberate misconfigurations across multiple cloud accounts and measures detection latency and policy propagation, including whether a scoped exception can be granted for one account without weakening the same control everywhere else in the estate.",Policy Enforcement,Protection policies deploy and enforce correctly across target endpoints; policy exceptions function without disabling broader protection; policy change propagation meets time SLA,SLA Compliance,Qualitative pass,Inspect XSIAM UI / query XQL dataset for policy enforcement; compare to expected baseline,XSIAM UI + XQL · Cortex Cloud Policies + Alerts view,Execute scenario-specific simulation for Cloud Posture Drift and Misconfigurations,Protection policies deploy and enforce correctly across target endpoints,pov-scripts/secops/cdr/tc-cdr-03.md,"TBD — confirm tenant state, agent version, Broker VM config",Table Stakes,LEAD,"Cortex Cloud, XSIAM",,Medium,1–4hr,Active
SecOps,TC-CDR-04,UC-CDR,UCS-CDR-03,Cloud Detection & Response,Cloud Identity Exposure (CIEM),Validate CIEM identifies over-permissioned cloud identities and recommends least-privilege,"Maps effective permissions for IAM, SAML, and OIDC principals against permissions actually exercised, surfacing dormant and excessive entitlements with least-privilege recommendations, and links each cloud principal back to its human identity so blast radius is expressed per person.",Identity Correlation,"Identity data ingested from multiple IdPs (AD, Azure AD, Okta); same user correlated across identity providers; unified identity timeline shows cross-provider activity",Cross-Source Correlation Rate,Qualitative pass,Inspect XSIAM UI / query XQL dataset for identity correlation; compare to expected baseline,XSIAM UI + XQL · Cortex Cloud Posture Dashboard + REST API,Execute multi-stage attack chain (T1566 email → T1059 endpoint → T1021 lateral → T1078 cloud identity),"Identity data ingested from multiple IdPs (AD, Azure AD, Okta)",pov-scripts/secops/cdr/tc-cdr-04.md,"TBD — confirm tenant state, agent version, Broker VM config",Table Stakes,LEAD,"Cortex Cloud, XSIAM",,High,1 day,Active
SecOps,TC-CDR-05,UC-CDR,UCS-CDR-04,Cloud Detection & Response,Agentless Workload Protection,Demonstrate agentless scanning and protection for workloads where agent deployment is infeasible,"Covers workloads that cannot take an agent — hardened images, third-party-managed accounts, ephemeral compute — using API and cloud-log telemetry, then benchmarks the findings against an agent-instrumented control host to quantify exactly what visibility is lost.",Agentless Protection,Agentless scanning and protection for cloud workloads functions correctly; coverage gap for agent-incompatible workloads addressed; findings match agent-based detection baselines,Coverage %,Qualitative pass,Inspect XSIAM UI / query XQL dataset for agentless protection; compare to expected baseline,XSIAM UI + XQL · Cortex Cloud Posture Dashboard + REST API,Execute scenario-specific simulation for Agentless Workload Protection,Agentless scanning and protection for cloud workloads functions correctly,pov-scripts/secops/cdr/tc-cdr-05.md,"TBD — confirm tenant state, agent version, Broker VM config",Table Stakes,LEAD,"Cortex Cloud, XSIAM",,Medium,1–4hr,Active
SecOps,TC-SOT-01,UC-SOT,UCS-SOT-01,Security Operations Transformation,No Defined Alerting / Triage Strategy,"Validate customer alerting strategy alignment: rule tuning, threshold config, escalation paths","Tunes detection rules and thresholds to the customer's own risk priorities and measures the resulting false-positive reduction, plus whether escalation policies route each severity to the team that actually owns it — installing a triage strategy where none existed.",Strategy Alignment,Rule tuning measurably reduces false positive rate; escalation policies route alerts to appropriate teams; alerting strategy reflects organizational risk priorities,False Positive Rate,Qualitative pass,Inspect XSIAM UI / query XQL dataset for strategy alignment; compare to expected baseline,XSIAM UI + XQL,Execute scenario-specific simulation for No Defined Alerting / Triage Strategy,Rule tuning measurably reduces false positive rate,pov-scripts/secops/sot/tc-sot-01.md,"TBD — confirm tenant state, agent version, Broker VM config",Table Stakes,MOAT,XSIAM,,Medium,1–4hr,Active
SecOps,TC-SOT-02,UC-SOT,UCS-SOT-01,Security Operations Transformation,No Defined Alerting / Triage Strategy,Demonstrate triage-as-validation workflow with auto-triage and analyst override,"Feeds a labeled alert corpus through automated triage and checks that at least 60 percent are correctly dispositioned, that scoring ranks known-malicious incidents above benign ones, and that analyst overrides are captured as training signal rather than discarded.",AI Triage Accuracy,Auto-triage correctly classifies >60% of test alert volume; SmartScore ranks known-malicious incidents higher than benign; analyst override feedback loop functions correctly,Triage Automation Rate,>60%,Inspect XSIAM UI / query XQL dataset for ai triage accuracy; compare to expected baseline,XSIAM Incidents (XQL: dataset=incidents),"Inject synthetic alert volume (500–1,000 alerts mixing Atomic Red Team T1059 / T1021 with benign noise)",Auto-triage correctly classifies >60% of test alert volume,pov-scripts/secops/sot/tc-sot-02.md,"TBD — confirm tenant state, agent version, Broker VM config",AI-Native,MOAT,XSIAM,,Medium,1–4hr,Active
SecOps,TC-SOT-03,UC-SOT,UCS-SOT-02,Security Operations Transformation,Platform Care and Feeding / Self-Healing Loop,Demonstrate lifecycle management: detection tuning → enrichment → response → feedback loop,"Traces one detection through a full self-healing cycle — tuned rule, automatic enrichment before analyst review, executed response, outcome fed back into the rule — proving the platform improves from its own incident history without a dedicated content engineer.",Enrichment Coverage & Speed,"Automated enrichment adds TI, reputation, and asset context pre-analyst review; enrichment completes within defined time SLA; enrichment sources produce accurate, current data",Coverage %,Qualitative pass,Inspect XSIAM UI / query XQL dataset for enrichment coverage & speed; compare to expected baseline,XSIAM UI + XQL,Execute scenario-specific simulation for Platform Care and Feeding / Self-Healing Loop,"Automated enrichment adds TI, reputation, and asset context pre-analyst review",pov-scripts/secops/sot/tc-sot-03.md,"TBD — confirm tenant state, agent version, Broker VM config",Ecosystem,MOAT,XSIAM,,Medium,1–4hr,Active
SecOps,TC-BYOML-01,UC-BYOML,UCS-BYOML-01,Advanced Analytics & BYOML,Custom Detection Requirements Beyond OOTB Rules,Validate BYOML model deployment for custom anomaly detection on customer-specific data,"Deploys a customer-authored anomaly model against native platform data and confirms its inferences surface as ordinary alerts inside the standard incident workflow at production scale — no data export, no parallel ML pipeline, no separate console for model output.",Model Deployment Validation,Customer ML model deploys and infers correctly on XSIAM data; model output generates actionable alerts within standard workflow; inference performance meets scale requirements,MTTD,Qualitative pass,Inspect XSIAM UI / query XQL dataset for model deployment validation; compare to expected baseline,XSIAM UI + XQL,Execute scenario-specific simulation for Custom Detection Requirements Beyond OOTB Rules,Customer ML model deploys and infers correctly on XSIAM data,pov-scripts/secops/byoml/tc-byoml-01.md,"TBD — confirm tenant state, agent version, Broker VM config",Table Stakes,MOAT,XSIAM,,Medium,1–4hr,Active
SecOps,TC-BYOML-02,UC-BYOML,UCS-BYOML-01,Advanced Analytics & BYOML,Custom Detection Requirements Beyond OOTB Rules,Demonstrate datamodel customization for industry-specific correlation rules,"Extends the data model with industry-specific fields and builds correlation rules against them, confirming the custom content executes alongside out-of-the-box detections without conflicting with them or being overwritten when vendor content packs update.",Customization Validation,Custom datamodel fields and correlation logic function correctly; industry-specific rules detect target patterns; custom rules coexist with OOTB detections,Cross-Source Correlation Rate,Qualitative pass,Inspect XSIAM UI / query XQL dataset for customization validation; compare to expected baseline,XSIAM UI + XQL,Execute scenario-specific simulation for Custom Detection Requirements Beyond OOTB Rules,Custom datamodel fields and correlation logic function correctly,pov-scripts/secops/byoml/tc-byoml-02.md,"TBD — confirm tenant state, agent version, Broker VM config",Table Stakes,MOAT,XSIAM,,Medium,1–4hr,Active
SecOps,TC-DLP-01,UC-DLP,UCS-DLP-01,Data Loss Prevention (DLP),Data Exfiltration Detection & Prevention,"Validate DLP detects sensitive data (PII/PCI/PHI) exfiltration attempts across email, web upload, and USB channels in real time","Exfiltrates seeded PII, PCI, and PHI over email attachment, sanctioned-cloud upload, and USB copy in parallel, measuring per-channel detection, sub-second block enforcement, and the false-positive rate against benign traffic carrying structurally similar data.","Simulate exfiltration of test PII data via email attachment, cloud upload (Box/GDrive), and USB copy; verify detection and blocking",100% detection rate across all channels with <2% false positive rate and sub-second blocking,False Positive Rate,<2%,"Inspect XSIAM UI / query XQL dataset for simulate exfiltration of test pii data via email attachment, cloud upload (box/gdrive), and usb copy; verify detection and blocking; compare to expected baseline",XSIAM UI + XQL,Execute scenario-specific simulation for Data Exfiltration Detection & Prevention,100% detection rate across all channels with <2% false positive rate and sub-second blocking,pov-scripts/secops/dlp/tc-dlp-01.md,"TBD — confirm tenant state, agent version, Broker VM config",Table Stakes,PARITY,"XSIAM, Enterprise DLP",,Medium,1–4hr,Active
SecOps,TC-DLP-02,UC-DLP,UCS-DLP-01,Data Loss Prevention (DLP),Data Exfiltration Detection & Prevention,Demonstrate cross-channel correlation identifies coordinated data staging across endpoint and network,"Stages exfiltration the way a real actor would — bulk local copy, compress, encrypt, upload to personal cloud — and requires the platform to fuse three or more of those individually weak endpoint and network signals into one high-confidence alert within five minutes.",Simulate staged exfiltration: bulk file copy to local folder → compress → encrypt → upload to personal cloud; validate correlation across telemetry,XSIAM correlates 3+ staging indicators into single high-confidence exfiltration alert within 5 minutes,Cross-Source Correlation Rate,within 5 min,Inspect XSIAM UI / query XQL dataset for simulate staged exfiltration: bulk file copy to local folder → compress → encrypt → upload to personal cloud; validate correlation across telemetry; compare to expected baseline,XSIAM UI + XQL,Execute multi-stage attack chain (T1566 email → T1059 endpoint → T1021 lateral → T1078 cloud identity),XSIAM correlates 3+ staging indicators into single high-confidence exfiltration alert within 5 minutes,pov-scripts/secops/dlp/tc-dlp-02.md,"TBD — confirm tenant state, agent version, Broker VM config",Table Stakes,PARITY,"XSIAM, Enterprise DLP",,High,1 day,Active
SecOps,TC-DLP-03,UC-DLP,UCS-DLP-02,Data Loss Prevention (DLP),DLP Policy Enforcement & Tuning,"Validate DLP policy creation and enforcement across endpoint, network, and SaaS data channels from unified console","Tests whether a single financial-data classification policy authored once in the console propagates to endpoint, network, and SaaS enforcement points within 15 minutes, proving there is no channel where regulated documents slip through because the policy never landed there.",Create DLP policy for financial data classification; deploy across all channels; test with sample documents containing financial data patterns,Policy enforced consistently across all 3 channels within 15 minutes of creation; zero enforcement gaps,Policy deployment time,within 15 min,Inspect XSIAM UI / query XQL dataset for create dlp policy for financial data classification; deploy across all channels; test with sample documents containing financial data patterns; compare to expected baseline,XSIAM UI + XQL,Execute multi-stage attack chain (T1566 email → T1059 endpoint → T1021 lateral → T1078 cloud identity),Policy enforced consistently across all 3 channels within 15 minutes of creation,pov-scripts/secops/dlp/tc-dlp-03.md,"TBD — confirm tenant state, agent version, Broker VM config",Table Stakes,PARITY,"XSIAM, Enterprise DLP",,Medium,1–4hr,Active
SecOps,TC-DLP-04,UC-DLP,UCS-DLP-02,Data Loss Prevention (DLP),DLP Policy Enforcement & Tuning,Demonstrate policy tuning workflow reduces false positives by iterating on detection patterns with analyst feedback loop,"Deploys a deliberately broad PII policy to accumulate noise, then exercises the analyst feedback path into pattern refinement — measuring whether one tuning cycle cuts false positives 40% while true-positive coverage holds, so DLP stays enforcing rather than getting muted.",Deploy broad PII detection policy; collect false positives over test period; demonstrate analyst feedback mechanism and automated policy refinement,False positive rate reduced by 40%+ after one tuning cycle without reducing true positive rate,False Positive Rate,40%,Inspect XSIAM UI / query XQL dataset for deploy broad pii detection policy; collect false positives over test period; demonstrate analyst feedback mechanism and automated policy refinement; compare to expected baseline,XSIAM UI + XQL,Trigger incident matching automated playbook conditions; measure playbook completion,False positive rate reduced by 40%+ after one tuning cycle without reducing true positive rate,pov-scripts/secops/dlp/tc-dlp-04.md,"TBD — confirm tenant state, agent version, Broker VM config",Table Stakes,PARITY,"XSIAM, Enterprise DLP",,Medium,1–4hr,Active
SecOps,TC-DLP-05,UC-DLP,UCS-DLP-03,Data Loss Prevention (DLP),Insider Threat Data Movement,Validate behavioral analytics detect anomalous data access patterns indicative of insider threat pre-exfiltration,"Profiles a departing-employee pattern — bulk pulls outside role, first-time repository access, after-hours spikes — to confirm the behavioral baseline scores the deviation above 80/100 within 24 hours, surfacing intent during staging rather than after the data has left.","Simulate departing employee behavior: bulk download of files outside normal role, access to previously unvisited repos, after-hours activity spike",Behavioral anomaly flagged within 24 hours of pattern onset with risk score >80/100,Behavioral detection latency,within 24 hours,"Inspect XSIAM UI / query XQL dataset for simulate departing employee behavior: bulk download of files outside normal role, access to previously unvisited repos, after-hours activity spike; compare to expected baseline",XSIAM UI + XQL,Execute scenario-specific simulation for Insider Threat Data Movement,Behavioral anomaly flagged within 24 hours of pattern onset with risk score >80/100,pov-scripts/secops/dlp/tc-dlp-05.md,"TBD — confirm tenant state, agent version, Broker VM config",Table Stakes,PARITY,"XSIAM, Enterprise DLP",,Medium,1–4hr,Active
SecOps,TC-DLP-06,UC-DLP,UCS-DLP-03,Data Loss Prevention (DLP),Insider Threat Data Movement,Demonstrate DLP integration with UEBA provides enriched insider risk timeline for investigation,"Confirms an insider alert arrives already carrying 30 days of behavioral baseline, peer-group comparison, and historical access patterns within two minutes of creation, so the analyst opens the investigation with context instead of spending the first hour assembling it.","Trigger insider threat alert; verify XSIAM enriches with user behavior baseline, peer group comparison, and historical access patterns",Investigation timeline auto-populated with 30-day behavioral context within 2 minutes of alert creation,Enrichment time,within 2 min,"Inspect XSIAM UI / query XQL dataset for trigger insider threat alert; verify xsiam enriches with user behavior baseline, peer group comparison, and historical access patterns; compare to expected baseline",XSIAM UI + XQL,"Inject synthetic alert volume (500–1,000 alerts mixing Atomic Red Team T1059 / T1021 with benign noise)",Investigation timeline auto-populated with 30-day behavioral context within 2 minutes of alert creation,pov-scripts/secops/dlp/tc-dlp-06.md,"TBD — confirm tenant state, agent version, Broker VM config",Table Stakes,PARITY,"XSIAM, Enterprise DLP",,Medium,1–4hr,Active
SecOps,TC-DLP-07,UC-DLP,UCS-DLP-04,Data Loss Prevention (DLP),Compliance-Driven Data Controls (PCI/HIPAA/GDPR),"Validate DLP enforces regulatory compliance controls for PCI-DSS, HIPAA, and GDPR data classification and handling requirements","Exercises cardholder data, PHI, and EU personal data against compliance-scoped DLP profiles, confirming every regulated transfer is both blocked and logged to an evidentiary standard an auditor will accept — enforcement plus provable record, not alerting alone.","Configure compliance-specific DLP profiles; test with regulated data types (CHD, PHI, EU personal data); verify blocking and logging meets audit requirements",100% enforcement of regulated data controls with complete audit trail for compliance reporting,Compliance Score,100%,"Inspect XSIAM UI / query XQL dataset for configure compliance-specific dlp profiles; test with regulated data types (chd, phi, eu personal data); verify blocking and logging meets audit requirements; compare to expected baseline",XSIAM UI + XQL,Execute scenario-specific simulation for Compliance-Driven Data Controls (PCI/HIPAA/GDPR),100% enforcement of regulated data controls with complete audit trail for compliance reporting,pov-scripts/secops/dlp/tc-dlp-07.md,"TBD — confirm tenant state, agent version, Broker VM config",Table Stakes,PARITY,"XSIAM, Enterprise DLP",,Medium,1–4hr,Active
SecOps,TC-DLP-08,UC-DLP,UCS-DLP-04,Data Loss Prevention (DLP),Compliance-Driven Data Controls (PCI/HIPAA/GDPR),Demonstrate automated compliance reporting with data flow mapping across regulated environments,"Measures whether a full-channel compliance report covering data flows, violations, and remediation state can be produced in under five minutes with zero manual evidence collection, converting audit preparation from a multi-week gathering exercise into a query.","Run compliance scan across all monitored channels; generate automated report showing data flows, violations, and remediation status",Compliance report generated in <5 minutes covering all monitored channels with zero manual data collection required,Compliance Score,<5 minutes,"Inspect XSIAM UI / query XQL dataset for run compliance scan across all monitored channels; generate automated report showing data flows, violations, and remediation status; compare to expected baseline",XSIAM UI + XQL,Execute multi-stage attack chain (T1566 email → T1059 endpoint → T1021 lateral → T1078 cloud identity),Compliance report generated in <5 minutes covering all monitored channels with zero manual data collection required,pov-scripts/secops/dlp/tc-dlp-08.md,"TBD — confirm tenant state, agent version, Broker VM config",Table Stakes,PARITY,"XSIAM, Enterprise DLP",,Medium,1–4hr,Active
SecOps,TC-DLP-09,UC-DLP,UCS-DLP-05,Data Loss Prevention (DLP),DLP Incident Response & Remediation,Validate DLP incidents auto-create XSIAM cases with full context and recommended remediation playbooks,"Confirms a DLP violation lands as a fully-formed case within 30 seconds carrying data classification, user context, and regulatory impact, with the matching remediation playbook already attached — eliminating analyst re-keying between the DLP tool and the case system.","Trigger DLP violation; verify XSIAM case creation with data classification, user context, regulatory impact, and suggested remediation steps",DLP case created within 30 seconds with complete context and appropriate playbook auto-attached,Completeness %,within 30 sec,"Inspect XSIAM UI / query XQL dataset for trigger dlp violation; verify xsiam case creation with data classification, user context, regulatory impact, and suggested remediation steps; compare to expected baseline",XSIAM UI + XQL,Execute scenario-specific simulation for DLP Incident Response & Remediation,DLP case created within 30 seconds with complete context and appropriate playbook auto-attached,pov-scripts/secops/dlp/tc-dlp-09.md,"TBD — confirm tenant state, agent version, Broker VM config",Table Stakes,PARITY,"XSIAM, Enterprise DLP",,Medium,1–4hr,Active
SecOps,TC-DLP-10,UC-DLP,UCS-DLP-05,Data Loss Prevention (DLP),DLP Incident Response & Remediation,Demonstrate AgentiX automated DLP incident remediation with user notification and manager escalation workflow,"Drives a standard violation through unattended remediation — user notification, data quarantine, manager escalation on timeout — establishing that routine DLP incidents reach closure within 15 minutes with no analyst intervention, reserving human attention for genuinely ambiguous cases.","Trigger DLP incident; verify automated Slack notification to user, manager escalation after timeout, and automated data quarantine",End-to-end remediation workflow completes within 15 minutes with zero analyst intervention for standard violations,Automation Rate,within 15 min,"Inspect XSIAM UI / query XQL dataset for trigger dlp incident; verify automated slack notification to user, manager escalation after timeout, and automated data quarantine; compare to expected baseline",XSIAM Incidents (XQL: dataset=incidents),Trigger incident matching automated playbook conditions; measure playbook completion,End-to-end remediation workflow completes within 15 minutes with zero analyst intervention for standard violations,pov-scripts/secops/dlp/tc-dlp-10.md,"TBD — confirm tenant state, agent version, Broker VM config",Table Stakes,PARITY,"XSIAM, Enterprise DLP",,Medium,1–4hr,Active
SecOps,TC-DLP-11,UC-DLP,UCS-DLP-06,Data Loss Prevention (DLP),SaaS Application Data Controls,Validate DLP monitors and controls sensitive data movement across sanctioned and unsanctioned SaaS applications,"Pushes sensitive content through Slack, Teams, Salesforce, and Google Workspace alongside unsanctioned upload paths, measuring whether control extends past the sanctioned application list into shadow IT — the channel where most real SaaS data loss actually occurs.","Configure SaaS DLP for Slack, Teams, Salesforce, Google Workspace; test sensitive data posting and file sharing across sanctioned and shadow IT apps",Sensitive data detected and controlled in 100% of sanctioned apps and 90%+ of shadow IT uploads,SaaS coverage %,100%,"Inspect XSIAM UI / query XQL dataset for configure saas dlp for slack, teams, salesforce, google workspace; test sensitive data posting and file sharing across sanctioned and shadow it apps; compare to expected baseline",XSIAM UI + XQL,Execute multi-stage attack chain (T1566 email → T1059 endpoint → T1021 lateral → T1078 cloud identity),Sensitive data detected and controlled in 100% of sanctioned apps and 90%+ of shadow IT uploads,pov-scripts/secops/dlp/tc-dlp-11.md,"TBD — confirm tenant state, agent version, Broker VM config",Table Stakes,PARITY,"XSIAM, Enterprise DLP",,Medium,1–4hr,Active
SecOps,TC-AES-01,UC-AES,UCS-AES-01,Advanced Email Security,Phishing & Social Engineering Detection,"Validate AI-driven phishing detection identifies credential harvesting, brand impersonation, and zero-day phishing URLs across email platforms","Fires 100+ crafted samples — credential harvest, brand spoof, QR-code lures, never-before-seen URLs — through both M365 and Google Workspace, establishing that novel-phish catch rate holds near 85% while false positives on genuine business mail stay under 1%.","Submit 100+ simulated phishing emails (credential harvest, brand spoof, zero-day URLs, QR code phish) across M365 and Google Workspace; measure detection rates","95%+ detection rate for known techniques, 85%+ for novel/zero-day phishing with <1% false positive rate on legitimate business emails",False Positive Rate,<1%,"Inspect XSIAM UI / query XQL dataset for submit 100+ simulated phishing emails (credential harvest, brand spoof, zero-day urls, qr code phish) across m365 and google workspace; measure detection rates; compare to expected baseline",XSIAM UI + XQL,Execute multi-stage attack chain (T1566 email → T1059 endpoint → T1021 lateral → T1078 cloud identity),"95%+ detection rate for known techniques, 85%+ for novel/zero-day phishing with <1% false positive rate on legitimate business emails",pov-scripts/secops/aes/tc-aes-01.md,"TBD — confirm tenant state, agent version, Broker VM config",Table Stakes,PARITY,"XSIAM, AgentiX",,Medium,1–4hr,Active
SecOps,TC-AES-02,UC-AES,UCS-AES-01,Advanced Email Security,Phishing & Social Engineering Detection,Demonstrate cross-signal correlation links phishing emails to downstream credential compromise and lateral movement indicators,"Walks a delivered phish through credential entry, anomalous login, and lateral movement, verifying email, identity, and endpoint telemetry fuse into a single incident within three minutes rather than surfacing as three unrelated alerts in three separate consoles.",Simulate phishing → credential entry → anomalous login → lateral movement chain; verify XSIAM correlates email event with identity and endpoint telemetry,Full attack chain correlated into single incident within 3 minutes of initial phishing delivery,Cross-Source Correlation Rate,within 3 min,Inspect XSIAM UI / query XQL dataset for simulate phishing → credential entry → anomalous login → lateral movement chain; verify xsiam correlates email event with identity and endpoint telemetry; compare to expected baseline,XSIAM UI + XQL,Execute multi-stage attack chain (T1566 email → T1059 endpoint → T1021 lateral → T1078 cloud identity),Full attack chain correlated into single incident within 3 minutes of initial phishing delivery,pov-scripts/secops/aes/tc-aes-02.md,"TBD — confirm tenant state, agent version, Broker VM config",Table Stakes,PARITY,"XSIAM, AgentiX",,Medium,1–4hr,Active
SecOps,TC-AES-03,UC-AES,UCS-AES-02,Advanced Email Security,Business Email Compromise (BEC),"Validate BEC detection identifies executive impersonation, vendor invoice fraud, and payment redirect attempts using behavioral and content analysis","Puts payloadless fraud — CEO wire request, vendor invoice with swapped bank details, W2 pretext — against behavioral and content analysis, where the binding constraint is holding false positives below 0.5% on legitimate executive traffic that looks structurally identical.","Simulate BEC scenarios: CEO impersonation requesting wire transfer, vendor invoice with modified bank details, HR impersonation requesting W2 data",90%+ BEC detection with <0.5% false positive rate on legitimate executive communications,False Positive Rate,<0.5%,"Inspect XSIAM UI / query XQL dataset for simulate bec scenarios: ceo impersonation requesting wire transfer, vendor invoice with modified bank details, hr impersonation requesting w2 data; compare to expected baseline",XSIAM UI + XQL,Execute scenario-specific simulation for Business Email Compromise (BEC),90%+ BEC detection with <0.5% false positive rate on legitimate executive communications,pov-scripts/secops/aes/tc-aes-03.md,"TBD — confirm tenant state, agent version, Broker VM config",Table Stakes,PARITY,"XSIAM, AgentiX",,Medium,1–4hr,Active
SecOps,TC-AES-04,UC-AES,UCS-AES-02,Advanced Email Security,Business Email Compromise (BEC),"Demonstrate automated BEC response workflow quarantines message, alerts target, and notifies finance/legal within SLA","Times the containment path from BEC verdict to clawback: message quarantined, target warned, finance and legal notified, forensic case opened — the standard being that the recipient never gets the opportunity to act on the fraudulent instruction.","Trigger BEC detection; verify AgentiX auto-quarantines message, sends user warning, escalates to finance team, and creates forensic case",Full BEC response executed within 2 minutes of detection with zero user interaction with fraudulent message,Response time,within 2 min,"Inspect XSIAM UI / query XQL dataset for trigger bec detection; verify agentix auto-quarantines message, sends user warning, escalates to finance team, and creates forensic case; compare to expected baseline",XSIAM UI + XQL,Execute scenario-specific simulation for Business Email Compromise (BEC),Full BEC response executed within 2 minutes of detection with zero user interaction with fraudulent message,pov-scripts/secops/aes/tc-aes-04.md,"TBD — confirm tenant state, agent version, Broker VM config",Table Stakes,PARITY,"XSIAM, AgentiX",,Medium,1–4hr,Active
SecOps,TC-AES-05,UC-AES,UCS-AES-03,Advanced Email Security,Malicious Payload Delivery via Email,"Validate detection of malicious attachments including macro-laden documents, encrypted archives with malware, and embedded exploit payloads","Detonates macro-enabled documents, password-protected archives, PDF exploits, and HTML-smuggled payloads to confirm that attachments engineered to defeat static inspection are still resolved by sandbox analysis inside a three-minute window, before the user clicks.","Submit test payloads: macro-enabled docs, password-protected ZIPs with malware, PDF exploits, HTML smuggling attachments; verify detection and sandboxing",98%+ malicious attachment detection with full sandbox analysis completed within 3 minutes,Completeness %,98%,"Inspect XSIAM UI / query XQL dataset for submit test payloads: macro-enabled docs, password-protected zips with malware, pdf exploits, html smuggling attachments; verify detection and sandboxing; compare to expected baseline",XSIAM UI + XQL,Execute malware sample (EICAR + representative ransomware binary in isolated test segment),98%+ malicious attachment detection with full sandbox analysis completed within 3 minutes,pov-scripts/secops/aes/tc-aes-05.md,"TBD — confirm tenant state, agent version, Broker VM config",Table Stakes,PARITY,"XSIAM, AgentiX",,Medium,1–4hr,Active
SecOps,TC-AES-06,UC-AES,UCS-AES-03,Advanced Email Security,Malicious Payload Delivery via Email,"Demonstrate link-based payload detection identifies malicious URLs, drive-by downloads, and delayed weaponization (links that become malicious post-delivery)","Targets the time-of-click gap — links benign at delivery that weaponize afterward, plus shortener chains — measuring whether retrospective rescanning claws back at least 80% of delayed-weaponization URLs within an hour of the destination turning malicious.","Test with immediate malicious URLs, time-delayed weaponized links, and URL shortener chains; verify real-time and retrospective scanning",95%+ malicious URL detection including 80%+ retrospective detection of delayed weaponization within 1 hour,URL detection rate,95%,"Inspect XSIAM UI / query XQL dataset for test with immediate malicious urls, time-delayed weaponized links, and url shortener chains; verify real-time and retrospective scanning; compare to expected baseline",XSIAM UI + XQL,Execute scenario-specific simulation for Malicious Payload Delivery via Email,95%+ malicious URL detection including 80%+ retrospective detection of delayed weaponization within 1 hour,pov-scripts/secops/aes/tc-aes-06.md,"TBD — confirm tenant state, agent version, Broker VM config",Table Stakes,PARITY,"XSIAM, AgentiX",,Medium,1–4hr,Active
SecOps,TC-AES-07,UC-AES,UCS-AES-04,Advanced Email Security,Email-Based Insider Threat Detection,"Validate detection of sensitive data exfiltration via email including auto-forwarding rules, BCC to personal accounts, and attachment-based data theft","Simulates the quiet exfiltration channels: a mailbox rule silently forwarding to personal Gmail, BCC of sensitive material to external recipients, bulk attachment of IP documents — confirming rule creation is caught with certainty and anomalous send patterns at 90%.","Simulate insider scenarios: mailbox forwarding rule to personal Gmail, BCC of sensitive data to external, bulk attachment of IP documents",100% detection of auto-forwarding rules and 90%+ detection of anomalous email-based data movement,Outcome Achieved,100%,"Inspect XSIAM UI / query XQL dataset for simulate insider scenarios: mailbox forwarding rule to personal gmail, bcc of sensitive data to external, bulk attachment of ip documents; compare to expected baseline",XSIAM UI + XQL,Execute scenario-specific simulation for Email-Based Insider Threat Detection,100% detection of auto-forwarding rules and 90%+ detection of anomalous email-based data movement,pov-scripts/secops/aes/tc-aes-07.md,"TBD — confirm tenant state, agent version, Broker VM config",Table Stakes,PARITY,"XSIAM, AgentiX",,Medium,1–4hr,Active
SecOps,TC-AES-08,UC-AES,UCS-AES-05,Advanced Email Security,Automated Email Triage & Response,Validate AgentiX Email Investigation Agent performs full-spectrum email analysis from detection through containment across all email platforms,"Hands a raw email alert to the investigation agent and measures whether header analysis, attachment detonation, URL scanning, and recipient blast-radius identification complete in under five minutes with a disposition an analyst can act on without redoing the work.","Trigger email security alert; verify AgentiX auto-investigates: header analysis, attachment detonation, URL scanning, recipient identification, and containment",Full email investigation completed in <5 minutes with automated containment recommendation; 90%+ accuracy on disposition (malicious/benign/suspicious),Automation Rate,<5 minutes,"Inspect XSIAM UI / query XQL dataset for trigger email security alert; verify agentix auto-investigates: header analysis, attachment detonation, url scanning, recipient identification, and containment; compare to expected baseline",XSIAM UI + XQL,"Inject synthetic alert volume (500–1,000 alerts mixing Atomic Red Team T1059 / T1021 with benign noise)",Full email investigation completed in <5 minutes with automated containment recommendation,pov-scripts/secops/aes/tc-aes-08.md,"TBD — confirm tenant state, agent version, Broker VM config",Table Stakes,PARITY,"XSIAM, AgentiX",,Medium,1–4hr,Active
SecOps,TC-AES-09,UC-AES,UCS-AES-05,Advanced Email Security,Automated Email Triage & Response,Demonstrate user-reported phishing workflow with automated analysis and feedback loop to reduce repeat reporting of known-good emails,"Feeds 50 user submissions — real phish mixed with benign over-reporting — through automated disposition, testing both the 10-minute turnaround back to the reporter and whether the feedback loop measurably trains users to stop submitting known-good mail.","Simulate 50 user-reported emails (mix of actual phishing and false reports); verify automated analysis, disposition, user feedback, and learning loop",95%+ automated disposition accuracy with user feedback delivered within 10 minutes and 30%+ reduction in false reports over time,Automation Rate,95%,"Inspect XSIAM UI / query XQL dataset for simulate 50 user-reported emails (mix of actual phishing and false reports); verify automated analysis, disposition, user feedback, and learning loop; compare to expected baseline",XSIAM UI + XQL,Trigger incident matching automated playbook conditions; measure playbook completion,95%+ automated disposition accuracy with user feedback delivered within 10 minutes and 30%+ reduction in false reports over time,pov-scripts/secops/aes/tc-aes-09.md,"TBD — confirm tenant state, agent version, Broker VM config",Table Stakes,PARITY,"XSIAM, AgentiX",,Low,<1hr,Active
SecOps,TC-AGTX-01,UC-AGTX,UCS-AGTX-01,Agentic Automation (AgentiX),Agentic Playbook Orchestration,"Validate AgentiX autonomously selects, chains, and executes multi-step playbooks across 1,100+ integrations based on incident context",Presents ten unrelated incident types and measures whether the agent selects and chains the right playbooks from incident context alone — with no pre-wired alert-to-playbook mapping — driving remediation across integrated tooling to closure inside a 10-minute MTTR.,"Trigger 10 diverse incident types; verify AgentiX selects appropriate playbook chain, executes across integrated tools, and completes remediation without analyst intervention",95%+ correct playbook selection and 90%+ full autonomous execution for standard incident types with MTTR <10 minutes,MTTR,<10 minutes,"Inspect XSIAM UI / query XQL dataset for trigger 10 diverse incident types; verify agentix selects appropriate playbook chain, executes across integrated tools, and completes remediation without analyst intervention; compare to expected baseline",XSIAM Incidents (XQL: dataset=incidents),Execute multi-stage attack chain (T1566 email → T1059 endpoint → T1021 lateral → T1078 cloud identity),95%+ correct playbook selection and 90%+ full autonomous execution for standard incident types with MTTR <10 minutes,pov-scripts/secops/agtx/tc-agtx-01.md,"TBD — confirm tenant state, agent version, Broker VM config",Table Stakes,PARITY,"AgentiX, XSIAM",,Medium,1–4hr,Active
SecOps,TC-AGTX-02,UC-AGTX,UCS-AGTX-01,Agentic Automation (AgentiX),Agentic Playbook Orchestration,"Demonstrate playbook versioning, rollback, and audit trail for governance compliance","Fails a playbook mid-execution deliberately to prove the platform unwinds cleanly with no orphaned firewall rules or half-disabled accounts, and that version history plus a timestamped record of every decision and API call survives for change-control review.","Execute playbook with intentional failure point; verify rollback capability, version history, and complete audit trail with decision rationale",Rollback executes cleanly with zero orphaned actions; audit trail captures every decision point and API call with timestamps,Completeness %,Qualitative pass,"Inspect XSIAM UI / query XQL dataset for execute playbook with intentional failure point; verify rollback capability, version history, and complete audit trail with decision rationale; compare to expected baseline",XSIAM UI + XQL,Trigger incident matching automated playbook conditions; measure playbook completion,Rollback executes cleanly with zero orphaned actions,pov-scripts/secops/agtx/tc-agtx-02.md,"TBD — confirm tenant state, agent version, Broker VM config",Table Stakes,PARITY,"AgentiX, XSIAM",,Medium,1–4hr,Active
SecOps,TC-AGTX-03,UC-AGTX,UCS-AGTX-02,Agentic Automation (AgentiX),AI-Driven Triage & Enrichment,"Validate AgentiX AI-driven triage auto-classifies, prioritizes, and enriches incidents using contextual understanding rather than static rules","Benchmarks contextual triage against a human baseline across 100 mixed alerts, testing whether classification and priority derive from incident semantics rather than static severity rules, and whether enrichment depth tracks a senior analyst's within 85% correlation.","Submit 100 diverse alerts; verify AI classification accuracy, priority assignment, and enrichment depth vs manual analyst baseline","90%+ classification accuracy, priority assignment within 1 minute, enrichment depth matching senior analyst within 85%+ correlation",Cross-Source Correlation Rate,90%,"Inspect XSIAM UI / query XQL dataset for submit 100 diverse alerts; verify ai classification accuracy, priority assignment, and enrichment depth vs manual analyst baseline; compare to expected baseline",XSIAM UI + XQL,"Inject synthetic alert volume (500–1,000 alerts mixing Atomic Red Team T1059 / T1021 with benign noise)","90%+ classification accuracy, priority assignment within 1 minute, enrichment depth matching senior analyst within 85%+ correlation",pov-scripts/secops/agtx/tc-agtx-03.md,"TBD — confirm tenant state, agent version, Broker VM config",Table Stakes,PARITY,"AgentiX, XSIAM",,Medium,1–4hr,Active
SecOps,TC-AGTX-04,UC-AGTX,UCS-AGTX-02,Agentic Automation (AgentiX),AI-Driven Triage & Enrichment,"Demonstrate Threat Intelligence Agent auto-enriches IOCs with multi-source TI, related campaigns, and adversary TTP mapping","Submits 50 known and novel indicators to measure multi-source enrichment, campaign linkage, and ATT&CK technique mapping — the real test being whether novel IOCs still resolve to adversary context instead of returning an empty reputation lookup.","Submit 50 IOCs (mix of known and novel); verify auto-enrichment with TI feeds, MITRE ATT&CK mapping, campaign linkage, and confidence scoring",95%+ IOCs enriched with multi-source TI within 2 minutes; MITRE mapping accuracy 90%+,Detection Accuracy,95%,"Inspect XSIAM UI / query XQL dataset for submit 50 iocs (mix of known and novel); verify auto-enrichment with ti feeds, mitre att&ck mapping, campaign linkage, and confidence scoring; compare to expected baseline",XSIAM UI + XQL,Execute scenario-specific simulation for AI-Driven Triage & Enrichment,95%+ IOCs enriched with multi-source TI within 2 minutes,pov-scripts/secops/agtx/tc-agtx-04.md,"TBD — confirm tenant state, agent version, Broker VM config",Table Stakes,PARITY,"AgentiX, XSIAM",,Medium,1–4hr,Active
SecOps,TC-AGTX-05,UC-AGTX,UCS-AGTX-03,Agentic Automation (AgentiX),Cross-Domain Automated Response,"Validate AgentiX coordinates response actions across endpoint, network, identity, cloud, and email domains in a single automated workflow","Runs a phishing-to-endpoint-to-lateral-to-cloud-exfiltration chain and verifies containment lands on endpoint, network, identity, cloud, and email within five minutes from one workflow — removing the inter-team handoffs where attackers accumulate most of their dwell time.",Simulate multi-domain attack (phishing → endpoint compromise → lateral movement → cloud exfiltration); verify coordinated response across all domains,All 5 domains receive containment actions within 5 minutes of initial detection with zero manual handoffs between domain teams,Cross-domain response time,within 5 min,Inspect XSIAM UI / query XQL dataset for simulate multi-domain attack (phishing → endpoint compromise → lateral movement → cloud exfiltration); verify coordinated response across all domains; compare to expected baseline,XSIAM UI + XQL,Execute multi-stage attack chain (T1566 email → T1059 endpoint → T1021 lateral → T1078 cloud identity),All 5 domains receive containment actions within 5 minutes of initial detection with zero manual handoffs between domain teams,pov-scripts/secops/agtx/tc-agtx-05.md,"TBD — confirm tenant state, agent version, Broker VM config",Table Stakes,PARITY,"AgentiX, XSIAM",,Medium,1–4hr,Active
SecOps,TC-AGTX-06,UC-AGTX,UCS-AGTX-03,Agentic Automation (AgentiX),Cross-Domain Automated Response,Demonstrate Endpoint Investigation Agent delivers rapid forensics collection and containment across multi-vendor EDR environments,"Triggers the same endpoint alert across estates running three different EDR agents to confirm forensic collection and host isolation execute uniformly regardless of vendor, validating orchestration over an incumbent endpoint agent the customer has not yet displaced.","Trigger endpoint alert across environments running XDR, CrowdStrike, and Defender; verify AgentiX collects forensics and contains across all three",Forensic collection completed on all endpoints within 10 minutes regardless of EDR vendor; containment executed in <2 minutes,Completeness %,<2 minutes,"Inspect XSIAM UI / query XQL dataset for trigger endpoint alert across environments running xdr, crowdstrike, and defender; verify agentix collects forensics and contains across all three; compare to expected baseline",XSIAM UI + XQL,"Inject synthetic alert volume (500–1,000 alerts mixing Atomic Red Team T1059 / T1021 with benign noise)",Forensic collection completed on all endpoints within 10 minutes regardless of EDR vendor,pov-scripts/secops/agtx/tc-agtx-06.md,"TBD — confirm tenant state, agent version, Broker VM config",Table Stakes,PARITY,"AgentiX, XSIAM",,Medium,1–4hr,Active
SecOps,TC-AGTX-07,UC-AGTX,UCS-AGTX-04,Agentic Automation (AgentiX),Agent Governance & Auditability,Validate enterprise-grade guardrails prevent AI agents from executing unauthorized or high-risk actions without human approval,"Points the agent at destructive actions — account deletion, production firewall change, data destruction — confirming it halts at the approval gate every time and cannot be reasoned into executing, establishing the blast-radius ceiling that makes autonomy acceptable to risk owners.","Configure approval gates for high-risk actions (account deletion, production firewall changes, data destruction); verify agent pauses and requests approval",100% of high-risk actions gated with human approval; zero unauthorized high-risk executions; approval workflow completes in <5 minutes,Completeness %,<5 minutes,"Inspect XSIAM UI / query XQL dataset for configure approval gates for high-risk actions (account deletion, production firewall changes, data destruction); verify agent pauses and requests approval; compare to expected baseline",XSIAM UI + XQL,Execute scenario-specific simulation for Agent Governance & Auditability,100% of high-risk actions gated with human approval,pov-scripts/secops/agtx/tc-agtx-07.md,"TBD — confirm tenant state, agent version, Broker VM config",Table Stakes,PARITY,"AgentiX, XSIAM",,Medium,1–4hr,Active
SecOps,TC-AGTX-08,UC-AGTX,UCS-AGTX-04,Agentic Automation (AgentiX),Agent Governance & Auditability,Demonstrate comprehensive agent activity audit with decision transparency and regulatory compliance reporting,"Replays 50 agent-executed workflows into an audit report capturing every decision, data source touched, action taken, and the rationale behind it, proving autonomous action stays defensible under SOC 2 examination rather than operating as an unexplainable black box.","Run 50 agent-executed workflows; generate audit report showing every decision, data accessed, action taken, and outcome with timestamps",100% action traceability with explainable AI decision rationale for each step; report meets SOC 2 audit requirements,Traceability Chain Completeness,100%,"Inspect XSIAM UI / query XQL dataset for run 50 agent-executed workflows; generate audit report showing every decision, data accessed, action taken, and outcome with timestamps; compare to expected baseline",XSIAM UI + XQL,Execute scenario-specific simulation for Agent Governance & Auditability,100% action traceability with explainable AI decision rationale for each step,pov-scripts/secops/agtx/tc-agtx-08.md,"TBD — confirm tenant state, agent version, Broker VM config",Table Stakes,PARITY,"AgentiX, XSIAM",,Medium,1–4hr,Active
SecOps,TC-AGTX-09,UC-AGTX,UCS-AGTX-05,Agentic Automation (AgentiX),Copilot-Assisted Investigation,"Validate natural language investigation assistant enables analysts to query across data lake, build timelines, and generate reports conversationally","Puts ten investigation scenarios to the assistant in plain language, measuring whether it translates analyst intent into correct cross-source queries against the data lake and returns a coherent timeline in under two minutes — removing query fluency as the entry cost of investigation.","Present 10 investigation scenarios to Copilot; verify natural language query translation, cross-source data retrieval, and investigation timeline generation",90%+ query interpretation accuracy with investigation summary generation in <2 minutes; analyst productivity increase 40%+,Detection Accuracy,<2 minutes,"Inspect XSIAM UI / query XQL dataset for present 10 investigation scenarios to copilot; verify natural language query translation, cross-source data retrieval, and investigation timeline generation; compare to expected baseline",XSIAM Causality View (XQL: dataset=xdr_data),Execute multi-stage attack chain (T1566 email → T1059 endpoint → T1021 lateral → T1078 cloud identity),90%+ query interpretation accuracy with investigation summary generation in <2 minutes,pov-scripts/secops/agtx/tc-agtx-09.md,"TBD — confirm tenant state, agent version, Broker VM config",Platform,PARITY,"AgentiX, XSIAM",,High,1 day,Active
SecOps,TC-AGTX-10,UC-AGTX,UCS-AGTX-05,Agentic Automation (AgentiX),Copilot-Assisted Investigation,Demonstrate Copilot assists junior analysts in performing senior-level investigations by providing guided investigation workflows and contextual recommendations,"Measures the tier-collapse effect directly: a junior analyst working a complex case with guided workflows and contextual recommendations, graded against an unaided senior analyst's output — testing whether 80% of the quality lands in half the time.",Assign complex investigation to junior analyst with Copilot; compare investigation quality and time vs senior analyst baseline without Copilot,Junior analyst with Copilot achieves 80%+ of senior analyst investigation quality in 50% less time,Investigation quality score,80%,Inspect XSIAM UI / query XQL dataset for assign complex investigation to junior analyst with copilot; compare investigation quality and time vs senior analyst baseline without copilot; compare to expected baseline,XSIAM UI + XQL,Execute scenario-specific simulation for Copilot-Assisted Investigation,Junior analyst with Copilot achieves 80%+ of senior analyst investigation quality in 50% less time,pov-scripts/secops/agtx/tc-agtx-10.md,"TBD — confirm tenant state, agent version, Broker VM config",AI-Native,PARITY,"AgentiX, XSIAM",,Medium,1–4hr,Active
SecOps,TC-AGTX-11,UC-AGTX,UCS-AGTX-06,Agentic Automation (AgentiX),MCP Integration & Extensibility,Validate Model Context Protocol (MCP) support enables AgentiX to integrate with custom and third-party AI tools without custom code,"Wires a custom threat model, a third-party vulnerability scanner, and an internal asset inventory in over Model Context Protocol with no connector code, testing whether extensibility costs 30 minutes of configuration rather than a development project and a release cycle.","Configure 3 MCP-based integrations (custom threat model, third-party vulnerability scanner, internal asset inventory); verify AgentiX consumes and acts on outputs",All 3 MCP integrations functional within 30 minutes of configuration; AgentiX correctly interprets and acts on MCP tool outputs,Asset Discovery Coverage,within 30 min,"Inspect XSIAM UI / query XQL dataset for configure 3 mcp-based integrations (custom threat model, third-party vulnerability scanner, internal asset inventory); verify agentix consumes and acts on outputs; compare to expected baseline",XSIAM UI + XQL,Execute scenario-specific simulation for MCP Integration & Extensibility,All 3 MCP integrations functional within 30 minutes of configuration,pov-scripts/secops/agtx/tc-agtx-11.md,"TBD — confirm tenant state, agent version, Broker VM config",Table Stakes,PARITY,"AgentiX, XSIAM",,High,1 day,Active
SecOps,TC-AGTX-12,UC-AGTX,UCS-AGTX-06,Agentic Automation (AgentiX),MCP Integration & Extensibility,Demonstrate extensible agent framework allows customers to build custom security agents using AgentiX SDK and existing playbook library,"Builds and ships a customer-authored compliance-check agent on the SDK within four hours, chaining it into five or more shipped playbooks at parity with built-in agents — proving the framework is genuinely programmable rather than a fixed vendor catalog.",Build custom compliance-check agent using AgentiX SDK; deploy into production environment; verify integration with existing playbook ecosystem,Custom agent deployed and operational within 4 hours; successfully chains with 5+ existing playbooks; performance matches built-in agents,Compliance Score,within 4 hours,Inspect XSIAM UI / query XQL dataset for build custom compliance-check agent using agentix sdk; deploy into production environment; verify integration with existing playbook ecosystem; compare to expected baseline,XSIAM UI + XQL,Trigger incident matching automated playbook conditions; measure playbook completion,Custom agent deployed and operational within 4 hours,pov-scripts/secops/agtx/tc-agtx-12.md,"TBD — confirm tenant state, agent version, Broker VM config",Table Stakes,PARITY,"AgentiX, XSIAM",,High,1 day,Active
SecOps,TC-AIRS-01,UC-AIRS,UCS-AIRS-01,AI Runtime Security (Prisma AIRS),AI Model Security Scanning,"Validate deep architectural analysis detects data poisoning, backdoors, and malicious code hidden within model layers that traditional scanners miss","Submits 20 models seeded with backdoors, poisoned training artifacts, and malicious code buried in serialized layers, testing inspection that reaches inside model weights and architecture rather than treating the model file as an opaque binary to hash and pass through.","Submit 20 AI models including 5 with known backdoors, 3 with data poisoning, and 2 with embedded malicious code; verify detection accuracy",95%+ detection of embedded threats with <3% false positive rate on clean models; full AI SBOM generated for each model,False Positive Rate,<3%,"Inspect Cortex Cloud dashboard / query /api endpoint for submit 20 ai models including 5 with known backdoors, 3 with data poisoning, and 2 with embedded malicious code; verify detection accuracy; compare to expected baseline",Cortex Cloud Runtime Alerts + /api/v1/alerts,Execute scenario-specific simulation for AI Model Security Scanning,95%+ detection of embedded threats with <3% false positive rate on clean models,pov-scripts/secops/airs/tc-airs-01.md,"TBD — confirm tenant state, agent version, Broker VM config",Table Stakes,PARITY,"Prisma AIRS, Cortex Cloud",,Medium,1–4hr,Active
SecOps,TC-AIRS-02,UC-AIRS,UCS-AIRS-01,AI Runtime Security (Prisma AIRS),AI Model Security Scanning,"Demonstrate AI Software Bill of Materials (AI SBOM) generation providing complete model provenance including architecture, training data, licenses, and dependencies","Scans ten production models to confirm a complete provenance chain — architecture, training-data lineage, open-source license posture, dependency tree — is emitted for each, giving the organization an answer to what is actually inside a model before a regulator asks.","Scan 10 production models; verify SBOM completeness covering model architecture, training dataset lineage, open-source license compliance, and software dependencies",100% SBOM generation with complete provenance chain for all models; license compliance gaps identified and flagged,Compliance Score,100%,"Inspect Cortex Cloud dashboard / query /api endpoint for scan 10 production models; verify sbom completeness covering model architecture, training dataset lineage, open-source license compliance, and software dependencies; compare to expected baseline",Cortex Cloud Policies + Alerts view,Execute scenario-specific simulation for AI Model Security Scanning,100% SBOM generation with complete provenance chain for all models,pov-scripts/secops/airs/tc-airs-02.md,"TBD — confirm tenant state, agent version, Broker VM config",Table Stakes,PARITY,"Prisma AIRS, Cortex Cloud",,Medium,1–4hr,Active
SecOps,TC-AIRS-03,UC-AIRS,UCS-AIRS-02,AI Runtime Security (Prisma AIRS),AI Agent Discovery & Governance,Validate discovery and inventory of all AI agents in use—sanctioned and shadow—across the enterprise environment,"Seeds an environment with 20 approved and 10 unapproved AI agents to measure discovery coverage, where the shadow half is the real test: the agents nobody registered are the ones already holding credentials and reading production data.",Deploy AIRS in environment with known mix of 20 sanctioned and 10 unsanctioned AI agents; verify complete discovery including shadow AI,100% discovery of sanctioned agents and 90%+ discovery of shadow AI agents within 24 hours of deployment,Asset Discovery Coverage,100%,Inspect Cortex Cloud dashboard / query /api endpoint for deploy airs in environment with known mix of 20 sanctioned and 10 unsanctioned ai agents; verify complete discovery including shadow ai; compare to expected baseline,Cortex Cloud Inventory (/api/v1/inventory),Execute scenario-specific simulation for AI Agent Discovery & Governance,100% discovery of sanctioned agents and 90%+ discovery of shadow AI agents within 24 hours of deployment,pov-scripts/secops/airs/tc-airs-03.md,"TBD — confirm tenant state, agent version, Broker VM config",Table Stakes,PARITY,"Prisma AIRS, Cortex Cloud",,Low,<1hr,Active
SecOps,TC-AIRS-04,UC-AIRS,UCS-AIRS-02,AI Runtime Security (Prisma AIRS),AI Agent Discovery & Governance,Demonstrate AI governance policy enforcement prevents non-compliant AI agents from accessing sensitive data or executing privileged actions,"Runs compliant and non-compliant agents against governance policies for data access, model provenance, and action permissions, confirming enforcement is preventive — the non-compliant agent is denied the sensitive dataset outright, not logged after it has already read it.","Configure governance policies for data access, model provenance, and action permissions; test with compliant and non-compliant agents",100% enforcement of governance policies; non-compliant agents blocked from sensitive data with clear remediation guidance,Remediation Success Rate,100%,"Inspect Cortex Cloud dashboard / query /api endpoint for configure governance policies for data access, model provenance, and action permissions; test with compliant and non-compliant agents; compare to expected baseline",Cortex Cloud Policies + Alerts view,Execute scenario-specific simulation for AI Agent Discovery & Governance,100% enforcement of governance policies,pov-scripts/secops/airs/tc-airs-04.md,"TBD — confirm tenant state, agent version, Broker VM config",Table Stakes,PARITY,"Prisma AIRS, Cortex Cloud",,Medium,1–4hr,Active
SecOps,TC-AIRS-05,UC-AIRS,UCS-AIRS-03,AI Runtime Security (Prisma AIRS),AI Red Team Testing,Validate continuous autonomous red teaming with 500+ attack types identifies AI-specific vulnerabilities in production models and agents,"Fires the full adversarial suite — prompt injection, jailbreak, training-data extraction, model inversion, adversarial inputs — at a production LLM, grading not only vulnerability-class coverage but whether each finding carries severity and remediation an ML engineering team can actually act on.","Run full red team suite against production LLM: prompt injection, jailbreak, data extraction, model inversion, adversarial inputs; verify finding quality",90%+ of known vulnerability classes tested; actionable findings with severity scoring and remediation guidance for each,Remediation Success Rate,90%,"Inspect Cortex Cloud dashboard / query /api endpoint for run full red team suite against production llm: prompt injection, jailbreak, data extraction, model inversion, adversarial inputs; verify finding quality; compare to expected baseline",Cortex Cloud Posture Dashboard + REST API,Execute scenario-specific simulation for AI Red Team Testing,90%+ of known vulnerability classes tested,pov-scripts/secops/airs/tc-airs-05.md,"TBD — confirm tenant state, agent version, Broker VM config",Table Stakes,PARITY,"Prisma AIRS, Cortex Cloud",,Medium,1–4hr,Active
SecOps,TC-AIRS-06,UC-AIRS,UCS-AIRS-03,AI Runtime Security (Prisma AIRS),AI Red Team Testing,Demonstrate AI red team integration with CI/CD pipeline provides automated security validation before model deployment,"Pushes a model update carrying a known vulnerability through the pipeline gate to confirm deployment is blocked with an actionable finding report, while clean models clear in under 15 minutes — shifting AI security left without stalling the MLOps release train.",Configure red team tests as CI/CD gate; deploy model update with known vulnerability; verify pipeline blocks deployment and reports finding,Vulnerable model deployment blocked at CI/CD gate with detailed finding report; clean models pass within 15 minutes,Pipeline gate accuracy,within 15 min,Inspect Cortex Cloud dashboard / query /api endpoint for configure red team tests as ci/cd gate; deploy model update with known vulnerability; verify pipeline blocks deployment and reports finding; compare to expected baseline,Cortex Cloud Posture Dashboard + REST API,Execute scenario-specific simulation for AI Red Team Testing,Vulnerable model deployment blocked at CI/CD gate with detailed finding report,pov-scripts/secops/airs/tc-airs-06.md,"TBD — confirm tenant state, agent version, Broker VM config",Table Stakes,PARITY,"Prisma AIRS, Cortex Cloud",,Low,<1hr,Active
SecOps,TC-AIRS-07,UC-AIRS,UCS-AIRS-04,AI Runtime Security (Prisma AIRS),AI Runtime Threat Prevention,"Validate real-time detection and blocking of prompt injection, jailbreak attempts, and malicious agent behaviors in production AI systems","Drives 200 adversarial inputs — direct and indirect injection, role-play jailbreaks, multi-turn manipulation — at a live AI application, where the binding constraint is holding false positives under 0.5% so inline runtime protection can stay enabled without breaking legitimate queries.","Submit 200 adversarial inputs to protected AI system: direct/indirect prompt injection, role-play jailbreaks, multi-turn manipulation; measure detection and blocking rates","95%+ blocking rate for known injection techniques, 85%+ for novel attacks, with <0.5% false positive rate on legitimate queries",False Positive Rate,<0.5%,"Inspect Cortex Cloud dashboard / query /api endpoint for submit 200 adversarial inputs to protected ai system: direct/indirect prompt injection, role-play jailbreaks, multi-turn manipulation; measure detection and blocking rates; compare to expected baseline",Cortex Cloud Runtime Alerts + /api/v1/alerts,Execute scenario-specific simulation for AI Runtime Threat Prevention,"95%+ blocking rate for known injection techniques, 85%+ for novel attacks, with <0.5% false positive rate on legitimate queries",pov-scripts/secops/airs/tc-airs-07.md,"TBD — confirm tenant state, agent version, Broker VM config",Table Stakes,PARITY,"Prisma AIRS, Cortex Cloud",,Medium,1–4hr,Active
SecOps,TC-AIRS-08,UC-AIRS,UCS-AIRS-04,AI Runtime Security (Prisma AIRS),AI Runtime Threat Prevention,Demonstrate AI runtime monitoring detects anomalous model behavior indicating compromise or drift from expected operational parameters,"Introduces graded behavioral shifts into a running model — output-distribution skew, elevated hallucination rate, unsanctioned tool invocation — and measures whether runtime telemetry flags the deviation against its learned baseline within an hour while holding false alarms under 5% and quantifying the drift.","Introduce subtle model behavior changes (output distribution shift, increased hallucination rate, unexpected tool calls); verify detection",Behavioral drift detected within 1 hour of onset with <5% false alarm rate; alerts include baseline comparison and drift quantification,Drift detection latency,<5%,"Inspect Cortex Cloud dashboard / query /api endpoint for introduce subtle model behavior changes (output distribution shift, increased hallucination rate, unexpected tool calls); verify detection; compare to expected baseline",Cortex Cloud Runtime Alerts + /api/v1/alerts,Execute scenario-specific simulation for AI Runtime Threat Prevention,Behavioral drift detected within 1 hour of onset with <5% false alarm rate,pov-scripts/secops/airs/tc-airs-08.md,"TBD — confirm tenant state, agent version, Broker VM config",Cloud-Native,PARITY,"Prisma AIRS, Cortex Cloud",,Medium,1–4hr,Active
SecOps,TC-AIRS-09,UC-AIRS,UCS-AIRS-05,AI Runtime Security (Prisma AIRS),AI Data Pipeline Protection,"Validate protection of AI training data pipelines against data poisoning, unauthorized access, and supply chain compromise","Attacks the training pipeline itself — poisoned sample injection, unauthorized dataset mutation, a tainted third-party corpus — to prove integrity violations are caught at pipeline execution time and that every access to training data and model artifacts lands in a complete audit trail.","Simulate attacks on training pipeline: inject poisoned samples, attempt unauthorized dataset modification, introduce compromised third-party dataset","100% detection of unauthorized modifications, 90%+ detection of poisoned samples, complete audit trail of all pipeline access",Completeness %,100%,"Inspect Cortex Cloud dashboard / query /api endpoint for simulate attacks on training pipeline: inject poisoned samples, attempt unauthorized dataset modification, introduce compromised third-party dataset; compare to expected baseline",Cortex Cloud Posture Dashboard + REST API,Execute scenario-specific simulation for AI Data Pipeline Protection,"100% detection of unauthorized modifications, 90%+ detection of poisoned samples, complete audit trail of all pipeline access",pov-scripts/secops/airs/tc-airs-09.md,"TBD — confirm tenant state, agent version, Broker VM config",Cloud-Native,PARITY,"Prisma AIRS, Cortex Cloud",,Medium,1–4hr,Active
SecOps,TC-AIRS-10,UC-AIRS,UCS-AIRS-05,AI Runtime Security (Prisma AIRS),AI Data Pipeline Protection,Demonstrate RAG (Retrieval Augmented Generation) knowledge base security prevents sensitive data leakage and unauthorized document access,"Loads a RAG knowledge base with mixed-sensitivity documents and attacks it with crafted retrieval prompts, proving authorization is enforced per-document at retrieval rather than at the chat surface, so privileged content never reaches an unentitled requester regardless of prompt phrasing.",Configure RAG system with mixed-sensitivity documents; attempt data extraction via crafted prompts; verify access controls and leakage prevention,Zero unauthorized data access across sensitivity levels; access controls enforced per-document with complete audit logging,Completeness %,Qualitative pass,Inspect Cortex Cloud dashboard / query /api endpoint for configure rag system with mixed-sensitivity documents; attempt data extraction via crafted prompts; verify access controls and leakage prevention; compare to expected baseline,Cortex Cloud Posture Dashboard + REST API,Execute scenario-specific simulation for AI Data Pipeline Protection,Zero unauthorized data access across sensitivity levels,pov-scripts/secops/airs/tc-airs-10.md,"TBD — confirm tenant state, agent version, Broker VM config",Table Stakes,PARITY,"Prisma AIRS, Cortex Cloud",,Medium,1–4hr,Active
SecOps,TC-XDL-01,UC-XDL,UCS-XDL-01,Extended Data Lake (XDL) & Observability,Data Ingestion & Normalization at Scale,"Validate XDL ingests and normalizes telemetry from 1,100+ integrations at petabyte scale with consistent schema mapping","Onboards fifty heterogeneous sources across endpoint, network, cloud, identity and SaaS to prove the lake maps disparate vendor schemas into a common model at 95%+ field accuracy and makes each source XQL-queryable within minutes, not the weeks a hand-built parser project costs.","Configure 50+ data sources across endpoint, network, cloud, identity, and SaaS; verify ingestion rates, schema normalization, and query readiness",All 50 sources ingesting within 2 hours; 95%+ field normalization accuracy; query-ready within 15 minutes of ingestion,Detection Accuracy,95%,"Inspect XSIAM UI / query XQL dataset for configure 50+ data sources across endpoint, network, cloud, identity, and saas; verify ingestion rates, schema normalization, and query readiness; compare to expected baseline",XQL query engine (/public_api/v1/xql/start_xql_query),Execute multi-stage attack chain (T1566 email → T1059 endpoint → T1021 lateral → T1078 cloud identity),All 50 sources ingesting within 2 hours,pov-scripts/secops/xdl/tc-xdl-01.md,"TBD — confirm tenant state, agent version, Broker VM config",Platform,PARITY,"XSIAM, XDL, Chronosphere",,Medium,1–4hr,Active
SecOps,TC-XDL-02,UC-XDL,UCS-XDL-01,Extended Data Lake (XDL) & Observability,Data Ingestion & Normalization at Scale,Demonstrate Chronosphere Telemetry Pipeline filters low-value noise to reduce data volumes by 30%+ while preserving security-relevant signals,"Routes raw telemetry through the pipeline before it reaches paid storage and compares pre- and post-filter volumes, proving 30%+ of low-value events can be dropped or aggregated at the edge without losing a single field that a detection rule or investigation actually reads.",Route full telemetry through Chronosphere Pipeline; compare pre/post filtering volumes; validate no security-critical signals lost,30%+ volume reduction with zero loss of security-relevant telemetry; 20x infrastructure reduction vs legacy alternatives,Volume reduction %,30%,Inspect XSIAM UI / query XQL dataset for route full telemetry through chronosphere pipeline; compare pre/post filtering volumes; validate no security-critical signals lost; compare to expected baseline,XSIAM UI + XQL,Execute scenario-specific simulation for Data Ingestion & Normalization at Scale,30%+ volume reduction with zero loss of security-relevant telemetry,pov-scripts/secops/xdl/tc-xdl-02.md,"TBD — confirm tenant state, agent version, Broker VM config",Table Stakes,PARITY,"XSIAM, XDL, Chronosphere",,Medium,1–4hr,Active
SecOps,TC-XDL-03,UC-XDL,UCS-XDL-02,Extended Data Lake (XDL) & Observability,Tiered Storage & Cost Optimization,Validate cost-efficient data lake tiers automatically route data based on access frequency and investigation relevance,Proves tier placement keys off real access patterns rather than a fixed age rule — investigation-hot data stays fast while compliance-only data ages down — yielding 40%+ storage cost reduction with no query slowdown analysts can perceive and sub-30-second cold-tier reach-back.,Configure hot/warm/cold tiers; verify auto-tiering logic routes high-frequency investigation data to hot tier and compliance data to cold tier,40%+ storage cost reduction with zero impact on active investigation query performance; cold tier data accessible within 30 seconds,Compliance Score,40%,Inspect XSIAM UI / query XQL dataset for configure hot/warm/cold tiers; verify auto-tiering logic routes high-frequency investigation data to hot tier and compliance data to cold tier; compare to expected baseline,XSIAM UI + XQL,Execute scenario-specific simulation for Tiered Storage & Cost Optimization,40%+ storage cost reduction with zero impact on active investigation query performance,pov-scripts/secops/xdl/tc-xdl-03.md,"TBD — confirm tenant state, agent version, Broker VM config",Table Stakes,PARITY,"XSIAM, XDL, Chronosphere",,Medium,1–4hr,Active
SecOps,TC-XDL-04,UC-XDL,UCS-XDL-03,Extended Data Lake (XDL) & Observability,Long-Term Retention for Compliance & Forensics,"Validate flexible long-term retention supports 1-7 year compliance requirements (PCI-DSS, HIPAA, SOX) with full query capability on archived data","Loads twelve months of data under PCI-DSS, HIPAA and SOX retention policies and runs XQL directly against the aged archive, proving retained data stays first-class and queryable in under a minute rather than sitting in an offline restore-and-wait tier that fails audit under time pressure.",Configure retention policies for different compliance frameworks; store 12 months of test data; verify query capability and compliance report generation on aged data,Retention policies enforced per compliance framework; full XQL query capability on 12-month archived data with <60 second response time,Compliance Score,<60 second,Inspect XSIAM UI / query XQL dataset for configure retention policies for different compliance frameworks; store 12 months of test data; verify query capability and compliance report generation on aged data; compare to expected baseline,XQL query engine (/public_api/v1/xql/start_xql_query),"Pre-seeded hunt dataset with 20–30 known IOCs across credential access, persistence, exfiltration",Retention policies enforced per compliance framework,pov-scripts/secops/xdl/tc-xdl-04.md,"TBD — confirm tenant state, agent version, Broker VM config",Table Stakes,PARITY,"XSIAM, XDL, Chronosphere",,Medium,1–4hr,Active
SecOps,TC-XDL-05,UC-XDL,UCS-XDL-03,Extended Data Lake (XDL) & Observability,Long-Term Retention for Compliance & Forensics,Demonstrate forensic investigation across retained data sets supports incident reconstruction with full cross-source correlation,"Reconstructs a full incident timeline from six-month-old endpoint, network and identity records, proving that cross-source correlation and entity stitching survive the move to cheap storage — aged data investigates at the same fidelity and speed as hot-tier telemetry, not as flat archived logs.","Simulate investigation requiring 6-month historical data across endpoint, network, and identity sources; verify cross-source correlation on retained data",Full investigation timeline reconstructed from 6-month retained data within 15 minutes; cross-source correlation maintains same fidelity as hot tier data,Cross-Source Correlation Rate,within 15 min,"Inspect XSIAM UI / query XQL dataset for simulate investigation requiring 6-month historical data across endpoint, network, and identity sources; verify cross-source correlation on retained data; compare to expected baseline",XSIAM UI + XQL,Execute multi-stage attack chain (T1566 email → T1059 endpoint → T1021 lateral → T1078 cloud identity),Full investigation timeline reconstructed from 6-month retained data within 15 minutes,pov-scripts/secops/xdl/tc-xdl-05.md,"TBD — confirm tenant state, agent version, Broker VM config",Platform,PARITY,"XSIAM, XDL, Chronosphere",,High,1 day,Active
SecOps,TC-XDL-06,UC-XDL,UCS-XDL-04,Extended Data Lake (XDL) & Observability,Cross-Source Federated Search,Validate federated search queries distributed data sources without additional ingestion or storage costs,"Issues one investigation query spanning an on-prem SIEM, a cloud data lake and a third-party log repository, proving results correlate in place within 30 seconds — no duplicate ingestion, no migration project, no second licensed copy of data the customer already pays to store.","Configure federated search across on-prem SIEM, cloud data lake, and third-party log repository; execute cross-source investigation query",Single query returns correlated results from all 3 distributed sources within 30 seconds without requiring data migration,Cross-Source Correlation Rate,within 30 sec,"Inspect XSIAM UI / query XQL dataset for configure federated search across on-prem siem, cloud data lake, and third-party log repository; execute cross-source investigation query; compare to expected baseline",XQL query engine (/public_api/v1/xql/start_xql_query),Execute multi-stage attack chain (T1566 email → T1059 endpoint → T1021 lateral → T1078 cloud identity),Single query returns correlated results from all 3 distributed sources within 30 seconds without requiring data migration,pov-scripts/secops/xdl/tc-xdl-06.md,"TBD — confirm tenant state, agent version, Broker VM config",Platform,PARITY,"XSIAM, XDL, Chronosphere",,High,1 day,Active
SecOps,TC-XDL-07,UC-XDL,UCS-XDL-04,Extended Data Lake (XDL) & Observability,Cross-Source Federated Search,Demonstrate federated search enables cost-effective investigation of data that would be prohibitively expensive to fully ingest,"Targets high-volume, low-query-frequency sources that are uneconomic to fully ingest and quantifies the federation tradeoff: roughly 75% lower cost of access against under a 2x latency penalty on the rare occasions an investigation actually reaches for them.","Identify high-volume, low-frequency-use data sources; configure federated access; compare cost of federation vs full ingestion",75%+ cost reduction for low-frequency data access vs full ingestion with <2x latency penalty for occasional queries,Discovery Latency,<2x,"Inspect XSIAM UI / query XQL dataset for identify high-volume, low-frequency-use data sources; configure federated access; compare cost of federation vs full ingestion; compare to expected baseline",XSIAM UI + XQL,Execute scenario-specific simulation for Cross-Source Federated Search,75%+ cost reduction for low-frequency data access vs full ingestion with <2x latency penalty for occasional queries,pov-scripts/secops/xdl/tc-xdl-07.md,"TBD — confirm tenant state, agent version, Broker VM config",Table Stakes,PARITY,"XSIAM, XDL, Chronosphere",,Medium,1–4hr,Active
SecOps,TC-XDL-08,UC-XDL,UCS-XDL-05,Extended Data Lake (XDL) & Observability,Observability-Security Convergence,Validate Chronosphere observability integration enables security teams to correlate application performance anomalies with security events,"Fires an application performance anomaly and a simulated attack at the same moment to prove the platform auto-attaches latency and error-rate context to the security incident within two minutes, surfacing the attack as root cause of the degradation instead of leaving two teams chasing separate symptoms.","Inject application anomaly (latency spike, error rate increase) simultaneously with simulated attack; verify security-observability correlation",Security incident auto-enriched with application performance context within 2 minutes; correlation surfaces attack as root cause of performance degradation,Discovery Latency,within 2 min,"Inspect XSIAM UI / query XQL dataset for inject application anomaly (latency spike, error rate increase) simultaneously with simulated attack; verify security-observability correlation; compare to expected baseline",XSIAM UI + XQL,Execute multi-stage attack chain (T1566 email → T1059 endpoint → T1021 lateral → T1078 cloud identity),Security incident auto-enriched with application performance context within 2 minutes,pov-scripts/secops/xdl/tc-xdl-08.md,"TBD — confirm tenant state, agent version, Broker VM config",Table Stakes,PARITY,"XSIAM, XDL, Chronosphere",,High,1 day,Active
SecOps,TC-XDL-09,UC-XDL,UCS-XDL-05,Extended Data Lake (XDL) & Observability,Observability-Security Convergence,Demonstrate unified security-observability dashboard enables joint SecOps/DevOps investigation reducing cross-team escalation time,Runs an incident that genuinely requires both security and performance context and measures whether it closes in a single pane with no handoff to DevOps — the cross-team escalation round-trip being where most of the resolution clock is normally spent.,Simulate incident requiring both security and performance context; verify unified dashboard enables single-pane investigation without team handoffs,Joint investigation completed in single dashboard without cross-team escalation; resolution time 50%+ faster than siloed approach,Completeness %,50%,Inspect XSIAM UI / query XQL dataset for simulate incident requiring both security and performance context; verify unified dashboard enables single-pane investigation without team handoffs; compare to expected baseline,XSIAM Incidents (XQL: dataset=incidents),Execute scenario-specific simulation for Observability-Security Convergence,Joint investigation completed in single dashboard without cross-team escalation,pov-scripts/secops/xdl/tc-xdl-09.md,"TBD — confirm tenant state, agent version, Broker VM config",Table Stakes,PARITY,"XSIAM, XDL, Chronosphere",,Low,<1hr,Active
SecOps,TC-AEPS-01,UC-AEPS,UCS-AEPS-01,Agentic Endpoint Security,Autonomous Endpoint Triage,Validate agentic triage autonomously investigates and dispositions endpoint alerts with >90% analyst-agreement accuracy,"Feeds a live endpoint alert queue to the autonomous triage agent and scores its dispositions against a blind analyst panel, establishing whether close/escalate decisions hold above 90% agreement — the bar at which tier-1 humans can credibly be removed from the loop rather than shadowing it.",TBD — DC authoring,TBD — DC authoring,Triage Automation Rate,>90%,TBD — DC authoring,XSIAM UI + XQL,TBD — DC authoring,TBD — DC authoring,pov-scripts/secops/aeps/tc-aeps-01.md,"TBD — confirm tenant state, agent version, AgentiX entitlement",AI-Native,EMERGING,"Cortex XDR, XSIAM",,Medium,1–4hr,Draft
SecOps,TC-AEPS-02,UC-AEPS,UCS-AEPS-02,Agentic Endpoint Security,Agentic Containment & Remediation,"Demonstrate autonomous containment (isolate, kill process, quarantine) with human-in-the-loop gates for high-risk actions","Exercises autonomous isolation, process termination and quarantine against live endpoint threats while confirming the approval gates hold — high-blast-radius actions pause for a human — so sub-five-minute containment is achieved without handing an agent an unbounded kill switch on production hosts.",TBD — DC authoring,TBD — DC authoring,MTTR,<5 min,TBD — DC authoring,XSIAM UI + XQL,TBD — DC authoring,TBD — DC authoring,pov-scripts/secops/aeps/tc-aeps-02.md,"TBD — confirm tenant state, agent version, AgentiX entitlement",AI-Native,EMERGING,"Cortex XDR, XSIAM",,Medium,1–4hr,Draft
SecOps,TC-AEPS-03,UC-AEPS,UCS-AEPS-03,Agentic Endpoint Security,Endpoint Investigation Agent,Validate endpoint investigation agent performs forensic collection and root-cause analysis across multi-vendor EDR estates,"Points the investigation agent at hosts running third-party EDR alongside Cortex sensors and checks that it still collects forensic artifacts and assembles a causal root-cause chain, proving the agentic layer reasons over a heterogeneous estate rather than only over one vendor's own sensor telemetry.",TBD — DC authoring,TBD — DC authoring,Completeness %,Qualitative pass,TBD — DC authoring,XSIAM UI + XQL,TBD — DC authoring,TBD — DC authoring,pov-scripts/secops/aeps/tc-aeps-03.md,"TBD — confirm tenant state, agent version, AgentiX entitlement",AI-Native,EMERGING,"Cortex XDR, XSIAM",,Medium,1–4hr,Draft
SecOps,TC-XTI-01,UC-XTI,UCS-XTI-01,Extended Threat Intelligence (XTI),Indicator Lifecycle Governance,"Validate indicator lifecycle governance — ingest, dedupe, score and auto-expire across 3+ feeds","Loads Unit 42, a commercial feed and an OSINT source carrying deliberately overlapping and time-expired indicators, then measures how many collapse to a single scored record and how many age out on policy — proving the intel store stays a decision-grade asset instead of an ever-growing list nobody trusts.",Indicator Lifecycle Integrity,Indicators from 3+ sources deduplicate into single scored records; expired indicators auto-retire on policy; no duplicate IOC drives a duplicate alert,Completeness %,>=95%,Query the XTI indicator store; compare ingested vs deduplicated vs active counts against feed ground truth,XSIAM Threat Intel (XQL: dataset=threat_intel),Inject 3 feeds with 20% deliberate indicator overlap and a set of past-expiry IOCs,"Deduplicated, scored indicator set with expired IOCs retired automatically",pov-scripts/xti/tc-xti-01.md,TBD — DC authoring,Ecosystem,LEAD,"XSIAM, XTI",,Medium,1–4hr,Draft
SecOps,TC-XTI-02,UC-XTI,UCS-XTI-01,Extended Threat Intelligence (XTI),Indicator Lifecycle Governance,Demonstrate confidence scoring suppresses low-fidelity intel before it reaches detection,"Feeds a corpus of indicators spanning high-confidence Unit 42 attributions to low-reputation OSINT scrapes, then confirms scoring thresholds gate which ones ever become detection content — measuring the false-positive alerts avoided versus ingesting every feed at equal weight.",Intel Confidence Scoring,Low-confidence indicators are scored below the detection threshold and never generate alerts; high-confidence intel promotes automatically,False Positive Rate,<5%,Compare alerts generated from scored intel vs a control run ingesting all indicators unweighted,XSIAM Threat Intel + Incidents,Ingest a labeled corpus mixing high-confidence and known-noisy indicators,Low-fidelity indicators suppressed pre-detection; FP rate below threshold,pov-scripts/xti/tc-xti-02.md,TBD — DC authoring,AI-Native,LEAD,"XSIAM, XTI",,Medium,1–4hr,Draft
SecOps,TC-XTI-03,UC-XTI,UCS-XTI-02,Extended Threat Intelligence (XTI),Intel-to-Enforcement Loop,Validate automated intel-to-EDL push blocks a live indicator at the NGFW,Promotes a validated malicious domain to an External Dynamic List and confirms the NGFW enforces the block on the next connection attempt — closing the loop from intel arrival to network denial without a human editing a blocklist.,Intel-to-Enforcement Latency,"Validated indicator reaches NGFW EDL and blocks live traffic within 15 minutes of intel promotion, with the block event correlating back to the source indicator",MTTR,<15 min,Timestamp intel promotion vs NGFW block event; query traffic logs for the denied connection,XSIAM Threat Intel + NGFW Traffic Logs (EDL enforcement),"Promote a controlled test domain to EDL, then generate an outbound connection to it",NGFW denies the connection; block event traces back to the promoting indicator,pov-scripts/xti/tc-xti-03.md,TBD — DC authoring,Ecosystem,MOAT,"XSIAM, XTI, NGFW",,Medium,1–4hr,Draft
SecOps,TC-XTI-04,UC-XTI,UCS-XTI-02,Extended Threat Intelligence (XTI),Intel-to-Enforcement Loop,Demonstrate enforcement rollback when an indicator is withdrawn or proves false-positive,"Withdraws a previously promoted indicator and confirms the EDL entry retracts and legitimate traffic restores automatically — proving the enforcement loop is reversible, the property that determines whether a customer will ever trust it to run unattended.",Enforcement Reversibility,Withdrawn indicator is removed from the EDL and traffic to the previously blocked destination restores without manual firewall intervention,Automation Rate,100%,Withdraw indicator; confirm EDL retraction and successful reconnection in traffic logs,XSIAM Threat Intel + NGFW Traffic Logs,Promote then withdraw a benign control domain,EDL entry retracted automatically; traffic restored with full audit trail,pov-scripts/xti/tc-xti-04.md,TBD — DC authoring,Ecosystem,LEAD,"XSIAM, XTI, NGFW",,Low,<1hr,Draft
SecOps,TC-XTI-05,UC-XTI,UCS-XTI-03,Extended Threat Intelligence (XTI),Retrospective Hunting on New Intel,Validate retro-hunt automatically sweeps historical telemetry when new intel lands,"Introduces a new indicator matching activity already present in historical data and confirms the platform retro-hunts the data lake and raises a case — proving the SOC learns about a compromise that already happened, rather than only watching forward from the moment intel arrives.",Retrospective Detection Coverage,New indicator triggers an automatic sweep of historical telemetry; prior matching activity surfaces as a case with full timeline,Detection Accuracy,100% of seeded historical matches,"Seed historical telemetry with matching activity, then introduce the indicator and confirm the retro-hunt case",XSIAM Threat Intel + Cortex XDL (historical telemetry),"Plant a matching artifact in telemetry 30 days back, then ingest the corresponding indicator",Retro-hunt raises a case citing the historical activity with timeline reconstruction,pov-scripts/xti/tc-xti-05.md,TBD — DC authoring,Platform,MOAT,"XSIAM, XTI, XDL",,High,1 day,Draft
SecOps,TC-XTI-06,UC-XTI,UCS-XTI-03,Extended Threat Intelligence (XTI),Retrospective Hunting on New Intel,Demonstrate scheduled intel-driven hunts against long-retention data without re-ingest cost,"Runs a scheduled hunt over cold-tier retained data using federated search and measures query completion and cost, proving long-look-back hunting does not require re-ingesting archived telemetry into hot storage.",Long-Retention Hunt Feasibility,Scheduled hunt executes across 12-month retained telemetry and returns results without re-ingestion; cost and runtime within operational bounds,Coverage %,>=90% of retention window,"Execute scheduled hunt over cold tier; measure runtime, result completeness and ingest cost delta",Cortex XDL federated search + XTI indicators,Schedule a hunt for a known indicator set across the full retention window,Hunt completes across the retention window with no additional ingestion charge,pov-scripts/xti/tc-xti-06.md,TBD — DC authoring,Platform,MOAT,"XSIAM, XTI, XDL",,High,1 day,Draft
SecOps,TC-XTI-07,UC-XTI,UCS-XTI-04,Extended Threat Intelligence (XTI),Attribution & Campaign Enrichment in Case Flow,Validate automatic attribution and campaign context attaches to a live case,"Raises a case from activity tied to a tracked actor and confirms attribution, campaign lineage and related indicators attach inline — measuring the portal pivots eliminated versus an analyst manually researching the same artifacts mid-investigation.",Enrichment Coverage & Speed,"Case auto-enriches with actor attribution, campaign context and related IOCs inline; analyst performs zero external portal lookups",Triage Automation Rate,>=80%,Count enrichment artifacts auto-attached vs those requiring manual lookup across a sample of cases,XSIAM Incidents + XTI enrichment,Trigger activity matching a tracked Unit 42 actor profile,Case carries actor attribution and campaign lineage without analyst action,pov-scripts/xti/tc-xti-07.md,TBD — DC authoring,Ecosystem,MOAT,"XSIAM, XTI",,Medium,1–4hr,Draft
SecOps,TC-XTI-08,UC-XTI,UCS-XTI-04,Extended Threat Intelligence (XTI),Attribution & Campaign Enrichment in Case Flow,Demonstrate intel-driven detection tuning from investigation outcomes,"Closes cases with true- and false-positive dispositions and confirms those outcomes feed back into indicator confidence, proving the intel store learns from the SOC rather than remaining a static one-way feed.",Feedback Loop Integrity,Case dispositions adjust indicator confidence scores; repeat false-positive indicators demote automatically on subsequent ingestion,Detection Accuracy,>=85%,Disposition a labeled case set; verify indicator confidence deltas and suppression on re-ingestion,XSIAM Incidents + XTI indicator scoring,Close a mixed set of TP/FP cases tied to specific indicators,Indicator confidence scores adjust from case outcomes; FP indicators demote,pov-scripts/xti/tc-xti-08.md,TBD — DC authoring,AI-Native,LEAD,"XSIAM, XTI",,Medium,1–4hr,Draft
SecOps,TC-XTI-09,UC-XTI,UCS-XTI-05,Extended Threat Intelligence (XTI),Intel-Driven Attack Surface Prioritization,Validate exposure prioritization re-ranks when intel shows active exploitation,"Introduces intel that a CVE present on the customer's external attack surface is under active exploitation, then confirms the exposure re-ranks to the top of the remediation queue — proving the surface is prioritized by adversary behavior rather than CVSS alone.",TI-ASM Correlation,Exposed assets carrying actively exploited CVEs re-prioritize above higher-CVSS but unexploited findings; remediation queue reorders automatically,Cross-Source Correlation Rate,>=90%,Compare queue ordering before and after exploitation intel lands; verify correlation of intel to exposed asset,Xpanse Asset Inventory + XTI exploitation intel,"Seed an exposed asset with a CVE, then introduce active-exploitation intel for that CVE",Exposure re-ranks to top of queue with exploitation evidence cited,pov-scripts/xti/tc-xti-09.md,TBD — DC authoring,Ecosystem,MOAT,"Xpanse, XSIAM, XTI",,High,1 day,Draft
SecOps,TC-XTI-10,UC-XTI,UCS-XTI-06,Extended Threat Intelligence (XTI),Community & ISAC Intel Exchange,Demonstrate bidirectional ISAC/community intel exchange with sanitization controls,"Publishes locally derived indicators outward to an ISAC feed while confirming sanitization strips customer-identifying context, proving the organization can contribute intel to its sector without leaking its own telemetry.",Intel Exchange Integrity,Locally derived indicators publish to the ISAC/community feed with customer-identifying fields stripped; inbound community intel ingests under the same lifecycle governance,Completeness %,100% sanitization,Publish a test indicator set; inspect outbound payload for residual identifying fields,XSIAM Threat Intel export/import (STIX/TAXII),Derive indicators locally and publish to a test ISAC endpoint,Sanitized indicators published; no customer-identifying context in payload,pov-scripts/xti/tc-xti-10.md,TBD — DC authoring,Ecosystem,LEAD,"XSIAM, XTI",,Medium,1–4hr,Draft
SecOps,TC-APB-01,UC-APB,UCS-APB-01,Autonomous Playbooks (AgentiX),The Autonomy Spectrum — Deterministic to Agentic,Validate an AI-embedded playbook adapts to an input the deterministic path cannot handle,"Feeds a playbook an incident variant outside its authored branches and confirms the embedded LLM node reasons over the unfamiliar input and completes the workflow, where a purely deterministic playbook would fall through to a human — quantifying the long-tail incidents automation now reaches.",Adaptive Workflow Execution,AI-embedded playbook completes on an incident variant with no matching authored branch; deterministic control playbook fails over to manual on the same input,Automation Rate,>=75% of long-tail variants,Run a corpus of off-pattern incidents through both an AI-embedded and a deterministic playbook; compare completion rates,XSIAM Playbook execution logs + AgentiX agent traces,Submit incident variants deliberately outside the authored decision branches,AI node reasons over the novel input and completes; deterministic control escalates to human,pov-scripts/apb/tc-apb-01.md,TBD — DC authoring,AI-Native,MOAT,"AgentiX, XSIAM",,Medium,1–4hr,Draft
SecOps,TC-APB-02,UC-APB,UCS-APB-01,Autonomous Playbooks (AgentiX),The Autonomy Spectrum — Deterministic to Agentic,Demonstrate graceful degradation from autonomous to human-in-the-loop on low confidence,"Drives an autonomous playbook into a low-confidence state and confirms it halts and escalates with its reasoning trace attached, rather than acting on a guess — the behavior that determines whether a security team will authorize autonomy in production at all.",Confidence-Gated Autonomy,Agent halts below the confidence threshold and escalates to an analyst with its full reasoning trace; no autonomous action is taken on low-confidence determinations,Detection Accuracy,100% of low-confidence cases escalated,Submit deliberately ambiguous incidents; verify halt-and-escalate behavior and trace completeness,AgentiX agent traces + XSIAM case audit log,Submit ambiguous incidents engineered to produce low model confidence,Agent escalates with reasoning trace; zero autonomous actions on ambiguous input,pov-scripts/apb/tc-apb-02.md,TBD — DC authoring,AI-Native,MOAT,"AgentiX, XSIAM",,Medium,1–4hr,Draft
SecOps,TC-APB-03,UC-APB,UCS-APB-02,Autonomous Playbooks (AgentiX),Natural-Language Playbook Authoring,Validate the Automation Engineer agent builds a working playbook from a natural-language prompt,"Describes a response workflow in plain language and measures whether the generated playbook executes correctly without hand-editing, collapsing playbook authoring from a specialist engineering task to something a tier-1 analyst can do in a sitting.",NL-to-Playbook Fidelity,Playbook generated from a natural-language prompt executes end-to-end without manual code correction across a set of representative workflows,Automation Rate,>=70% first-pass execution,Issue 10 natural-language workflow prompts; measure how many generated playbooks run correctly unedited,AgentiX Automation Engineer agent + playbook execution logs,Submit 10 plain-language response-workflow descriptions of varying complexity,Generated playbooks execute correctly on first run without manual code correction,pov-scripts/apb/tc-apb-03.md,TBD — DC authoring,AI-Native,MOAT,"AgentiX, XSOAR",,Medium,1–4hr,Draft
SecOps,TC-APB-04,UC-APB,UCS-APB-02,Autonomous Playbooks (AgentiX),Natural-Language Playbook Authoring,Demonstrate playbook maintenance — agent repairs a workflow broken by an API change,"Breaks an integration contract a playbook depends on and confirms the agent detects the failure and proposes a working repair, addressing the maintenance tax that quietly erodes every mature automation estate.",Automation Maintainability,"Agent identifies the breaking change, proposes a corrected playbook step, and the repaired workflow executes successfully",MTTR,<1 hr to repaired playbook,Introduce a breaking API schema change; time detection-to-working-repair,AgentiX agent traces + playbook execution logs,Alter an integration response schema a live playbook depends on,"Agent detects failure, proposes repair, repaired playbook executes",pov-scripts/apb/tc-apb-04.md,TBD — DC authoring,AI-Native,LEAD,"AgentiX, XSOAR",,Medium,1–4hr,Draft
SecOps,TC-APB-05,UC-APB,UCS-APB-03,Autonomous Playbooks (AgentiX),Governed Autonomy — Guardrails & Approval Gates,Validate policy guardrails block an out-of-scope autonomous action,"Instructs an agent toward an action outside its authorized blast radius — isolating a production domain controller — and confirms policy guardrails refuse it and route to approval, proving autonomy is bounded by policy rather than by the agent's own judgment.",Policy Enforcement,Out-of-scope actions are refused by guardrail policy and routed for human approval; no unauthorized action executes regardless of agent determination,Automation Rate,100% of out-of-scope actions blocked,Attempt a set of out-of-scope actions via agent; verify guardrail refusal and approval routing in the audit log,AgentiX governance policy engine + audit log,Direct the agent toward actions on protected/critical assets outside its authorized scope,Guardrail refuses the action and routes to approval; audit log records the refusal,pov-scripts/apb/tc-apb-05.md,TBD — DC authoring,Platform,MOAT,"AgentiX, XSIAM",,Medium,1–4hr,Draft
SecOps,TC-APB-06,UC-APB,UCS-APB-03,Autonomous Playbooks (AgentiX),Governed Autonomy — Guardrails & Approval Gates,Demonstrate full auditability — every autonomous action reconstructs to its reasoning and approver,"Reconstructs the complete decision trail for a set of agent-executed actions — inputs consumed, reasoning, policy evaluated, approver — proving the SOC can answer an auditor's question about why an agent did something months after the fact.",Autonomy Auditability,"Every agent action reconstructs end to end: triggering inputs, reasoning trace, policy decision, approver identity, and resulting change",Completeness %,100% of actions reconstructable,Sample executed agent actions; attempt full trail reconstruction from the audit log,AgentiX audit log + XSIAM case history,"Execute a batch of agent actions across several incident types, then audit them",Complete decision trail available for every action including approver identity,pov-scripts/apb/tc-apb-06.md,TBD — DC authoring,Platform,MOAT,"AgentiX, XSIAM",,Low,<1hr,Draft
SecOps,TC-APB-07,UC-APB,UCS-APB-04,Autonomous Playbooks (AgentiX),Autonomous Case Investigation,Validate the Case Investigation agent produces an analyst-grade case summary and next steps,"Hands the agent a multi-artifact case and grades its summary, evidence selection and recommended actions against an experienced analyst's own workup on the same case — measuring whether the output is decision-grade or merely descriptive.",AI Triage Accuracy,Agent-generated case summary identifies the same critical evidence and recommends the same next action as a senior analyst on a blind-graded case set,Triage Automation Rate,>=80% analyst agreement,Blind-grade agent summaries against senior-analyst workups on the same cases,AgentiX Case Investigation agent + XSIAM cases,Submit a set of multi-artifact cases of varying complexity,"Case summary, evidence highlights and next-step recommendation matching analyst judgment",pov-scripts/apb/tc-apb-07.md,TBD — DC authoring,AI-Native,MOAT,"AgentiX, XSIAM",,Medium,1–4hr,Draft
SecOps,TC-APB-08,UC-APB,UCS-APB-04,Autonomous Playbooks (AgentiX),Autonomous Case Investigation,Demonstrate end-to-end autonomous close of a routine incident class under approval gate,"Runs a routine incident class fully autonomously — investigation, containment, closure — with a single human approval gate, then measures elapsed time and analyst minutes consumed against the same class handled manually.",Autonomous Resolution,"Routine incident class investigates, contains and closes autonomously with one approval gate; analyst time per incident drops materially against the manual baseline",MTTR,>=50% reduction vs manual baseline,Time and staff-cost a routine incident class autonomously vs the manual baseline,AgentiX agent traces + XSIAM case metrics,"Feed a volume of a routine, well-understood incident class",Incidents close autonomously within SLA with a single approval touch,pov-scripts/apb/tc-apb-08.md,TBD — DC authoring,AI-Native,MOAT,"AgentiX, XSIAM",,High,1 day,Draft
SecOps,TC-APB-09,UC-APB,UCS-APB-05,Autonomous Playbooks (AgentiX),MCP-Native Tool Extensibility,Validate MCP-native integration of a customer tool with no prebuilt connector,"Connects a bespoke internal tool that has no prebuilt integration via MCP and confirms an agent invokes it inside a live playbook, proving automation extends to the customer's own estate rather than stopping at the vendor's connector catalog.",Extensibility Validation,Customer tool with no prebuilt connector is exposed via MCP and successfully invoked by an agent within a live playbook run,Coverage %,100% of targeted tools invocable,Expose a bespoke tool via MCP; execute an agent playbook that calls it and verify the result,AgentiX MCP server registry + playbook execution logs,Stand up a customer-representative internal tool behind an MCP endpoint,Agent discovers and invokes the tool successfully mid-playbook,pov-scripts/apb/tc-apb-09.md,TBD — DC authoring,Platform,MOAT,"AgentiX, XSOAR",,Medium,1–4hr,Draft
SecOps,TC-APB-10,UC-APB,UCS-APB-05,Autonomous Playbooks (AgentiX),MCP-Native Tool Extensibility,Demonstrate agent orchestration across SOC and IT tooling in one workflow,"Drives a workflow that spans the SOC platform and an IT system of record — opening a change ticket, patching, and closing the security case as one chain — proving the agent crosses the organizational boundary where most response workflows stall.",Cross-Functional Orchestration,"A single agent workflow spans security and IT systems: security case drives an IT change record, remediation executes, and the security case closes on confirmation",Automation Rate,>=80% of chain steps automated,Execute the cross-boundary workflow; count automated vs manually bridged steps,AgentiX + ITSM integration + XSIAM cases,Trigger a vulnerability requiring an IT-owned patch and change approval,Chain completes across security and IT with the security case closing on IT confirmation,pov-scripts/apb/tc-apb-10.md,TBD — DC authoring,Ecosystem,LEAD,"AgentiX, XSOAR, XSIAM",,High,1 day,Draft
Cloud,TC-PSER-01,UC-PSER,UCS-PSER-01,Posture Security Enterprise Readiness,Multi-Cloud Onboarding & Visibility — Ease of Deployment,"Validate Multi-Cloud Onboarding Verification — AWS, Azure, GCP accounts onboarded via Terraform/CloudFormation templates within 30 min","Times a live IaC-driven onboarding of AWS, Azure, and GCP accounts and confirms provider audit telemetry (CloudTrail, Activity Log, Audit Log) lands within 15 minutes — proving one onboarding path covers every CSP consistently rather than one cloud deeply and the rest as afterthoughts.",Multi-Cloud Onboarding Verification,"AWS, Azure, GCP accounts onboarded via Terraform/CloudFormation templates within 30 min; cloud telemetry (CloudTrail, Activity Log, Audit Log) flowing to Cortex Cloud within 15 min; zero degradation to existing posture monitoring",MTTD,within 30 min,Inspect Cortex Cloud dashboard / query /api endpoint for multi-cloud onboarding verification; compare to expected baseline,Cortex Cloud Posture Dashboard + REST API,Deploy test fixture representing Multi-Cloud Onboarding & Visibility — Ease of Deployment,"AWS, Azure, GCP accounts onboarded via Terraform/CloudFormation templates within 30 min",pov-scripts/cloud/pser/tc-pser-01.md,"TBD — confirm tenant state, agent version, Broker VM config",Cloud-Native,LEAD,Cortex Cloud,,High,1 day,Active
Cloud,TC-PSER-02,UC-PSER,UCS-PSER-02,Posture Security Enterprise Readiness,Reports & Dashboards,Validate Dashboard & Reporting Accuracy — Executive dashboard reflects accurate posture score across all onboarded accounts,"Reconciles the executive posture score and scheduled PDF/CSV exports against the underlying findings API, proving the number a CISO reports upward derives from the same live data an analyst queries, and that custom compliance queries return identical results run over run.",Dashboard & Reporting Accuracy,Executive dashboard reflects accurate posture score across all onboarded accounts; custom compliance queries return consistent results; scheduled PDF/CSV reports generate within SLA with correct data snapshots,Compliance Score,Qualitative pass,Inspect Cortex Cloud dashboard / query /api endpoint for dashboard & reporting accuracy; compare to expected baseline,Cortex Cloud Posture Dashboard + REST API,Deploy test fixture representing Reports & Dashboards,Executive dashboard reflects accurate posture score across all onboarded accounts,pov-scripts/cloud/pser/tc-pser-02.md,"TBD — confirm tenant state, agent version, Broker VM config",Table Stakes,LEAD,Cortex Cloud,,Low,<1hr,Active
Cloud,TC-CSPM-01,UC-CSPM,UCS-CSPM-01,Cloud Security Posture Management (CSPM),Cloud Asset Inventory,"Validate Cloud Asset Discovery & Inventory — All cloud assets discovered across connected accounts with accurate metadata (region, tags, network, owner)","Provisions net-new resources in each connected account and measures the delta between Cortex inventory and the provider console, proving discovery lands inside 15 minutes with region, tag, network, and owner metadata intact — including assets an agent-only estate structurally never sees.",Cloud Asset Discovery & Inventory,"All cloud assets discovered across connected accounts with accurate metadata (region, tags, network, owner); asset count matches or exceeds cloud provider console inventory; new assets detected within 15 min of provisioning",Asset Discovery Coverage,within 15 min,Inspect Cortex Cloud dashboard / query /api endpoint for cloud asset discovery & inventory; compare to expected baseline,Cortex Cloud Inventory (/api/v1/inventory),"Provision 50+ net-new assets via Terraform across AWS/Azure/GCP (compute, storage, network, IAM)","All cloud assets discovered across connected accounts with accurate metadata (region, tags, network, owner)",pov-scripts/cloud/cspm/tc-cspm-01.md,"TBD — confirm tenant state, agent version, Broker VM config",Table Stakes,LEAD,Cortex Cloud,,Low,<1hr,Active
Cloud,TC-CSPM-02,UC-CSPM,UCS-CSPM-02,Cloud Security Posture Management (CSPM),Cloud Security Policy Management,"Validate Security Policy Enforcement — OOTB policies (CIS, NIST, SOC2) evaluate correctly against target resources","Runs the OOTB CIS/NIST/SOC2 packs against seeded misconfigurations, then authors an RQL policy for a customer-specific control, proving both paths flag the same resource at correct severity and emit CLI and IaC remediation the platform team can execute as written.",Security Policy Enforcement,"OOTB policies (CIS, NIST, SOC2) evaluate correctly against target resources; custom policies created via RQL detect intended misconfigurations; policy violations surface with accurate severity, affected resource, and CLI/IaC remediation steps",Remediation Success Rate,Qualitative pass,Inspect Cortex Cloud dashboard / query /api endpoint for security policy enforcement; compare to expected baseline,Cortex Cloud Policies + Alerts view,"Deploy test fixtures with intentional misconfigurations (open SGs, public buckets, over-permissive IAM)","OOTB policies (CIS, NIST, SOC2) evaluate correctly against target resources",pov-scripts/cloud/cspm/tc-cspm-02.md,"TBD — confirm tenant state, agent version, Broker VM config",Table Stakes,LEAD,Cortex Cloud,,Medium,1–4hr,Active
Cloud,TC-CSPM-03,UC-CSPM,UCS-CSPM-03,Cloud Security Posture Management (CSPM),Cases & Issues,Validate Issue Triage & Case Management — Security findings surface as prioritized Cases with accurate severity scoring,"Seeds findings across several resource owners and confirms they aggregate into prioritized Posture cases routed by tag and account, then remediates one and verifies resolution state reflects the actual resource condition rather than an analyst marking a ticket closed.",Issue Triage & Case Management,Security findings surface as prioritized Cases with accurate severity scoring; triage workflow routes findings to correct owner based on resource tags/account; resolution tracking reflects actual remediation state with evidence,Triage Automation Rate,Qualitative pass,Inspect Cortex Cloud dashboard / query /api endpoint for issue triage & case management; compare to expected baseline,Cortex Cloud Posture Dashboard + REST API,Deploy test fixture representing Cases & Issues,Security findings surface as prioritized Cases with accurate severity scoring,pov-scripts/cloud/cspm/tc-cspm-03.md,"TBD — confirm tenant state, agent version, Broker VM config",Table Stakes,LEAD,Cortex Cloud,,Medium,1–4hr,Active
Cloud,TC-CSPM-04,UC-CSPM,UCS-CSPM-04,Cloud Security Posture Management (CSPM),Posture Security Management,"Validate Posture Assessment & Management — Posture assessment covers all connected resources across CSPM, CWPP, CIEM, and DSPM modules","Runs a single assessment pass across CSPM, CWPP, CIEM, and DSPM findings on the same asset and verifies risk scoring separates exploitable-and-exposed from informational — proof that config, workload, identity, and data signals resolve in one model instead of four disconnected consoles.",Posture Assessment & Management,"Posture assessment covers all connected resources across CSPM, CWPP, CIEM, and DSPM modules; findings align with expected test conditions; risk scoring differentiates critical (exploitable + exposed) from informational",MTTD,Qualitative pass,Inspect Cortex Cloud dashboard / query /api endpoint for posture assessment & management; compare to expected baseline,Cortex Cloud Posture Dashboard + REST API,Deploy test fixture representing Posture Security Management,"Posture assessment covers all connected resources across CSPM, CWPP, CIEM, and DSPM modules",pov-scripts/cloud/cspm/tc-cspm-04.md,"TBD — confirm tenant state, agent version, Broker VM config",Table Stakes,LEAD,Cortex Cloud,,Medium,1–4hr,Active
Cloud,TC-CSPM-05,UC-CSPM,UCS-CSPM-05,Cloud Security Posture Management (CSPM),Agentless Scanning,Validate Agentless Scanning Coverage — vulnerability + compliance findings match agent-based baselines within 5% variance,"Withholds agents from a sample workload set and compares agentless vulnerability and compliance output against the agent-based baseline, proving under 5% variance and over 95% inventory coverage within 24 hours — visibility on the hosts where an agent will never be installed.",Agentless Scanning Coverage,"Agentless scanning discovers workloads (VMs, containers, Lambda) without agent deployment; vulnerability + compliance findings match agent-based baselines within 5% variance; scan coverage reaches >95% of target inventory within 24hr",Asset Discovery Coverage,>95%,Inspect Cortex Cloud dashboard / query /api endpoint for agentless scanning coverage; compare to expected baseline,Cortex Cloud Posture Dashboard + REST API,Deploy test fixture representing Agentless Scanning,"Agentless scanning discovers workloads (VMs, containers, Lambda) without agent deployment",pov-scripts/cloud/cspm/tc-cspm-05.md,"TBD — confirm tenant state, agent version, Broker VM config",Table Stakes,LEAD,Cortex Cloud,,Medium,1–4hr,Active
Cloud,TC-CVM-01,UC-CVM,UCS-CVM-01,Vulnerability Management,Vulnerability Management,"Validate Workload Vulnerability Detection — Known CVEs detected across VMs, containers, and serverless with accurate CVSS scoring","Sweeps VMs, containers and serverless functions for known CVEs using both agent and agentless collection, confirming package-level fix availability is surfaced and that prioritization fuses CVSS with EPSS and exploit-in-the-wild status — coverage reaching workloads no agent could be installed on.",Workload Vulnerability Detection,"Known CVEs detected across VMs, containers, and serverless with accurate CVSS scoring; host-level vulnerability view shows affected packages with version and fix availability; prioritization combines CVSS + EPSS + exploit-in-wild status",MTTD,Qualitative pass,Inspect XSIAM UI / query XQL dataset for workload vulnerability detection; compare to expected baseline,XSIAM UI + XQL · Cortex Cloud Runtime Alerts + /api/v1/alerts,"Deploy workloads with known CVEs (e.g., Log4Shell container, unpatched RDS); seed vulnerability intel","Known CVEs detected across VMs, containers, and serverless with accurate CVSS scoring",pov-scripts/cloud/cvm/tc-cvm-01.md,"TBD — confirm tenant state, agent version, Broker VM config",Table Stakes,LEAD,"Cortex Cloud, XSIAM",,Medium,1–4hr,Active
Cloud,TC-CVM-02,UC-CVM,UCS-CVM-02,Vulnerability Management,Vulnerability Intelligence,"Validate Vulnerability Intelligence Enrichment — Findings enriched with Unit 42 exploit intelligence, CISA KEV status, and EPSS score","Injects a low-CVSS but actively exploited CVE alongside a high-CVSS theoretical one, then confirms Unit 42 exploit intelligence, CISA KEV status, and EPSS drive the exploited finding to the top of the queue with remediation naming the specific patched version.",Vulnerability Intelligence Enrichment,"Findings enriched with Unit 42 exploit intelligence, CISA KEV status, and EPSS score; intelligence-driven prioritization correctly elevates actively exploited CVEs over higher-CVSS theoretical risks; remediation references specific patched versions",Remediation Success Rate,Qualitative pass,Inspect XSIAM UI / query XQL dataset for vulnerability intelligence enrichment; compare to expected baseline,XSIAM UI + XQL · Cortex Cloud Posture Dashboard + REST API,"Deploy workloads with known CVEs (e.g., Log4Shell container, unpatched RDS); seed vulnerability intel","Findings enriched with Unit 42 exploit intelligence, CISA KEV status, and EPSS score",pov-scripts/cloud/cvm/tc-cvm-02.md,"TBD — confirm tenant state, agent version, Broker VM config",Table Stakes,LEAD,"Cortex Cloud, XSIAM",,Medium,1–4hr,Active
Cloud,TC-CVM-03,UC-CVM,UCS-CVM-03,Vulnerability Management,Internet Exposure Detection,Demonstrate Internet Exposure Correlation — Internet-facing vulnerable assets identified by correlating vulnerability findings with Xpanse external exposure data,"Joins vulnerability findings to externally-observed exposure data so risk is scored on reachability rather than raw severity, and renders the internet → vulnerable service → sensitive data attack path that separates the handful of genuinely urgent CVEs from a backlog of thousands.",Internet Exposure Correlation,Internet-facing vulnerable assets identified by correlating vulnerability findings with Xpanse external exposure data; risk scoring combines vulnerability severity + exposure context; attack path shows internet → vulnerability → sensitive data chain,Cross-Source Correlation Rate,Qualitative pass,Inspect XSIAM UI / query XQL dataset for internet exposure correlation; compare to expected baseline,XSIAM UI + XQL · Cortex Cloud Posture Dashboard + REST API,Deploy test fixture representing Internet Exposure Detection,Internet-facing vulnerable assets identified by correlating vulnerability findings with Xpanse external exposure data,pov-scripts/cloud/cvm/tc-cvm-03.md,"TBD — confirm tenant state, agent version, Broker VM config",Table Stakes,LEAD,"Cortex Cloud, XSIAM",,High,1 day,Active
Cloud,TC-CCMP-01,UC-CCMP,UCS-CCMP-01,Compliance,Schedule Compliance Reports,Validate Scheduled Compliance Reporting — Scheduled compliance reports generate on defined cadence (daily/weekly/monthly),"Schedules recurring reports against a deliberately changing posture state and verifies each artifact snapshots the environment as it stood at run time, with evidence attached — audit packages assembled from configuration, data, identity, Kubernetes, and AI scanners without a manual evidence pull.",Scheduled Compliance Reporting,Scheduled compliance reports generate on defined cadence (daily/weekly/monthly); report content reflects current posture state at generation time; PDF/CSV format meets audit submission requirements with evidence screenshots,Compliance Score,Qualitative pass,Inspect Cortex Cloud dashboard / query /api endpoint for scheduled compliance reporting; compare to expected baseline,Cortex Cloud Policies + Alerts view,"Deploy test fixtures with intentional misconfigurations (open SGs, public buckets, over-permissive IAM)",Scheduled compliance reports generate on defined cadence (daily/weekly/monthly),pov-scripts/cloud/ccmp/tc-ccmp-01.md,"TBD — confirm tenant state, agent version, Broker VM config",Cloud-Native,LEAD,Cortex Cloud,,Low,<1hr,Active
Cloud,TC-CCMP-02,UC-CCMP,UCS-CCMP-02,Compliance,Compliance Dashboard,Validate Compliance Dashboard Accuracy — Dashboard reflects accurate control coverage per standard,"Drills from a failing control through to the affected resources and confirms per-standard coverage math matches the underlying findings, then re-runs after a fix to prove the trend line tracks real posture improvement rather than a shifting filter or scope.",Compliance Dashboard Accuracy,Dashboard reflects accurate control coverage per standard; trend tracking shows posture improvement over time; drill-down from control → findings → affected resources with one-click remediation guidance,Coverage %,Qualitative pass,Inspect Cortex Cloud dashboard / query /api endpoint for compliance dashboard accuracy; compare to expected baseline,Cortex Cloud Policies + Alerts view,"Deploy test fixtures with intentional misconfigurations (open SGs, public buckets, over-permissive IAM)",Dashboard reflects accurate control coverage per standard,pov-scripts/cloud/ccmp/tc-ccmp-02.md,"TBD — confirm tenant state, agent version, Broker VM config",Table Stakes,LEAD,Cortex Cloud,,Low,<1hr,Active
Cloud,TC-CCMP-03,UC-CCMP,UCS-CCMP-03,Compliance,OOTB Compliance Standards Catalog,"Validate OOTB Compliance Standards Coverage — All target standards (CIS, NIST 800-53, SOC2, PCI-DSS, HIPAA, GDPR) available with accurate control mappings","Enumerates the OOTB standards catalog against the customer's actual regulatory set (CIS, NIST 800-53, SOC2, PCI-DSS, HIPAA, GDPR), verifying control-to-check mappings are accurate and that gap analysis names controls no scanner currently assesses — the honest denominator behind any compliance score.",OOTB Compliance Standards Coverage,"All target standards (CIS, NIST 800-53, SOC2, PCI-DSS, HIPAA, GDPR) available with accurate control mappings; compliance score reflects actual resource state; gap analysis identifies unassessed controls",Coverage %,Qualitative pass,Inspect Cortex Cloud dashboard / query /api endpoint for ootb compliance standards coverage; compare to expected baseline,Cortex Cloud Policies + Alerts view,"Deploy test fixtures with intentional misconfigurations (open SGs, public buckets, over-permissive IAM)","All target standards (CIS, NIST 800-53, SOC2, PCI-DSS, HIPAA, GDPR) available with accurate control mappings",pov-scripts/cloud/ccmp/tc-ccmp-03.md,"TBD — confirm tenant state, agent version, Broker VM config",Table Stakes,LEAD,Cortex Cloud,,Medium,1–4hr,Active
Cloud,TC-CCMP-04,UC-CCMP,UCS-CCMP-04,Compliance,Custom Compliance Standards,Validate Custom Compliance Framework — Custom compliance standards created with organization-specific controls,"Authors a standard from the customer's internal control language, binds each control to the correct resource types and evaluation logic, and proves scoring uses the same methodology as OOTB frameworks so internal and regulatory posture can be reported on one axis.",Custom Compliance Framework,Custom compliance standards created with organization-specific controls; custom controls map to correct resource types and evaluation logic; scoring methodology consistent with OOTB standards,Compliance Score,Qualitative pass,Inspect Cortex Cloud dashboard / query /api endpoint for custom compliance framework; compare to expected baseline,Cortex Cloud Policies + Alerts view,"Deploy test fixtures with intentional misconfigurations (open SGs, public buckets, over-permissive IAM)",Custom compliance standards created with organization-specific controls,pov-scripts/cloud/ccmp/tc-ccmp-04.md,"TBD — confirm tenant state, agent version, Broker VM config",Table Stakes,LEAD,Cortex Cloud,,Medium,1–4hr,Active
Cloud,TC-CRPS-01,UC-CRPS,UCS-CRPS-01,Risk Prioritization & Scoring,Utilize Graph Search to visualize security findings,"Validate Graph Search Visualization — Graph Search returns accurate asset relationships, attack paths, and finding interconnections","Pivots from one exposed asset through the graph to its reachable neighbors and the findings that chain them, proving posture, runtime, and identity relationships are queryable as a single topology — the interactive attack-path investigation a per-asset risk score cannot produce.",Graph Search Visualization,"Graph Search returns accurate asset relationships, attack paths, and finding interconnections; visualization correctly represents network topology and trust boundaries; queries support interactive investigation workflow",MTTD,Qualitative pass,Inspect Cortex Cloud dashboard / query /api endpoint for graph search visualization; compare to expected baseline,Cortex Cloud Posture Dashboard + REST API,Deploy test fixture representing Utilize Graph Search to visualize security findings,"Graph Search returns accurate asset relationships, attack paths, and finding interconnections",pov-scripts/cloud/crps/tc-crps-01.md,"TBD — confirm tenant state, agent version, Broker VM config",Table Stakes,MOAT,Cortex Cloud,,Medium,1–4hr,Active
Cloud,TC-CRPS-02,UC-CRPS,UCS-CRPS-02,Risk Prioritization & Scoring,Risk Prioritization,"Validate Risk Scoring Model Validation — Risk scores combine multiple signals (exploit context, exposure, blast radius, data sensitivity)","Scores the same estate twice to prove SmartScore is repeatable, then decomposes a top-ranked finding to show exploit context, internet exposure, blast radius, and data sensitivity each contributed — and that an analyst can retune the weighting without leaving the scoring model.",Risk Scoring Model Validation,"Risk scores combine multiple signals (exploit context, exposure, blast radius, data sensitivity); scoring produces consistent, repeatable results across test runs; Urgent Risk findings correctly separated from noise",MTTD,Qualitative pass,Inspect Cortex Cloud dashboard / query /api endpoint for risk scoring model validation; compare to expected baseline,Cortex Cloud Posture Dashboard + REST API,Deploy test fixture representing Risk Prioritization,"Risk scores combine multiple signals (exploit context, exposure, blast radius, data sensitivity)",pov-scripts/cloud/crps/tc-crps-02.md,"TBD — confirm tenant state, agent version, Broker VM config",Table Stakes,MOAT,Cortex Cloud,,Medium,1–4hr,Active
Cloud,TC-CRPS-03,UC-CRPS,UCS-CRPS-03,Risk Prioritization & Scoring,Asset Groups,"Validate Asset Group Risk Aggregation — Asset groups correctly segment resources by business unit, environment, or custom criteria","Builds asset groups from business-unit tags and environment metadata, then verifies group-level risk aggregates finding severity weighted by asset criticality — letting a CISO compare portfolio risk across business units instead of ranking thousands of undifferentiated per-asset scores.",Asset Group Risk Aggregation,"Asset groups correctly segment resources by business unit, environment, or custom criteria; group-level risk score aggregates finding severity weighted by asset criticality; cross-group comparison enables portfolio risk management",MTTD,Qualitative pass,Inspect Cortex Cloud dashboard / query /api endpoint for asset group risk aggregation; compare to expected baseline,Cortex Cloud Inventory (/api/v1/inventory),"Provision 50+ net-new assets via Terraform across AWS/Azure/GCP (compute, storage, network, IAM)","Asset groups correctly segment resources by business unit, environment, or custom criteria",pov-scripts/cloud/crps/tc-crps-03.md,"TBD — confirm tenant state, agent version, Broker VM config",Table Stakes,MOAT,Cortex Cloud,,Medium,1–4hr,Active
Cloud,TC-CRWA-01,UC-CRWA,UCS-CRWA-01,Cloud Remediation & Workflow Automation,Remediation Guidance,"Validate Remediation Guidance Accuracy — Remediation guidance includes cloud provider-specific CLI commands, IaC fixes (Terraform/CloudFormation), and console steps","Takes a live misconfiguration and executes the supplied remediation exactly as written — provider CLI, Terraform/CloudFormation, or console steps — then rescans to confirm the finding actually closes, proving guidance is derived from current resource state rather than generic vendor documentation.",Remediation Guidance Accuracy,"Remediation guidance includes cloud provider-specific CLI commands, IaC fixes (Terraform/CloudFormation), and console steps; guidance tested against actual resource state; fix verification confirms finding resolved",Detection Accuracy,Qualitative pass,Inspect Cortex Cloud dashboard / query /api endpoint for remediation guidance accuracy; compare to expected baseline,Cortex Cloud Posture Dashboard + REST API,Deploy test fixture representing Remediation Guidance,"Remediation guidance includes cloud provider-specific CLI commands, IaC fixes (Terraform/CloudFormation), and console steps",pov-scripts/cloud/crwa/tc-crwa-01.md,"TBD — confirm tenant state, agent version, Broker VM config",Table Stakes,LEAD,"Cortex Cloud, AgentiX",,Medium,1–4hr,Active
Cloud,TC-CRWA-02,UC-CRWA,UCS-CRWA-02,Cloud Remediation & Workflow Automation,Playbooks & Automation,Validate Playbook Automation Execution — execution audit trail captures all actions,"Fires a remediation playbook at a resource that is deliberately locked or permission-denied and confirms it retries and fails gracefully rather than half-completing, with every action, context lookup, and decision captured in an audit trail a change-control reviewer can replay.",Playbook Automation Execution,"Remediation playbooks execute successfully for supported finding types; automation handles expected failure modes (permission denied, resource locked) gracefully with retry logic; execution audit trail captures all actions",Automation Rate,Qualitative pass,Inspect Cortex Cloud dashboard / query /api endpoint for playbook automation execution; compare to expected baseline,Cortex Cloud Posture Dashboard + REST API,Deploy test fixture representing Playbooks & Automation,Remediation playbooks execute successfully for supported finding types,pov-scripts/cloud/crwa/tc-crwa-02.md,"TBD — confirm tenant state, agent version, Broker VM config",Table Stakes,LEAD,"Cortex Cloud, AgentiX",,Medium,1–4hr,Active
Cloud,TC-CRWA-03,UC-CRWA,UCS-CRWA-03,Cloud Remediation & Workflow Automation,Scripted Remediation,Validate Scripted Remediation Execution — Custom remediation scripts execute correctly against target resources via Cortex Cloud automation,"Deploys a custom Python remediation into a playbook and runs it against a resource with cross-region dependencies, proving the script handles the edge case and that rollback restores prior state when the fix fails — the precondition for letting automation run unattended.",Scripted Remediation Execution,"Custom remediation scripts execute correctly against target resources via Cortex Cloud automation; scripts handle edge cases (resource dependencies, cross-region); rollback capability restores previous state if remediation fails",Automation Rate,Qualitative pass,Inspect Cortex Cloud dashboard / query /api endpoint for scripted remediation execution; compare to expected baseline,Cortex Cloud Posture Dashboard + REST API,Deploy test fixture representing Scripted Remediation,Custom remediation scripts execute correctly against target resources via Cortex Cloud automation,pov-scripts/cloud/crwa/tc-crwa-03.md,"TBD — confirm tenant state, agent version, Broker VM config",Table Stakes,LEAD,"Cortex Cloud, AgentiX",,Medium,1–4hr,Active
Cloud,TC-CRWA-04,UC-CRWA,UCS-CRWA-04,Cloud Remediation & Workflow Automation,Misconfigurations Autoremediation,Validate Auto-Remediation Reliability — Automated remediation resolves target misconfigurations without human intervention,"Introduces a known misconfiguration (public bucket, logging disabled), lets auto-remediation run with no human in the loop, and verifies the fix-verification rescan flips the finding FAIL to PASS with zero collateral change to dependent resources — a closed loop, not a ticket.",Auto-Remediation Reliability,Automated remediation resolves target misconfigurations without human intervention; no unintended side effects on related resources; fix verification scan confirms finding state changed from FAIL to PASS,Automation Rate,Qualitative pass,Inspect Cortex Cloud dashboard / query /api endpoint for auto-remediation reliability; compare to expected baseline,Cortex Cloud Posture Dashboard + REST API,Deploy test fixture representing Misconfigurations Autoremediation,Automated remediation resolves target misconfigurations without human intervention,pov-scripts/cloud/crwa/tc-crwa-04.md,"TBD — confirm tenant state, agent version, Broker VM config",Cloud-Native,LEAD,"Cortex Cloud, AgentiX",,Medium,1–4hr,Active
Cloud,TC-CRWA-05,UC-CRWA,UCS-CRWA-05,Cloud Remediation & Workflow Automation,3rd Party Ticketing Integration,Demonstrate Ticketing Integration Sync — Bidirectional sync with Jira/ServiceNow creates tickets from findings with full context,"Pushes cloud findings into Jira and ServiceNow with full finding context intact and drives status back the other way, proving the loop closes bidirectionally so remediation SLA clocks measure real engineering throughput instead of decaying in a spreadsheet nobody owns.",Ticketing Integration Sync,"Bidirectional sync with Jira/ServiceNow creates tickets from findings with full context; status updates (In Progress, Resolved) sync back to Cortex Cloud; SLA tracking measures remediation time against organizational targets",Remediation Success Rate,Qualitative pass,Inspect Cortex Cloud dashboard / query /api endpoint for ticketing integration sync; compare to expected baseline,Cortex Cloud Posture Dashboard + REST API,Deploy test fixture representing 3rd Party Ticketing Integration,Bidirectional sync with Jira/ServiceNow creates tickets from findings with full context,pov-scripts/cloud/crwa/tc-crwa-05.md,"TBD — confirm tenant state, agent version, Broker VM config",Table Stakes,LEAD,"Cortex Cloud, AgentiX",,High,1 day,Active
Cloud,TC-KSPM-01,UC-KSPM,UCS-KSPM-01,Kubernetes Security Posture Management (KSPM),Kubernetes Assets Ingestion,"Validate Kubernetes Asset Discovery — All cluster resources (pods, services, deployments, namespaces, RBAC) discovered with accurate metadata","Connects EKS, AKS, GKE, and a self-hosted cluster through the lightweight connector and verifies pods, services, deployments, namespaces, and RBAC arrive with the deployment-to-replicaset-to-pod-to-container lineage intact — the relationship graph that makes a container finding attributable to a workload owner.",Kubernetes Asset Discovery,"All cluster resources (pods, services, deployments, namespaces, RBAC) discovered with accurate metadata; resource relationships mapped (deployment → replicaset → pod → container); discovery covers EKS, AKS, GKE, and self-hosted",Asset Discovery Coverage,Qualitative pass,Inspect Cortex Cloud dashboard / query /api endpoint for kubernetes asset discovery; compare to expected baseline,Cortex Cloud Inventory (/api/v1/inventory),"Provision 50+ net-new assets via Terraform across AWS/Azure/GCP (compute, storage, network, IAM)","All cluster resources (pods, services, deployments, namespaces, RBAC) discovered with accurate metadata",pov-scripts/cloud/kspm/tc-kspm-01.md,"TBD — confirm tenant state, agent version, Broker VM config",Cloud-Native,LEAD,Cortex Cloud,,Low,<1hr,Active
Cloud,TC-KSPM-02,UC-KSPM,UCS-KSPM-02,Kubernetes Security Posture Management (KSPM),KSPM Dashboard,Validate Kubernetes Dashboard & CIS Benchmarks — KSPM dashboard reflects accurate cluster posture against CIS Kubernetes Benchmark,"Measures cluster posture against the CIS Kubernetes Benchmark and drills a failing control down to the specific workloads and manifest lines that violate it, proving the dashboard yields YAML-level fixes an owner can merge rather than a cluster-wide score nobody owns.",Kubernetes Dashboard & CIS Benchmarks,KSPM dashboard reflects accurate cluster posture against CIS Kubernetes Benchmark; findings mapped to specific CIS controls; drill-down from control → affected workloads with YAML-level remediation,Remediation Success Rate,Qualitative pass,Inspect Cortex Cloud dashboard / query /api endpoint for kubernetes dashboard & cis benchmarks; compare to expected baseline,Cortex Cloud Posture Dashboard + REST API,"Deploy test Kubernetes cluster with misconfigured RBAC, exposed dashboard, privileged pods",KSPM dashboard reflects accurate cluster posture against CIS Kubernetes Benchmark,pov-scripts/cloud/kspm/tc-kspm-02.md,"TBD — confirm tenant state, agent version, Broker VM config",Cloud-Native,LEAD,Cortex Cloud,,Low,<1hr,Active
Cloud,TC-KSPM-03,UC-KSPM,UCS-KSPM-03,Kubernetes Security Posture Management (KSPM),Admission Controller,Validate Admission Controller Enforcement — Admission controller blocks non-compliant workloads at deploy time,"Attempts to deploy a workload built from a policy-violating image and confirms the admission controller rejects it at the API server before scheduling, while approved workloads deploy unimpeded and sanctioned exceptions pass with an audit record — prevention at deploy time, not runtime alerting.",Admission Controller Enforcement,Admission controller blocks non-compliant workloads at deploy time; approved workloads pass without disruption; policy exceptions function for approved override scenarios with audit trail,MTTD,Qualitative pass,Inspect Cortex Cloud dashboard / query /api endpoint for admission controller enforcement; compare to expected baseline,Cortex Cloud Posture Dashboard + REST API,"Deploy test Kubernetes cluster with misconfigured RBAC, exposed dashboard, privileged pods",Admission controller blocks non-compliant workloads at deploy time,pov-scripts/cloud/kspm/tc-kspm-03.md,"TBD — confirm tenant state, agent version, Broker VM config",Cloud-Native,LEAD,Cortex Cloud,,Medium,1–4hr,Active
Cloud,TC-CIEM-01,UC-CIEM,UCS-CIEM-01,Cloud Infrastructure Entitlement Management (CIEM),Net-effective Permissions,"Validate Net-Effective Permission Analysis — Net-effective permissions calculated across IAM policies, resource policies, SCPs, and permission boundaries","Constructs an identity whose real access is only visible after resolving IAM policy, resource policy, SCP, and permission boundary together, then confirms the computed net-effective permission set matches — and that unused entitlements are named specifically enough to right-size the role today.",Net-Effective Permission Analysis,"Net-effective permissions calculated across IAM policies, resource policies, SCPs, and permission boundaries; over-privileged identities identified with specific unused permissions; right-sizing recommendations provided",MTTD,Qualitative pass,Inspect Cortex Cloud dashboard / query /api endpoint for net-effective permission analysis; compare to expected baseline,Cortex Cloud Posture Dashboard + REST API,Create test IAM roles with over-permissive policies; simulate privilege escalation path,"Net-effective permissions calculated across IAM policies, resource policies, SCPs, and permission boundaries",pov-scripts/cloud/ciem/tc-ciem-01.md,"TBD — confirm tenant state, agent version, Broker VM config",Table Stakes,LEAD,Cortex Cloud,,Medium,1–4hr,Active
Cloud,TC-CIEM-02,UC-CIEM,UCS-CIEM-02,Cloud Infrastructure Entitlement Management (CIEM),Identity Dashboard,"Validate Identity Risk Dashboard — Dashboard reflects accurate entitlement state across AWS, Azure, GCP","Verifies the identity dashboard renders human and machine identities across AWS, Azure, and GCP in one entitlement state, and that selecting a federated or service identity immediately shows the resources a compromised credential would reach — blast radius before the breach, not after.",Identity Risk Dashboard,"Dashboard reflects accurate entitlement state across AWS, Azure, GCP; high-risk identities (cross-account, federated, service) prioritized; identity-to-resource mapping shows blast radius of compromised credentials",MTTD,Qualitative pass,Inspect Cortex Cloud dashboard / query /api endpoint for identity risk dashboard; compare to expected baseline,Cortex Cloud Posture Dashboard + REST API,Create test IAM roles with over-permissive policies; simulate privilege escalation path,"Dashboard reflects accurate entitlement state across AWS, Azure, GCP",pov-scripts/cloud/ciem/tc-ciem-02.md,"TBD — confirm tenant state, agent version, Broker VM config",Table Stakes,LEAD,Cortex Cloud,,Low,<1hr,Active
Cloud,TC-CIEM-03,UC-CIEM,UCS-CIEM-03,Cloud Infrastructure Entitlement Management (CIEM),Privileged Permissions,"Validate Privileged Permission Detection — Privilege escalation paths identified (iam:PassRole, sts:AssumeRole chains)","Plants a benign iam:PassRole / sts:AssumeRole chain that hands an unprivileged principal a route to admin, then confirms Cortex surfaces the escalation path itself rather than the individual permissions, applying identical analysis to human and service accounts.",Privileged Permission Detection,"Privilege escalation paths identified (iam:PassRole, sts:AssumeRole chains); unused admin-level privileges flagged; service + human account privileges analyzed with consistent methodology",MTTD,Qualitative pass,Inspect Cortex Cloud dashboard / query /api endpoint for privileged permission detection; compare to expected baseline,Cortex Cloud Runtime Alerts + /api/v1/alerts,"Execute container/K8s attack (shell spawn, crypto-miner, reverse shell) via attack simulation (e.g., Stratus)","Privilege escalation paths identified (iam:PassRole, sts:AssumeRole chains)",pov-scripts/cloud/ciem/tc-ciem-03.md,"TBD — confirm tenant state, agent version, Broker VM config",Table Stakes,LEAD,Cortex Cloud,,Medium,1–4hr,Active
Cloud,TC-CIEM-04,UC-CIEM,UCS-CIEM-04,Cloud Infrastructure Entitlement Management (CIEM),IdP Integration,Validate Identity Provider Sync — sync cadence meets freshness SLA (<1hr),"Performs an offboard and a role change in the connected IdP (Okta, Entra ID, Google Workspace) and measures how long until the user/group/role mapping updates in Cortex, proving the entitlement picture stays inside the one-hour freshness SLA a joiner-mover-leaver process depends on.",Identity Provider Sync,"IdP data (Okta, Azure AD, Google Workspace) syncs with accurate user/group/role mapping; sync cadence meets freshness SLA (<1hr); identity changes (new hire, offboard, role change) reflected in Cortex Cloud within sync window",SLA Compliance,<1hr,Inspect Cortex Cloud dashboard / query /api endpoint for identity provider sync; compare to expected baseline,Cortex Cloud Posture Dashboard + REST API,Create test IAM roles with over-permissive policies; simulate privilege escalation path,"IdP data (Okta, Azure AD, Google Workspace) syncs with accurate user/group/role mapping",pov-scripts/cloud/ciem/tc-ciem-04.md,"TBD — confirm tenant state, agent version, Broker VM config",Table Stakes,LEAD,Cortex Cloud,,Medium,1–4hr,Active
Cloud,TC-ASM-05,UC-ASM,UCS-ASM-03,Attack Surface & Exposure Management,External Asset Discovery,Validate External Attack Surface Discovery — discovery covers all registered IP ranges and domains,"Runs unauthenticated Xpanse discovery against the customer's registered IP ranges and domains, then reconciles the result against their own asset list to quantify the internet-facing estate nobody owns — shadow IT found from the outside in, with no agent, credential, or account connector.",External Attack Surface Discovery,"Internet-facing assets discovered via Xpanse integration with accurate IP, domain, certificate, and service mapping; shadow IT and unmanaged assets identified; discovery covers all registered IP ranges and domains",Asset Discovery Coverage,Qualitative pass,Inspect Cortex Cloud dashboard / query /api endpoint for external attack surface discovery; compare to expected baseline,Cortex Cloud Inventory (/api/v1/inventory) · Xpanse Asset Inventory + Issues,"Provision 50+ net-new assets via Terraform across AWS/Azure/GCP (compute, storage, network, IAM)","Internet-facing assets discovered via Xpanse integration with accurate IP, domain, certificate, and service mapping",pov-scripts/cloud/asm/tc-asm-05.md,"TBD — confirm tenant state, agent version, Broker VM config",Ecosystem,MOAT,"Xpanse, Cortex Cloud",,Low,<1hr,Active
Cloud,TC-ASM-06,UC-ASM,UCS-ASM-04,Attack Surface & Exposure Management,Service and Port Identification,Validate Service & Port Identification — Running services and open ports correctly identified with version detection,"Fingerprints services, ports, and versions across the discovered external estate, confirms unexpected exposures (RDP, Telnet, unpatched web servers) raise findings, and correlates them against the internal CMDB — external exposure joined natively to posture data rather than bolted on as a separate product.",Service & Port Identification,"Running services and open ports correctly identified with version detection; unexpected services (RDP, Telnet, unpatched web servers) flagged as findings; service inventory correlates with internal CMDB for gap analysis",Asset Discovery Coverage,Qualitative pass,Inspect Cortex Cloud dashboard / query /api endpoint for service & port identification; compare to expected baseline,Cortex Cloud Posture Dashboard + REST API · Xpanse Asset Inventory + Issues,Deploy test fixture representing Service and Port Identification,Running services and open ports correctly identified with version detection,pov-scripts/cloud/asm/tc-asm-06.md,"TBD — confirm tenant state, agent version, Broker VM config",Ecosystem,MOAT,"Xpanse, Cortex Cloud",,Medium,1–4hr,Active
Cloud,TC-ASM-07,UC-ASM,UCS-ASM-05,Attack Surface & Exposure Management,Internet Exposure Detection,"Validate Internet Exposure Risk Scoring — Exposure risk scored combining service type, vulnerability status, data sensitivity, and business criticality","Scores each internet-facing exposure by fusing service type, vulnerability state, data sensitivity and business criticality — external discovery natively joined to posture and runtime detection rather than bolted on from a separate product — and tracks the exposure curve across 7/30/90-day windows.",Internet Exposure Risk Scoring,"Exposure risk scored combining service type, vulnerability status, data sensitivity, and business criticality; critical exposures auto-escalated; exposure trending tracked over time with 7/30/90-day views",MTTD,Qualitative pass,Inspect Cortex Cloud dashboard / query /api endpoint for internet exposure risk scoring; compare to expected baseline,Cortex Cloud Posture Dashboard + REST API · Xpanse Asset Inventory + Issues,Deploy test fixture representing Internet Exposure Detection,"Exposure risk scored combining service type, vulnerability status, data sensitivity, and business criticality",pov-scripts/cloud/asm/tc-asm-07.md,"TBD — confirm tenant state, agent version, Broker VM config",Ecosystem,MOAT,"Xpanse, Cortex Cloud",,Medium,1–4hr,Active
Cloud,TC-DSPM-01,UC-DSPM,UCS-DSPM-01,Data Security Posture Management (DSPM),Data Assets Discovery,"Validate Data Asset Discovery — Data stores (S3, RDS, DynamoDB, BigQuery, Cosmos DB) discovered across multi-cloud","Sweeps managed, unmanaged, and DBaaS stores across S3, RDS, DynamoDB, BigQuery, and Cosmos DB, characterizing volume and access pattern, and confirms unencrypted or publicly reachable stores are flagged the moment they are discovered rather than at the next scheduled scan.",Data Asset Discovery,"Data stores (S3, RDS, DynamoDB, BigQuery, Cosmos DB) discovered across multi-cloud; data volume and access patterns characterized; unencrypted and publicly accessible data stores flagged immediately",Asset Discovery Coverage,Qualitative pass,Inspect Cortex Cloud dashboard / query /api endpoint for data asset discovery; compare to expected baseline,Cortex Cloud Inventory (/api/v1/inventory),"Provision 50+ net-new assets via Terraform across AWS/Azure/GCP (compute, storage, network, IAM)","Data stores (S3, RDS, DynamoDB, BigQuery, Cosmos DB) discovered across multi-cloud",pov-scripts/cloud/dspm/tc-dspm-01.md,"TBD — confirm tenant state, agent version, Broker VM config",Table Stakes,LEAD,Cortex Cloud,,Low,<1hr,Active
Cloud,TC-DSPM-02,UC-DSPM,UCS-DSPM-02,Data Security Posture Management (DSPM),Data Classification,Validate Data Classification Accuracy — false positive rate <5% on test dataset with known labels,"Seeds structured and unstructured stores with a labeled corpus of PII, PHI, PCI, and proprietary IP, then measures classifier output against that ground truth to prove the false positive rate holds under 5% — the precision that makes sensitivity-driven policy safe to enforce.",Data Classification Accuracy,"Classification labels (PII, PHI, PCI, IP, Public) accurately applied based on content sampling; classification covers structured (DB) and unstructured (object storage) data; false positive rate <5% on test dataset with known labels",False Positive Rate,<5%,Inspect Cortex Cloud dashboard / query /api endpoint for data classification accuracy; compare to expected baseline,Cortex Cloud Posture Dashboard + REST API,"Upload representative sensitive data (PII, PCI, PHI) to S3/GCS/Azure Blob with mixed access controls","Classification labels (PII, PHI, PCI, IP, Public) accurately applied based on content sampling",pov-scripts/cloud/dspm/tc-dspm-02.md,"TBD — confirm tenant state, agent version, Broker VM config",Table Stakes,LEAD,Cortex Cloud,,Medium,1–4hr,Active
Cloud,TC-DSPM-03,UC-DSPM,UCS-DSPM-03,Data Security Posture Management (DSPM),Static Risk Analysis,"Validate Data Risk & Exposure Analysis — Data exposure paths identified (public access, overly broad IAM, cross-account sharing)","Chains a public entry point to a sensitive store through overly broad IAM and cross-account sharing, then confirms the exposure path renders end to end and that risk scoring fuses data sensitivity, access breadth, and encryption status into a single ranked finding.",Data Risk & Exposure Analysis,"Data exposure paths identified (public access, overly broad IAM, cross-account sharing); risk scoring combines data sensitivity + access breadth + encryption status; attack path from internet to sensitive data visualized",MTTD,Qualitative pass,Inspect Cortex Cloud dashboard / query /api endpoint for data risk & exposure analysis; compare to expected baseline,Cortex Cloud Posture Dashboard + REST API,"Upload representative sensitive data (PII, PCI, PHI) to S3/GCS/Azure Blob with mixed access controls","Data exposure paths identified (public access, overly broad IAM, cross-account sharing)",pov-scripts/cloud/dspm/tc-dspm-03.md,"TBD — confirm tenant state, agent version, Broker VM config",Table Stakes,LEAD,Cortex Cloud,,Medium,1–4hr,Active
Cloud,TC-DSPM-04,UC-DSPM,UCS-DSPM-04,Data Security Posture Management (DSPM),Data Detection & Response (DDR),Validate Data Detection & Response (DDR) — Anomalous data access patterns detected in near-real-time,"Replays a benign bulk-read alongside a genuine exfiltration pattern against a classified data store and confirms the runtime analytics engine raises a high-confidence alert on the exfiltration while staying quiet on the benign one — breach detection in flight, not in post-incident forensics.",Data Detection & Response (DDR),Anomalous data access patterns detected in near-real-time; alert fidelity validated against known-benign and suspicious test patterns; data exfiltration attempts generate high-confidence alerts,MTTD,Qualitative pass,Inspect Cortex Cloud dashboard / query /api endpoint for data detection & response (ddr); compare to expected baseline,Cortex Cloud Runtime Alerts + /api/v1/alerts,"Execute container/K8s attack (shell spawn, crypto-miner, reverse shell) via attack simulation (e.g., Stratus)",Anomalous data access patterns detected in near-real-time,pov-scripts/cloud/dspm/tc-dspm-04.md,"TBD — confirm tenant state, agent version, Broker VM config",Cloud-Native,LEAD,Cortex Cloud,,Medium,1–4hr,Active
Cloud,TC-ASPM-01,UC-ASPM,UCS-ASPM-01,Application Security Posture Management (ASPM),Code to Cloud,Validate Code-to-Cloud Traceability — traceability chain complete from git commit → image → deployment → runtime,"Traces a vulnerability introduced in a specific git commit through build, image registry, and deployment to the exact container running in production, proving an unbroken code-to-runtime chain — the join that lets a SAST finding be prioritized by whether it is actually exposed.",Code-to-Cloud Traceability,Source code findings traced through CI/CD pipeline to deployed runtime resources; code-level vulnerability mapped to specific container/function in production; traceability chain complete from git commit → image → deployment → runtime,Completeness %,Qualitative pass,Inspect Cortex Cloud dashboard / query /api endpoint for code-to-cloud traceability; compare to expected baseline,ASPM Command Center (/api/v1/asoc/findings),"Commit intentionally vulnerable code (SQLi, OSS with CVE) → build image → deploy to test namespace",Source code findings traced through CI/CD pipeline to deployed runtime resources,pov-scripts/cloud/aspm/tc-aspm-01.md,"TBD — confirm tenant state, agent version, Broker VM config",Cloud-Native,MOAT,Cortex Cloud,,Medium,1–4hr,Active
Cloud,TC-SCA-04,UC-SCA,UCS-SCA-04,Software Composition Analysis,3rd Party SAST Ingestion,Validate Third-Party SAST Ingestion — unified priority view across all scanners,"Ingests findings from Checkmarx, SonarQube, Snyk Code, and Semgrep over API, verifies CWE mapping survives the import, and confirms overlap with native scanning deduplicates into one prioritized queue — the customer's existing AppSec investment consolidated rather than displaced.",Third-Party SAST Ingestion,"Findings from Checkmarx, SonarQube, Snyk Code, Semgrep ingested via API with accurate CWE mapping; deduplication between native and ingested findings; unified priority view across all scanners",MTTD,Qualitative pass,Inspect Cortex Cloud dashboard / query /api endpoint for third-party sast ingestion; compare to expected baseline,Cortex Cloud Posture Dashboard + REST API,"Commit intentionally vulnerable code (SQLi, OSS with CVE) → build image → deploy to test namespace","Findings from Checkmarx, SonarQube, Snyk Code, Semgrep ingested via API with accurate CWE mapping",pov-scripts/cloud/sca/tc-sca-04.md,"TBD — confirm tenant state, agent version, Broker VM config",Table Stakes,MOAT,Cortex Cloud,,Medium,1–4hr,Active
Cloud,TC-ASPM-03,UC-ASPM,UCS-ASPM-02,Application Security Posture Management (ASPM),Application Centric Visibility,"Validate Application-Centric Risk View — Per-application risk aggregation combines code, IaC, image, runtime, and DSPM findings","Pivots the Command Center from finding-centric to application-centric and confirms a single business application's score fuses its code, IaC, image, runtime and DSPM findings, then drills application to component to line-level fix guidance, proving risk is assembled across the full lifecycle rather than stitched from disconnected point-scanner exports.",Application-Centric Risk View,"Per-application risk aggregation combines code, IaC, image, runtime, and DSPM findings; application risk score reflects combined attack surface; drill-down from application → component → specific finding with fix guidance",MTTD,Qualitative pass,Inspect Cortex Cloud dashboard / query /api endpoint for application-centric risk view; compare to expected baseline,ASPM Command Center (/api/v1/asoc/findings),"Commit intentionally vulnerable code (SQLi, OSS with CVE) → build image → deploy to test namespace","Per-application risk aggregation combines code, IaC, image, runtime, and DSPM findings",pov-scripts/cloud/aspm/tc-aspm-03.md,"TBD — confirm tenant state, agent version, Broker VM config",Table Stakes,MOAT,Cortex Cloud,,Medium,1–4hr,Active
Cloud,TC-ASPM-04,UC-ASPM,UCS-ASPM-03,Application Security Posture Management (ASPM),AppSec Operationalization,Validate AppSec Operationalization — AppSec policies enforced across CI/CD (block builds with Critical findings),"Pushes a Critical finding through the customer's own CI/CD and confirms the build is blocked, the owning developer is notified in their native toolchain, and a fix PR is auto-generated, measuring what fraction of findings reach remediation without a security engineer ever touching them.",AppSec Operationalization,AppSec policies enforced across CI/CD (block builds with Critical findings); developer notification workflow functions; finding-to-PR automation creates fix PRs for supported finding types,Automation Rate,Qualitative pass,Inspect Cortex Cloud dashboard / query /api endpoint for appsec operationalization; compare to expected baseline,ASPM Command Center (/api/v1/asoc/findings),"Commit intentionally vulnerable code (SQLi, OSS with CVE) → build image → deploy to test namespace",AppSec policies enforced across CI/CD (block builds with Critical findings),pov-scripts/cloud/aspm/tc-aspm-04.md,"TBD — confirm tenant state, agent version, Broker VM config",Table Stakes,MOAT,Cortex Cloud,,Medium,1–4hr,Active
Cloud,TC-AISP-01,UC-AISP,UCS-AISP-01,AI Security Posture Management,AI Assets Discovery,"Validate AI Asset Discovery & Inventory — AI/ML resources (SageMaker endpoints, Bedrock models, Vertex AI, OpenAI integrations) discovered across multi-cloud","Runs agentless discovery across AWS, Azure and GCP to enumerate SageMaker endpoints, Bedrock and Vertex models and third-party LLM integrations, then measures the delta against the AI assets the customer's own teams declared, quantifying the shadow AI that no single cloud provider's native console can see.",AI Asset Discovery & Inventory,"AI/ML resources (SageMaker endpoints, Bedrock models, Vertex AI, OpenAI integrations) discovered across multi-cloud; AI asset inventory shows model type, data sources, API exposure, and access patterns",Asset Discovery Coverage,Qualitative pass,Inspect Cortex Cloud dashboard / query /api endpoint for ai asset discovery & inventory; compare to expected baseline,Cortex Cloud Inventory (/api/v1/inventory),"Provision 50+ net-new assets via Terraform across AWS/Azure/GCP (compute, storage, network, IAM)","AI/ML resources (SageMaker endpoints, Bedrock models, Vertex AI, OpenAI integrations) discovered across multi-cloud",pov-scripts/cloud/aisp/tc-aisp-01.md,"TBD — confirm tenant state, agent version, Broker VM config",Cloud-Native,MOAT,"Prisma AIRS, Cortex Cloud",,Low,<1hr,Active
Cloud,TC-AISP-02,UC-AISP,UCS-AISP-02,AI Security Posture Management,AI Models Support,"Validate AI Model Security Assessment — AI models assessed for security risks: data poisoning vectors, model extraction exposure, prompt injection surfaces","Assesses discovered models against framework-specific checks for data-poisoning exposure, model-extraction paths and prompt-injection surface across SageMaker, Bedrock, Vertex and Azure OpenAI simultaneously, proving one assessment engine covers every AI platform the buyer runs rather than only the models native to a single cloud.",AI Model Security Assessment,"AI models assessed for security risks: data poisoning vectors, model extraction exposure, prompt injection surfaces; supported frameworks (SageMaker, Bedrock, Vertex, Azure OpenAI) evaluated with framework-specific checks",MTTD,Qualitative pass,Inspect Cortex Cloud dashboard / query /api endpoint for ai model security assessment; compare to expected baseline,Cortex Cloud Posture Dashboard + REST API,Deploy SageMaker endpoint + Bedrock invocation + Lambda→OpenAI + shadow GPU VM with custom LLM,"AI models assessed for security risks: data poisoning vectors, model extraction exposure, prompt injection surfaces",pov-scripts/cloud/aisp/tc-aisp-02.md,"TBD — confirm tenant state, agent version, Broker VM config",Table Stakes,MOAT,"Prisma AIRS, Cortex Cloud",,Medium,1–4hr,Active
Cloud,TC-AISP-03,UC-AISP,UCS-AISP-03,AI Security Posture Management,AI Ecosystem,Validate AI Ecosystem & Supply Chain Risk — Third-party AI model dependencies and plugins inventoried,"Inventories the third-party model weights, plugins and fine-tuning dependencies feeding production inference, flags compromised or untrusted artifacts, and classifies each system against EU AI Act risk tiers, giving the buyer an auditable answer to which external AI code executes inside their stack.",AI Ecosystem & Supply Chain Risk,"Third-party AI model dependencies and plugins inventoried; AI supply chain risks (compromised model weights, malicious plugins) assessed; AI-specific compliance requirements (EU AI Act risk classification) evaluated",Asset Discovery Coverage,Qualitative pass,Inspect Cortex Cloud dashboard / query /api endpoint for ai ecosystem & supply chain risk; compare to expected baseline,Cortex Cloud Posture Dashboard + REST API,Deploy SageMaker endpoint + Bedrock invocation + Lambda→OpenAI + shadow GPU VM with custom LLM,Third-party AI model dependencies and plugins inventoried,pov-scripts/cloud/aisp/tc-aisp-03.md,"TBD — confirm tenant state, agent version, Broker VM config",Cloud-Native,MOAT,"Prisma AIRS, Cortex Cloud",,High,1 day,Active
Cloud,TC-AISP-04,UC-AISP,UCS-AISP-04,AI Security Posture Management,AI Static Risk Analysis,"Validate AI Static Risk Analysis — AI-specific static analysis identifies: hardcoded API keys in ML pipelines, insecure model serialization (pickle), unvalidated model…","Scans ML pipeline source and notebooks for hardcoded provider keys, pickle-based model deserialization and unvalidated inference inputs, then maps each finding to an AI-specific attack taxonomy, proving the misconfiguration is caught in code before the model is ever served.",AI Static Risk Analysis,"AI-specific static analysis identifies: hardcoded API keys in ML pipelines, insecure model serialization (pickle), unvalidated model inputs; findings contextualized with AI-specific attack taxonomy",MTTD,Qualitative pass,Inspect Cortex Cloud dashboard / query /api endpoint for ai static risk analysis; compare to expected baseline,Cortex Cloud Posture Dashboard + REST API,Deploy SageMaker endpoint + Bedrock invocation + Lambda→OpenAI + shadow GPU VM with custom LLM,"AI-specific static analysis identifies: hardcoded API keys in ML pipelines, insecure model serialization (pickle), unvalidated model inputs",pov-scripts/cloud/aisp/tc-aisp-04.md,"TBD — confirm tenant state, agent version, Broker VM config",Table Stakes,MOAT,"Prisma AIRS, Cortex Cloud",,Medium,1–4hr,Active
Cloud,TC-AISP-05,UC-AISP,UCS-AISP-05,AI Security Posture Management,AI Sensitive Data Classification,Validate AI Sensitive Data Classification — Training data stores scanned for sensitive data (PII/PHI/PCI in training sets),"Scans the buckets and feature stores feeding training jobs for PII, PHI and PCI, traces lineage from source system through training run to deployed model, and flags regulated data that entered a model it never should have, the evidence a privacy officer needs before an AI service ships.",AI Sensitive Data Classification,Training data stores scanned for sensitive data (PII/PHI/PCI in training sets); data lineage from source → training → model tracked; data governance violations (regulated data used for training) flagged,MTTD,Qualitative pass,Inspect Cortex Cloud dashboard / query /api endpoint for ai sensitive data classification; compare to expected baseline,Cortex Cloud Posture Dashboard + REST API,Deploy SageMaker endpoint + Bedrock invocation + Lambda→OpenAI + shadow GPU VM with custom LLM,Training data stores scanned for sensitive data (PII/PHI/PCI in training sets),pov-scripts/cloud/aisp/tc-aisp-05.md,"TBD — confirm tenant state, agent version, Broker VM config",Table Stakes,MOAT,"Prisma AIRS, Cortex Cloud",,Medium,1–4hr,Active
Cloud,TC-AISP-06,UC-AISP,UCS-AISP-06,AI Security Posture Management,AI Dashboard,Validate AI Security Dashboard & Posture — AI-SPM dashboard shows aggregate AI security posture across all discovered AI assets,"Aggregates every discovered AI asset into one posture view segmented by model security, data governance and access control, with trend lines a CISO can take to the board, validating that AI risk is reported as a portfolio rather than as scattered per-service findings.",AI Security Dashboard & Posture,"AI-SPM dashboard shows aggregate AI security posture across all discovered AI assets; AI-specific risk categories (model security, data governance, access control) tracked with trend lines; executive view summarizes AI risk exposure",Asset Discovery Coverage,Qualitative pass,Inspect Cortex Cloud dashboard / query /api endpoint for ai security dashboard & posture; compare to expected baseline,Cortex Cloud Posture Dashboard + REST API,Deploy SageMaker endpoint + Bedrock invocation + Lambda→OpenAI + shadow GPU VM with custom LLM,AI-SPM dashboard shows aggregate AI security posture across all discovered AI assets,pov-scripts/cloud/aisp/tc-aisp-06.md,"TBD — confirm tenant state, agent version, Broker VM config",Table Stakes,MOAT,"Prisma AIRS, Cortex Cloud",,Low,<1hr,Active
Cloud,TC-SCS-01,UC-SCS,UCS-SCS-01,Supply Chain Security,Supply Chain Assets Discovery,"Validate CI/CD Asset Discovery — VCS repositories, CI/CD pipelines, container registries, and build systems discovered with accurate metadata","Connects the customer's VCS, build systems and registries and maps the repo to pipeline to registry to deployment chain, surfacing shadow pipelines and personal registries the platform team did not know existed, the unmanaged build paths that never appear in a sanctioned-tooling inventory.",CI/CD Asset Discovery,"VCS repositories, CI/CD pipelines, container registries, and build systems discovered with accurate metadata; shadow CI/CD (unmanaged pipelines, personal registries) identified; asset relationships mapped (repo → pipeline → registry → deployment)",Asset Discovery Coverage,Qualitative pass,Inspect Cortex Cloud dashboard / query /api endpoint for ci/cd asset discovery; compare to expected baseline,Cortex Cloud Inventory (/api/v1/inventory),"Provision 50+ net-new assets via Terraform across AWS/Azure/GCP (compute, storage, network, IAM)","VCS repositories, CI/CD pipelines, container registries, and build systems discovered with accurate metadata",pov-scripts/cloud/scs/tc-scs-01.md,"TBD — confirm tenant state, agent version, Broker VM config",Table Stakes,LEAD,Cortex Cloud,,Low,<1hr,Active
Cloud,TC-SCS-02,UC-SCS,UCS-SCS-02,Supply Chain Security,Supply Chain Compliance,"Validate Supply Chain Compliance Assessment — CI/CD pipelines evaluated against supply chain security standards (SLSA, SSDF)","Grades live pipelines against SLSA and NIST SSDF controls and produces the specific hardening gaps, unsigned commits, absent branch protection, no mandatory review, with per-repo remediation guidance, converting the framework the buyer is audited against into a measurable score they can actually move.",Supply Chain Compliance Assessment,"CI/CD pipelines evaluated against supply chain security standards (SLSA, SSDF); pipeline hardening findings (unsigned commits, no branch protection, no code review required) surface with remediation guidance",Compliance Score,Qualitative pass,Inspect Cortex Cloud dashboard / query /api endpoint for supply chain compliance assessment; compare to expected baseline,Cortex Cloud Policies + Alerts view,"Deploy test fixtures with intentional misconfigurations (open SGs, public buckets, over-permissive IAM)","CI/CD pipelines evaluated against supply chain security standards (SLSA, SSDF)",pov-scripts/cloud/scs/tc-scs-02.md,"TBD — confirm tenant state, agent version, Broker VM config",Cloud-Native,LEAD,Cortex Cloud,,Medium,1–4hr,Active
Cloud,TC-SCS-03,UC-SCS,UCS-SCS-03,Supply Chain Security,Supply Chain Inventory,Validate Supply Chain Inventory & SBOM — Complete software bill of materials (SBOM) generated for containerized applications,"Generates an SBOM for a running containerized application covering direct and transitive dependencies with version and license, exports it in both SPDX and CycloneDX, and proves the artifact satisfies regulator and downstream-customer SBOM requests without bolting a separate tool into the build chain.",Supply Chain Inventory & SBOM,Complete software bill of materials (SBOM) generated for containerized applications; SBOM includes direct and transitive dependencies with version and license; SBOM exportable in SPDX/CycloneDX format for regulatory compliance,Asset Discovery Coverage,Qualitative pass,Inspect Cortex Cloud dashboard / query /api endpoint for supply chain inventory & sbom; compare to expected baseline,Cortex Cloud Inventory (/api/v1/inventory),"Provision 50+ net-new assets via Terraform across AWS/Azure/GCP (compute, storage, network, IAM)",Complete software bill of materials (SBOM) generated for containerized applications,pov-scripts/cloud/scs/tc-scs-03.md,"TBD — confirm tenant state, agent version, Broker VM config",Cloud-Native,LEAD,Cortex Cloud,,Low,<1hr,Active
Cloud,TC-SCS-04,UC-SCS,UCS-SCS-04,Supply Chain Security,Supply Chain Catalog,Validate Supply Chain Risk Catalog — Centralized catalog of all supply chain components with risk scoring,"Builds a single catalog of every supply chain component with a composite score fusing vulnerability count, license exposure and maintainer health, filterable by deployment target, so AppSec can rule a package in or out before a team adopts it rather than after it reaches production.",Supply Chain Risk Catalog,"Centralized catalog of all supply chain components with risk scoring; component risk aggregates vulnerability count, license risk, and maintenance status; catalog supports filtering by risk level, component type, and deployment target",MTTD,Qualitative pass,Inspect Cortex Cloud dashboard / query /api endpoint for supply chain risk catalog; compare to expected baseline,Cortex Cloud Posture Dashboard + REST API,Deploy SageMaker endpoint + Bedrock invocation + Lambda→OpenAI + shadow GPU VM with custom LLM,Centralized catalog of all supply chain components with risk scoring,pov-scripts/cloud/scs/tc-scs-04.md,"TBD — confirm tenant state, agent version, Broker VM config",Cloud-Native,LEAD,Cortex Cloud,,Medium,1–4hr,Active
Cloud,TC-SCS-05,UC-SCS,UCS-SCS-05,Supply Chain Security,Image Scanning,"Validate Container Image Scanning — Container images scanned in registries (ECR, ACR, GCR, DockerHub) and at runtime","Scans images in ECR, ACR, GCR and DockerHub and again at runtime, confirms CVE severity and fix availability match upstream advisories, and enforces image signing and trusted-registry policy at admission, proving unsigned or vulnerable images are stopped at deploy rather than merely reported.",Container Image Scanning,"Container images scanned in registries (ECR, ACR, GCR, DockerHub) and at runtime; known CVEs detected with accurate severity + fix availability; image signing and trusted registry policies enforced at deployment",MTTD,Qualitative pass,Inspect Cortex Cloud dashboard / query /api endpoint for container image scanning; compare to expected baseline,Cortex Cloud Posture Dashboard + REST API,Deploy SageMaker endpoint + Bedrock invocation + Lambda→OpenAI + shadow GPU VM with custom LLM,"Container images scanned in registries (ECR, ACR, GCR, DockerHub) and at runtime",pov-scripts/cloud/scs/tc-scs-05.md,"TBD — confirm tenant state, agent version, Broker VM config",Cloud-Native,LEAD,Cortex Cloud,,Medium,1–4hr,Active
Cloud,TC-CITH-01,UC-CITH,UCS-CITH-01,Accelerated Investigations & Threat Hunting,Cloud Exploit Prevention,Validate Cloud Exploit Prevention — Cortex Agent prevents exploitation of known and unknown vulnerabilities on cloud workloads,"Fires memory-corruption, ROP-chain and shellcode-injection exploits at an unpatched cloud workload and confirms the agent blocks on exploitation technique rather than payload hash, pre-execution, while still retaining forensic-grade telemetry for the analyst even though the payload never ran.",Cloud Exploit Prevention,"Cortex Agent prevents exploitation of known and unknown vulnerabilities on cloud workloads; exploit techniques (memory corruption, ROP chains, shellcode injection) blocked pre-execution; prevention events generate forensic-quality telemetry",MTTD,Qualitative pass,Inspect XSIAM UI / query XQL dataset for cloud exploit prevention; compare to expected baseline,XSIAM UI + XQL · Cortex Cloud Posture Dashboard + REST API,Deploy test fixture representing Cloud Exploit Prevention,Cortex Agent prevents exploitation of known and unknown vulnerabilities on cloud workloads,pov-scripts/cloud/cith/tc-cith-01.md,"TBD — confirm tenant state, agent version, Broker VM config",Table Stakes,PARITY,"Cortex Cloud, XSIAM",,Medium,1–4hr,Active
Cloud,TC-CITH-02,UC-CITH,UCS-CITH-02,Accelerated Investigations & Threat Hunting,Cloud Malware Detection and Response,"Validate Cloud Malware Detection & Response — Known and unknown malware detected on cloud workloads via static analysis, behavioral detection, and WildFire…","Detonates both known and never-before-seen binaries on a cloud workload and confirms ML static analysis blocks pre-execution while behavioral detection and WildFire adjudication catch whatever slips past, with containment actions reachable from the same alert without a console switch.",Cloud Malware Detection & Response,"Known and unknown malware detected on cloud workloads via static analysis, behavioral detection, and WildFire sandbox; detection occurs pre-execution (prevention) or at-execution (response); containment actions available",MTTD,Qualitative pass,Inspect XSIAM UI / query XQL dataset for cloud malware detection & response; compare to expected baseline,XSIAM UI + XQL · Cortex Cloud Runtime Alerts + /api/v1/alerts,"Execute container/K8s attack (shell spawn, crypto-miner, reverse shell) via attack simulation (e.g., Stratus)","Known and unknown malware detected on cloud workloads via static analysis, behavioral detection, and WildFire sandbox",pov-scripts/cloud/cith/tc-cith-02.md,"TBD — confirm tenant state, agent version, Broker VM config",Table Stakes,PARITY,"Cortex Cloud, XSIAM",,Medium,1–4hr,Active
Cloud,TC-CITH-03,UC-CITH,UCS-CITH-03,Accelerated Investigations & Threat Hunting,Cloud Endpoint Protection: BIOC,Validate Behavioral IOC Detection (BIOC) — BIOC alerts include full causality context,"Authors a custom BIOC for a cloud-specific attack pattern alongside the OOTB set and confirms it fires on the combination of process ancestry, file writes and outbound connections rather than any single artifact, with every alert carrying a complete causality chain the analyst can act on.",Behavioral IOC Detection (BIOC),"Custom and OOTB BIOCs detect cloud-specific attack patterns; BIOCs evaluate process chains, file operations, network connections in combination; BIOC alerts include full causality context",Causality Chain Completeness,Qualitative pass,Inspect XSIAM UI / query XQL dataset for behavioral ioc detection (bioc); compare to expected baseline,XSIAM UI + XQL · Cortex Cloud Runtime Alerts + /api/v1/alerts,"Execute container/K8s attack (shell spawn, crypto-miner, reverse shell) via attack simulation (e.g., Stratus)",Custom and OOTB BIOCs detect cloud-specific attack patterns,pov-scripts/cloud/cith/tc-cith-03.md,"TBD — confirm tenant state, agent version, Broker VM config",Table Stakes,PARITY,"Cortex Cloud, XSIAM",,Medium,1–4hr,Active
Cloud,TC-CITH-04,UC-CITH,UCS-CITH-04,Accelerated Investigations & Threat Hunting,Cloud Endpoint Protection: AI runtime security,Validate AI Runtime Security Analytics — AI-powered runtime analytics detect anomalous cloud workload behavior without signature dependency,"Executes a novel technique with no signature or IOC coverage against a baselined workload and confirms the ML models flag the deviation across process, network and file behavior, measuring whether the analytics catch attacks the threat-intelligence feed has never seen.",AI Runtime Security Analytics,"AI-powered runtime analytics detect anomalous cloud workload behavior without signature dependency; ML models baseline normal process, network, and file activity; anomaly detection catches novel attack techniques",MTTD,Qualitative pass,Inspect XSIAM UI / query XQL dataset for ai runtime security analytics; compare to expected baseline,XSIAM UI + XQL · Cortex Cloud Runtime Alerts + /api/v1/alerts,"Execute container/K8s attack (shell spawn, crypto-miner, reverse shell) via attack simulation (e.g., Stratus)",AI-powered runtime analytics detect anomalous cloud workload behavior without signature dependency,pov-scripts/cloud/cith/tc-cith-04.md,"TBD — confirm tenant state, agent version, Broker VM config",Cloud-Native,PARITY,"Cortex Cloud, XSIAM",,Medium,1–4hr,Active
Cloud,TC-CITH-05,UC-CITH,UCS-CITH-05,Accelerated Investigations & Threat Hunting,Cloud Endpoint Protection: Wildfire Intelligence & Sandboxing,Validate WildFire Intelligence & Sandbox — WildFire verdicts propagate to all Cortex Cloud agents within 5 minutes,"Submits an unknown binary, captures the sandbox verdict and behavioral report, then times how long until every other agent in the tenant enforces that verdict, the sub-five-minute propagation that turns a single detonation anywhere into fleet-wide immunity everywhere.",WildFire Intelligence & Sandbox,Unknown files submitted to WildFire cloud sandbox; sandbox analysis provides verdict (malware/grayware/benign) with behavioral report; WildFire verdicts propagate to all Cortex Cloud agents within 5 minutes,MTTD,within 5 min,Inspect XSIAM UI / query XQL dataset for wildfire intelligence & sandbox; compare to expected baseline,XSIAM UI + XQL · Cortex Cloud Posture Dashboard + REST API,Deploy test fixture representing Cloud Endpoint Protection: Wildfire Intelligence & Sandboxing,Unknown files submitted to WildFire cloud sandbox,pov-scripts/cloud/cith/tc-cith-05.md,"TBD — confirm tenant state, agent version, Broker VM config",Table Stakes,PARITY,"Cortex Cloud, XSIAM",,Medium,1–4hr,Active
Cloud,TC-CITH-06,UC-CITH,UCS-CITH-06,Accelerated Investigations & Threat Hunting,Cloud Endpoint Protection: Ransomware Prevention,Validate Cloud Ransomware Prevention — Ransomware-specific detection and prevention across cloud workloads,"Detonates ransomware against cloud workloads and confirms the layered defenses fire before mass encryption: canary files trip on the first encryption sweep and behavioral rules catch write velocity and entropy spikes, so novel samples are stopped without a prior signature.",Cloud Ransomware Prevention,Ransomware-specific detection and prevention across cloud workloads; honeypot files detect encryption activity; behavioral rules catch ransomware indicators before widespread encryption,MTTD,Qualitative pass,Inspect XSIAM UI / query XQL dataset for cloud ransomware prevention; compare to expected baseline,XSIAM UI + XQL · Cortex Cloud Posture Dashboard + REST API,Deploy test fixture representing Cloud Endpoint Protection: Ransomware Prevention,Ransomware-specific detection and prevention across cloud workloads,pov-scripts/cloud/cith/tc-cith-06.md,"TBD — confirm tenant state, agent version, Broker VM config",Table Stakes,PARITY,"Cortex Cloud, XSIAM",,Medium,1–4hr,Active
Cloud,TC-CITH-07,UC-CITH,UCS-CITH-07,Accelerated Investigations & Threat Hunting,Automated Stitching and Alert Consolidation powered by AI,Demonstrate AI-Powered Alert Stitching — alert-to-incident ratio demonstrates >80% noise reduction,"Injects a multi-stage attack that lights up endpoint, network and cloud-service alerts, then measures the alert-to-incident ratio; the 80% collapse proves related signals are machine-stitched into one case with all contributing telemetry attached, instead of landing as separate queue items for a human to reconcile.",AI-Powered Alert Stitching,"Related alerts across endpoints, network, and cloud services consolidated into unified incidents via AI correlation; alert-to-incident ratio demonstrates >80% noise reduction; incident context includes all contributing telemetry",Cross-Source Correlation Rate,>80%,Inspect XSIAM UI / query XQL dataset for ai-powered alert stitching; compare to expected baseline,XSIAM Incidents (XQL: dataset=incidents) · Cortex Cloud Posture Dashboard + REST API,Deploy SageMaker endpoint + Bedrock invocation + Lambda→OpenAI + shadow GPU VM with custom LLM,"Related alerts across endpoints, network, and cloud services consolidated into unified incidents via AI correlation",pov-scripts/cloud/cith/tc-cith-07.md,"TBD — confirm tenant state, agent version, Broker VM config",AI-Native,MOAT,"Cortex Cloud, XSIAM",,High,1 day,Active
Cloud,TC-CITH-08,UC-CITH,UCS-CITH-08,Accelerated Investigations & Threat Hunting,Root cause analysis & cross-data insights,Validate Root Cause Analysis & Cross-Data Insights — Causality view reconstructs complete attack chain from initial access to impact,"Takes a stitched incident and confirms the causality view reconstructs it end to end from initial access through impact, fusing endpoint, network, identity and cloud API telemetry into one narrative with a confidence-scored root cause, so the analyst never leaves the console to rebuild the timeline by hand.",Root Cause Analysis & Cross-Data Insights,"Causality view reconstructs complete attack chain from initial access to impact; cross-data insights correlate endpoint, network, identity, and cloud API telemetry; root cause identified with confidence scoring",Causality Chain Completeness,Qualitative pass,Inspect XSIAM UI / query XQL dataset for root cause analysis & cross-data insights; compare to expected baseline,XSIAM UI + XQL · Cortex Cloud Posture Dashboard + REST API,"Upload representative sensitive data (PII, PCI, PHI) to S3/GCS/Azure Blob with mixed access controls",Causality view reconstructs complete attack chain from initial access to impact,pov-scripts/cloud/cith/tc-cith-08.md,"TBD — confirm tenant state, agent version, Broker VM config",Platform,PARITY,"Cortex Cloud, XSIAM",,High,1 day,Active
Cloud,TC-CITH-09,UC-CITH,UCS-CITH-09,Accelerated Investigations & Threat Hunting,Cloud Data Investigation & Query Language,"Validate Cloud Investigation Query Language — XQL/RQL queries execute across cloud telemetry (CloudTrail, VPC Flow, runtime events) with interactive latency","Runs XQL across CloudTrail, VPC Flow and runtime event data at interactive latency over the full 30-day retention window, then pivots a result straight into an open investigation, testing whether hypothesis-driven hunting is a first-class workflow or a data-export exercise.",Cloud Investigation Query Language,"XQL/RQL queries execute across cloud telemetry (CloudTrail, VPC Flow, runtime events) with interactive latency; queries support hypothesis-driven hunting across 30+ day retention; results pivot directly into investigation workflow",Discovery Latency,Qualitative pass,Inspect XSIAM UI / query XQL dataset for cloud investigation query language; compare to expected baseline,XQL query engine (/public_api/v1/xql/start_xql_query) · Cortex Cloud Posture Dashboard + REST API,Deploy test fixture representing Cloud Data Investigation & Query Language,"XQL/RQL queries execute across cloud telemetry (CloudTrail, VPC Flow, runtime events) with interactive latency",pov-scripts/cloud/cith/tc-cith-09.md,"TBD — confirm tenant state, agent version, Broker VM config",Table Stakes,PARITY,"Cortex Cloud, XSIAM",,Medium,1–4hr,Active
Cloud,TC-CITH-10,UC-CITH,UCS-CITH-10,Accelerated Investigations & Threat Hunting,Capture Complete Record of Events for EDR,"Validate EDR Telemetry Completeness — Complete process, file, registry, network, and cloud API event telemetry captured on cloud workloads","Drives a workload to high load while generating known process, file, registry, network and cloud API events, then retroactively searches the retention window and reconciles what was recorded against what was generated, quantifying telemetry loss, the silent failure that invalidates every downstream detection.",EDR Telemetry Completeness,"Complete process, file, registry, network, and cloud API event telemetry captured on cloud workloads; telemetry supports retroactive search across 30+ days; no gaps in event recording during normal and high-load conditions",Completeness %,Qualitative pass,Inspect XSIAM UI / query XQL dataset for edr telemetry completeness; compare to expected baseline,XSIAM UI + XQL · Cortex Cloud Posture Dashboard + REST API,Deploy test fixture representing Capture Complete Record of Events for EDR,"Complete process, file, registry, network, and cloud API event telemetry captured on cloud workloads",pov-scripts/cloud/cith/tc-cith-10.md,"TBD — confirm tenant state, agent version, Broker VM config",Table Stakes,PARITY,"XSIAM, Cortex Cloud",,Medium,1–4hr,Active
Cloud,TC-CITH-11,UC-CITH,UCS-CITH-11,Accelerated Investigations & Threat Hunting,OOTB and Custom Detection Rules,Validate Detection Rule Accuracy — false positive rate <5% on production-representative test data,"Replays MITRE-mapped attack techniques to confirm OOTB rules fire, authors and validates a customer-specific rule, then runs both against production-representative benign traffic to measure the false-positive rate against the sub-5% bar the SOC will actually have to live with.",Detection Rule Accuracy,OOTB detection rules fire correctly on simulated attack techniques (MITRE ATT&CK mapped); custom detection rules created and validated; false positive rate <5% on production-representative test data,False Positive Rate,<5%,Inspect XSIAM UI / query XQL dataset for detection rule accuracy; compare to expected baseline,XSIAM UI + XQL · Cortex Cloud Runtime Alerts + /api/v1/alerts,"Execute container/K8s attack (shell spawn, crypto-miner, reverse shell) via attack simulation (e.g., Stratus)",OOTB detection rules fire correctly on simulated attack techniques (MITRE ATT&CK mapped),pov-scripts/cloud/cith/tc-cith-11.md,"TBD — confirm tenant state, agent version, Broker VM config",Table Stakes,PARITY,"XSIAM, Cortex Cloud",,Medium,1–4hr,Active
Cloud,TC-CITH-12,UC-CITH,UCS-CITH-12,Accelerated Investigations & Threat Hunting,User and Entity Behavior Analytics (UEBA),Validate User & Entity Behavior Analytics (UEBA) — UEBA baselines normal behavior for cloud identities and workloads,"Baselines a cloud identity and workload, then drives anomalous behavior such as off-hours API calls and unusual privilege use, confirming the risk score moves and the UEBA finding attaches to the related runtime alert, proving identity signal enriches the incident rather than sitting in a separate console.",User & Entity Behavior Analytics (UEBA),UEBA baselines normal behavior for cloud identities and workloads; anomalous activity generates risk score adjustments; UEBA findings correlate with runtime alerts for context enrichment,Cross-Source Correlation Rate,Qualitative pass,Inspect XSIAM UI / query XQL dataset for user & entity behavior analytics (ueba); compare to expected baseline,XSIAM UI + XQL · Cortex Cloud Posture Dashboard + REST API,Deploy test fixture representing User and Entity Behavior Analytics (UEBA),UEBA baselines normal behavior for cloud identities and workloads,pov-scripts/cloud/cith/tc-cith-12.md,"TBD — confirm tenant state, agent version, Broker VM config",Table Stakes,PARITY,"XSIAM, Cortex Cloud",,Medium,1–4hr,Active
Cloud,TC-CITH-13,UC-CITH,UCS-CITH-13,Accelerated Investigations & Threat Hunting,Detection Rules detect Past and Future Events,Validate Retroactive Detection Coverage — retroactive scan covers full retention window,"Authors a detection rule after the fact and confirms it automatically replays against historical telemetry across the full retention window, surfacing the earlier compromise with its original timestamps intact, turning today's threat intelligence into yesterday's detection without re-instrumenting a single host.",Retroactive Detection Coverage,New detection rules automatically evaluate against historical telemetry; retroactive scan covers full retention window; previously undetected threats surfaced with original timestamps for accurate timeline,Coverage %,Qualitative pass,Inspect XSIAM UI / query XQL dataset for retroactive detection coverage; compare to expected baseline,XSIAM UI + XQL · Cortex Cloud Runtime Alerts + /api/v1/alerts,"Execute container/K8s attack (shell spawn, crypto-miner, reverse shell) via attack simulation (e.g., Stratus)",New detection rules automatically evaluate against historical telemetry,pov-scripts/cloud/cith/tc-cith-13.md,"TBD — confirm tenant state, agent version, Broker VM config",Table Stakes,PARITY,"XSIAM, Cortex Cloud",,Medium,1–4hr,Active
Cloud,TC-CITH-14,UC-CITH,UCS-CITH-14,Accelerated Investigations & Threat Hunting,Causality View,Validate Causality View Investigation — Complete attack causality chain visualized from initial access through impact,"Hands an analyst an unfamiliar incident and confirms severity, blast radius and remediation steps can be determined from the causality graph alone, with process tree, network connections, file modifications and cloud API calls presented as one accurately timestamped attack story and no manual log correlation.",Causality View Investigation,"Complete attack causality chain visualized from initial access through impact; all artifact types (process tree, network connections, file modifications, cloud API calls) present with accurate timestamps; analysts navigate attack story visually",Causality Chain Completeness,Qualitative pass,Inspect Cortex Cloud dashboard / query /api endpoint for causality view investigation; compare to expected baseline,Cortex Cloud Posture Dashboard + REST API,Deploy test fixture representing Causality View,Complete attack causality chain visualized from initial access through impact,pov-scripts/cloud/cith/tc-cith-14.md,"TBD — confirm tenant state, agent version, Broker VM config",Platform,LEAD,"Cortex Cloud, AgentiX",,Medium,1–4hr,Active
Cloud,TC-CITH-15,UC-CITH,UCS-CITH-15,Accelerated Investigations & Threat Hunting,MITRE ATT&CK Mapping,Validate MITRE ATT&CK Mapping Accuracy — coverage heat map reflects detection portfolio across all ATT&CK stages,"Verifies incidents land on the correct ATT&CK Cloud Matrix tactics and techniques, that the coverage heat map honestly reflects the deployed detection portfolio across every stage, and that each technique links to its response playbook, turning a framework diagram into an operational gap analysis.",MITRE ATT&CK Mapping Accuracy,Incidents correctly mapped to ATT&CK tactics and techniques (cloud matrix); coverage heat map reflects detection portfolio across all ATT&CK stages; technique-specific response playbooks linked to findings,Coverage %,Qualitative pass,Inspect Cortex Cloud dashboard / query /api endpoint for mitre att&ck mapping accuracy; compare to expected baseline,Cortex Cloud Posture Dashboard + REST API,Deploy test fixture representing MITRE ATT&CK Mapping,Incidents correctly mapped to ATT&CK tactics and techniques (cloud matrix),pov-scripts/cloud/cith/tc-cith-15.md,"TBD — confirm tenant state, agent version, Broker VM config",Table Stakes,LEAD,"Cortex Cloud, AgentiX",,Medium,1–4hr,Active
Cloud,TC-CITH-16,UC-CITH,UCS-CITH-16,Accelerated Investigations & Threat Hunting,Ad-Hoc Queries,Validate Ad-Hoc Query Investigation — Investigators run ad-hoc queries across all cloud telemetry with interactive response times,"Starts from one suspicious IP and pivots through process, file and identity in successive ad-hoc queries at interactive speed, then saves and shares the query with the SOC, testing whether an analyst's investigation path becomes reusable team tradecraft or dies in their browser tab.",Ad-Hoc Query Investigation,Investigators run ad-hoc queries across all cloud telemetry with interactive response times; query results support pivot-based investigation (IP → process → file → identity); saved queries shareable across SOC team,MTTD,Qualitative pass,Inspect Cortex Cloud dashboard / query /api endpoint for ad-hoc query investigation; compare to expected baseline,Cortex Cloud Posture Dashboard + REST API,Deploy test fixture representing Ad-Hoc Queries,Investigators run ad-hoc queries across all cloud telemetry with interactive response times,pov-scripts/cloud/cith/tc-cith-16.md,"TBD — confirm tenant state, agent version, Broker VM config",Table Stakes,LEAD,"Cortex Cloud, AgentiX",,Medium,1–4hr,Active
Cloud,TC-CITH-17,UC-CITH,UCS-CITH-17,Accelerated Investigations & Threat Hunting,Live Terminal,Validate Live Terminal Remote Access — remote investigation commands execute with full audit trail,"Opens a live terminal into a running EC2 instance and into a container, executes investigation commands, and confirms every action lands in an audit trail with a replayable session recording, proving hands-on-host response is available without provisioning SSH keys or breaking chain of custody.",Live Terminal Remote Access,"Live terminal establishes connection to cloud workloads (EC2, container) within acceptable latency; remote investigation commands execute with full audit trail; session recording supports forensic review",Discovery Latency,Qualitative pass,Inspect Cortex Cloud dashboard / query /api endpoint for live terminal remote access; compare to expected baseline,Cortex Cloud Posture Dashboard + REST API,Deploy test fixture representing Live Terminal,"Live terminal establishes connection to cloud workloads (EC2, container) within acceptable latency",pov-scripts/cloud/cith/tc-cith-17.md,"TBD — confirm tenant state, agent version, Broker VM config",Table Stakes,LEAD,"Cortex Cloud, AgentiX",,Medium,1–4hr,Active
Cloud,TC-CITH-18,UC-CITH,UCS-CITH-18,Accelerated Investigations & Threat Hunting,Search and Destroy Files across multiple hosts,Validate Search & Destroy Across Hosts — File hash/path search executes across entire managed cloud fleet,"Searches the entire managed cloud fleet on a single malicious file hash, identifies every host holding it, and executes bulk quarantine with per-host status tracking, collapsing what is otherwise a ticket-per-server remediation campaign into one action with verifiable completion.",Search & Destroy Across Hosts,File hash/path search executes across entire managed cloud fleet; malicious files identified on multiple hosts simultaneously; bulk deletion/quarantine action with per-host status tracking,MTTD,Qualitative pass,Inspect Cortex Cloud dashboard / query /api endpoint for search & destroy across hosts; compare to expected baseline,Cortex Cloud Posture Dashboard + REST API,Deploy test fixture representing Search and Destroy Files across multiple hosts,File hash/path search executes across entire managed cloud fleet,pov-scripts/cloud/cith/tc-cith-18.md,"TBD — confirm tenant state, agent version, Broker VM config",Table Stakes,LEAD,"Cortex Cloud, AgentiX",,Medium,1–4hr,Active
Cloud,TC-CITH-19,UC-CITH,UCS-CITH-19,Accelerated Investigations & Threat Hunting,Host Isolation,Validate Host Isolation & Containment — Network isolation of compromised cloud workloads executed within defined SLA (<2 min),"Isolates a compromised cloud workload and times it against the two-minute SLA, then confirms lateral movement is severed while management access is retained and on-disk forensic state survives intact, containment that does not destroy the evidence the IR team still needs.",Host Isolation & Containment,Network isolation of compromised cloud workloads executed within defined SLA (<2 min); isolation preserves forensic state while blocking lateral movement; selective isolation allows continued management access,SLA Compliance,<2 min,Inspect Cortex Cloud dashboard / query /api endpoint for host isolation & containment; compare to expected baseline,Cortex Cloud Posture Dashboard + REST API,Deploy SageMaker endpoint + Bedrock invocation + Lambda→OpenAI + shadow GPU VM with custom LLM,Network isolation of compromised cloud workloads executed within defined SLA (<2 min),pov-scripts/cloud/cith/tc-cith-19.md,"TBD — confirm tenant state, agent version, Broker VM config",Table Stakes,LEAD,"Cortex Cloud, AgentiX",,Medium,1–4hr,Active
Cloud,TC-CITH-20,UC-CITH,UCS-CITH-20,Accelerated Investigations & Threat Hunting,Script Execution,Validate Remote Script Execution — Remediation scripts execute remotely on cloud workloads via Cortex Agent,"Executes a remediation script across a batch of cloud workloads through the agent, captures auditable per-host output, and confirms failures surface rather than being silently swallowed, measuring the share of hosts actually remediated instead of the share merely targeted.",Remote Script Execution,Remediation scripts execute remotely on cloud workloads via Cortex Agent; script execution produces auditable output; batch execution across multiple hosts with error handling,Remediation Success Rate,Qualitative pass,Inspect Cortex Cloud dashboard / query /api endpoint for remote script execution; compare to expected baseline,Cortex Cloud Posture Dashboard + REST API,Deploy test fixture representing Script Execution,Remediation scripts execute remotely on cloud workloads via Cortex Agent,pov-scripts/cloud/cith/tc-cith-20.md,"TBD — confirm tenant state, agent version, Broker VM config",Table Stakes,LEAD,"Cortex Cloud, AgentiX",,Medium,1–4hr,Active
Cloud,TC-CITH-21,UC-CITH,UCS-CITH-21,Accelerated Investigations & Threat Hunting,Native Automation,Validate Native Response Automation — Automated response playbooks trigger on detection rules,"Triggers a detection rule and confirms the playbook autonomously revokes the exposed IAM key, tightens the offending security group and snapshots the volume for forensics, with a human-approval gate on the highest-impact actions, measuring how much of the response completes before an analyst opens the case.",Native Response Automation,"Automated response playbooks trigger on detection rules; cloud-native actions (revoke IAM keys, modify security groups, snapshot for forensics) execute without manual intervention; human-in-the-loop option for high-impact actions",Automation Rate,Qualitative pass,Inspect Cortex Cloud dashboard / query /api endpoint for native response automation; compare to expected baseline,Cortex Cloud Posture Dashboard + REST API,Deploy test fixture representing Native Automation,Automated response playbooks trigger on detection rules,pov-scripts/cloud/cith/tc-cith-21.md,"TBD — confirm tenant state, agent version, Broker VM config",Table Stakes,LEAD,"Cortex Cloud, AgentiX",,Medium,1–4hr,Active
Cloud,TC-RSER-01,UC-RSER,UCS-RSER-01,Cloud Native Workload Protection,Support for Cloud Native Platforms,"Validate Cloud-Native Platform Deployment — Cortex Agent deploys to VMs (EC2, Azure VM, GCE), containers (EKS, AKS, GKE, ECS), and serverless (Lambda…","Deploys the agent through platform-native paths across EC2, Azure VM and GCE images, EKS, AKS, GKE and ECS DaemonSets, and Lambda and Azure Functions, then benchmarks workload performance before and after, proving one runtime sensor spans VM, container and serverless without a per-form-factor product.",Cloud-Native Platform Deployment,"Cortex Agent deploys to VMs (EC2, Azure VM, GCE), containers (EKS, AKS, GKE, ECS), and serverless (Lambda, Azure Functions) using platform-native methods; agent operates without impacting workload performance",MTTD,Qualitative pass,Inspect Cortex Cloud dashboard / query /api endpoint for cloud-native platform deployment; compare to expected baseline,Cortex Cloud Posture Dashboard + REST API,Deploy test fixture representing Support for Cloud Native Platforms,"Cortex Agent deploys to VMs (EC2, Azure VM, GCE), containers (EKS, AKS, GKE, ECS), and serverless (Lambda, Azure Functions) using platform-native methods",pov-scripts/cloud/rser/tc-rser-01.md,"TBD — confirm tenant state, agent version, Broker VM config",Cloud-Native,LEAD,Cortex Cloud,,Medium,1–4hr,Active
Cloud,TC-RSER-02,UC-RSER,UCS-RSER-02,Cloud Native Workload Protection,Agent Configurations,"Validate Agent Configuration Management — Agent configurations (prevention mode, logging level, exception rules) managed centrally via Cortex Cloud console","Pushes a prevention-mode, logging-verbosity and exception-rule change from the Cortex Cloud console to a targeted agent group and measures propagation latency against the agreed SLA, proving per-group policy divergence (aggressive in prod, permissive in dev) is achievable without touching a single host in-place.",Agent Configuration Management,"Agent configurations (prevention mode, logging level, exception rules) managed centrally via Cortex Cloud console; configuration changes propagate to target agents within defined SLA; per-group configuration enables environment-specific policies",SLA Compliance,Qualitative pass,Inspect Cortex Cloud dashboard / query /api endpoint for agent configuration management; compare to expected baseline,Cortex Cloud Posture Dashboard + REST API,Deploy test fixture representing Agent Configurations,"Agent configurations (prevention mode, logging level, exception rules) managed centrally via Cortex Cloud console",pov-scripts/cloud/rser/tc-rser-02.md,"TBD — confirm tenant state, agent version, Broker VM config",Table Stakes,LEAD,Cortex Cloud,,Medium,1–4hr,Active
Cloud,TC-RSER-03,UC-RSER,UCS-RSER-03,Cloud Native Workload Protection,Support for On-Premises Workloads,"Validate On-Premises Workload Support — Cortex Agent deploys to on-prem workloads (bare metal, VMware, Hyper-V) with same telemetry and protection capabilities","Deploys the same agent to bare-metal, VMware and Hyper-V estate and diffs its telemetry and prevention feature set against the cloud-resident fleet, proving the hybrid coverage number on the dashboard is a single unified posture rather than two half-instrumented planes stitched together in a report.",On-Premises Workload Support,"Cortex Agent deploys to on-prem workloads (bare metal, VMware, Hyper-V) with same telemetry and protection capabilities; hybrid coverage dashboard shows unified on-prem + cloud posture; no functionality gaps between deployment types",Coverage %,Qualitative pass,Inspect Cortex Cloud dashboard / query /api endpoint for on-premises workload support; compare to expected baseline,Cortex Cloud Posture Dashboard + REST API,Deploy test fixture representing Support for On-Premises Workloads,"Cortex Agent deploys to on-prem workloads (bare metal, VMware, Hyper-V) with same telemetry and protection capabilities",pov-scripts/cloud/rser/tc-rser-03.md,"TBD — confirm tenant state, agent version, Broker VM config",Cloud-Native,LEAD,Cortex Cloud,,Medium,1–4hr,Active
Cloud,TC-RSER-04,UC-RSER,UCS-RSER-04,Cloud Native Workload Protection,Agent Upgrade Process,Validate Agent Upgrade Process — non-disruptive upgrade with zero endpoint downtime,"Stages an agent version upgrade dev to staging to prod, forces a post-upgrade health-check failure, and confirms the orchestrated rollback restores the prior version with zero endpoint downtime — the evidence that fleet-wide agent currency is a scheduling decision, not a change-window negotiation.",Agent Upgrade Process,Agent upgrades staged across environment groups (dev → staging → prod); non-disruptive upgrade with zero endpoint downtime; rollback capability functions if health check fails post-upgrade,MTTD,Qualitative pass,Inspect Cortex Cloud dashboard / query /api endpoint for agent upgrade process; compare to expected baseline,Cortex Cloud Posture Dashboard + REST API,Deploy test fixture representing Agent Upgrade Process,Agent upgrades staged across environment groups (dev → staging → prod),pov-scripts/cloud/rser/tc-rser-04.md,"TBD — confirm tenant state, agent version, Broker VM config",Table Stakes,LEAD,Cortex Cloud,,Medium,1–4hr,Active
Cloud,TC-RSER-06,UC-RSER,UCS-RSER-05,Cloud Native Workload Protection,Host Inventory,Validate Host Inventory & Coverage Analysis — Centralized host inventory shows all managed + unmanaged cloud workloads,"Reconciles the Cortex host inventory against the cloud provider's own asset list to compute the unprotected-workload delta, then walks AutoRuns and drift signals on discovered hosts — proving one agent supplies protection, EDR and inventory, and that coverage percentage becomes a tracked operational KPI instead of a CMDB guess.",Host Inventory & Coverage Analysis,Centralized host inventory shows all managed + unmanaged cloud workloads; coverage gaps identified by comparing inventory against cloud provider asset lists; coverage percentage tracked as operational KPI,Asset Discovery Coverage,Qualitative pass,Inspect Cortex Cloud dashboard / query /api endpoint for host inventory & coverage analysis; compare to expected baseline,Cortex Cloud Inventory (/api/v1/inventory),"Provision 50+ net-new assets via Terraform across AWS/Azure/GCP (compute, storage, network, IAM)",Centralized host inventory shows all managed + unmanaged cloud workloads,pov-scripts/cloud/rser/tc-rser-06.md,"TBD — confirm tenant state, agent version, Broker VM config",Table Stakes,LEAD,Cortex Cloud,,Low,<1hr,Active
Cloud,TC-WAAS-01,UC-WAAS,UCS-WAAS-01,Web API & Application Security,API Discovery & Inventory,"Validate API Discovery & Inventory — APIs discovered across cloud-native applications (API Gateway, ALB, Kubernetes Ingress) with endpoint enumeration","Enumerates APIs behind API Gateway, ALB and Kubernetes Ingress and diffs the discovered endpoint set against the customer's published API catalogue, surfacing shadow and deprecated routes with their auth type, data classification and traffic profile — the undocumented attack surface a WAF rule set never knew to defend.",API Discovery & Inventory,"APIs discovered across cloud-native applications (API Gateway, ALB, Kubernetes Ingress) with endpoint enumeration; undocumented/shadow APIs identified; API inventory includes authentication type, data classification, and traffic patterns",Asset Discovery Coverage,Qualitative pass,Inspect Cortex Cloud dashboard / query /api endpoint for api discovery & inventory; compare to expected baseline,Cortex Cloud Inventory (/api/v1/inventory),"Provision 50+ net-new assets via Terraform across AWS/Azure/GCP (compute, storage, network, IAM)","APIs discovered across cloud-native applications (API Gateway, ALB, Kubernetes Ingress) with endpoint enumeration",pov-scripts/cloud/waas/tc-waas-01.md,"TBD — confirm tenant state, agent version, Broker VM config",Table Stakes,MOAT,Cortex Cloud,,Low,<1hr,Active
Cloud,TC-WAAS-02,UC-WAAS,UCS-WAAS-02,Web API & Application Security,API Endpoints,Validate API Endpoint Security Assessment — API endpoints assessed for OWASP API Top 10 risks,"Evaluates discovered API endpoints against the OWASP API Top 10 — broken authorization, absent rate limiting, weak input validation — proving the platform assesses APIs it found itself through gateway discovery, including shadow endpoints no operator remembered to place a proxy in front of.",API Endpoint Security Assessment,API endpoints assessed for OWASP API Top 10 risks; authentication/authorization enforcement validated; rate limiting and input validation checks confirm protection against abuse,MTTD,Qualitative pass,Inspect Cortex Cloud dashboard / query /api endpoint for api endpoint security assessment; compare to expected baseline,Cortex Cloud Posture Dashboard + REST API,Deploy test API with exposed endpoints + known OWASP API Top-10 vulnerabilities,API endpoints assessed for OWASP API Top 10 risks,pov-scripts/cloud/waas/tc-waas-02.md,"TBD — confirm tenant state, agent version, Broker VM config",Table Stakes,MOAT,Cortex Cloud,,Medium,1–4hr,Active
Cloud,TC-WAAS-03,UC-WAAS,UCS-WAAS-03,Web API & Application Security,Threat Detection,Validate Web Application Threat Detection — OWASP Top 10 web attacks detected with accurate classification,"Replays SQL injection, XSS, SSRF and command-injection payloads through the connector against a live application, confirming correct OWASP classification in prevention mode while a parallel stream of legitimate traffic passes untouched, so the buyer sees blocking efficacy and false-positive cost measured in the same run.",Web Application Threat Detection,"OWASP Top 10 web attacks detected with accurate classification; SQL injection, XSS, SSRF, and command injection blocked in prevention mode; detection doesn't impact legitimate application traffic",MTTD,Qualitative pass,Inspect Cortex Cloud dashboard / query /api endpoint for web application threat detection; compare to expected baseline,Cortex Cloud Runtime Alerts + /api/v1/alerts,"Execute container/K8s attack (shell spawn, crypto-miner, reverse shell) via attack simulation (e.g., Stratus)",OWASP Top 10 web attacks detected with accurate classification,pov-scripts/cloud/waas/tc-waas-03.md,"TBD — confirm tenant state, agent version, Broker VM config",Table Stakes,MOAT,Cortex Cloud,,Medium,1–4hr,Active
Cloud,TC-WAAS-04,UC-WAAS,UCS-WAAS-04,Web API & Application Security,Threat Detection via XDR Agent,Validate Agent-Based Threat Detection (Runtime) — Cortex Agent detects web application attacks at runtime (in-process),"Drives web attacks that a network-tier WAF cannot see — TLS-terminated payloads and application-logic abuse — and confirms the agent detects them in-process, enriching each finding with the spawned process, file writes and command line, which is the forensic depth no traffic-inspection-only appliance can produce.",Agent-Based Threat Detection (Runtime),"Cortex Agent detects web application attacks at runtime (in-process); detection covers attacks that bypass WAF (encrypted payloads, application-logic abuse); runtime context enriches findings with process and file-level detail",MTTD,Qualitative pass,Inspect Cortex Cloud dashboard / query /api endpoint for agent-based threat detection (runtime); compare to expected baseline,Cortex Cloud Runtime Alerts + /api/v1/alerts,"Execute container/K8s attack (shell spawn, crypto-miner, reverse shell) via attack simulation (e.g., Stratus)",Cortex Agent detects web application attacks at runtime (in-process),pov-scripts/cloud/waas/tc-waas-04.md,"TBD — confirm tenant state, agent version, Broker VM config",Cloud-Native,MOAT,Cortex Cloud,,Medium,1–4hr,Active
Cloud,TC-WAAS-05,UC-WAAS,UCS-WAAS-05,Web API & Application Security,Threat Protection via XDR Agent,Validate Agent-Based Threat Protection — protection doesn't require signature updates for zero-day exploits,"Executes an unpatched, signature-less exploit against a protected application and confirms the agent blocks it in real time on behavioral grounds alone, while benchmarking request latency and CPU to hold the measured application overhead under 5% — proving zero-day protection without a content-update dependency.",Agent-Based Threat Protection,Cortex Agent prevents web application exploitation in real-time; protection doesn't require signature updates for zero-day exploits; performance overhead <5% on protected application,MTTD,<5%,Inspect Cortex Cloud dashboard / query /api endpoint for agent-based threat protection; compare to expected baseline,Cortex Cloud Posture Dashboard + REST API,Deploy test API with exposed endpoints + known OWASP API Top-10 vulnerabilities,Cortex Agent prevents web application exploitation in real-time,pov-scripts/cloud/waas/tc-waas-05.md,"TBD — confirm tenant state, agent version, Broker VM config",Table Stakes,MOAT,Cortex Cloud,,Medium,1–4hr,Active
Cloud,TC-IACS-01,UC-IACS,UCS-IACS-01,Infrastructure-as-Code Scanning,IaC misconfigurations,"Validate IaC Misconfiguration Detection — Known misconfigurations detected across Terraform, CloudFormation, Pulumi, ARM, and Kubernetes manifests","Commits deliberately misconfigured Terraform, CloudFormation, Pulumi, ARM and Kubernetes manifests, then confirms each finding lands with the offending line number and its CIS/custom policy mapping and that the pipeline gate fails the build on Critical — moving infrastructure risk from post-deploy discovery to pre-merge prevention.",IaC Misconfiguration Detection,"Known misconfigurations detected across Terraform, CloudFormation, Pulumi, ARM, and Kubernetes manifests; findings include CIS/custom policy mapping with specific line-number location; CI/CD integration blocks builds on Critical findings",MTTD,Qualitative pass,Inspect Cortex Cloud dashboard / query /api endpoint for iac misconfiguration detection; compare to expected baseline,Cortex Cloud Runtime Alerts + /api/v1/alerts,"Execute container/K8s attack (shell spawn, crypto-miner, reverse shell) via attack simulation (e.g., Stratus)","Known misconfigurations detected across Terraform, CloudFormation, Pulumi, ARM, and Kubernetes manifests",pov-scripts/cloud/iacs/tc-iacs-01.md,"TBD — confirm tenant state, agent version, Broker VM config",Cloud-Native,MOAT,Cortex Cloud,,Medium,1–4hr,Active
Cloud,TC-IACS-02,UC-IACS,UCS-IACS-02,Infrastructure-as-Code Scanning,Technologies,"Validate support for a diverse set of IaC frameworks including Terraform (and modules), Kubernetes, Helm, Dockerfile, etc.","Scans a repository mixing Terraform modules, Kubernetes manifests, Helm charts and Dockerfiles to confirm framework detection is automatic and each gets its framework-specific policy set, with results normalized into one risk view instead of four disconnected scanner outputs to reconcile by hand.",IaC Technology Coverage,Scanning supports all target IaC frameworks with framework-specific policy sets; framework detection automatic (no manual configuration); results normalized across frameworks for unified risk view,Coverage %,Qualitative pass,Inspect Cortex Cloud dashboard / query /api endpoint for iac technology coverage; compare to expected baseline,Cortex Cloud Posture Dashboard + REST API,Deploy test fixture representing Technologies,Scanning supports all target IaC frameworks with framework-specific policy sets,pov-scripts/cloud/iacs/tc-iacs-02.md,"TBD — confirm tenant state, agent version, Broker VM config",Cloud-Native,MOAT,Cortex Cloud,,Medium,1–4hr,Active
Cloud,TC-SCA-01,UC-SCA,UCS-SCA-01,Software Composition Analysis,Source Code Vulnerabilities,"Validate Dependency Vulnerability Detection — Known CVEs detected in direct and transitive dependencies across npm, pip, Maven, Go, NuGet","Builds a project carrying known-vulnerable npm, pip, Maven, Go and NuGet packages and confirms CVEs are surfaced in transitive as well as direct dependencies, with the dependency tree resolving the shortest upgrade path and naming the specific patched version a developer should pin.",Dependency Vulnerability Detection,"Known CVEs detected in direct and transitive dependencies across npm, pip, Maven, Go, NuGet; dependency tree analysis identifies shortest fix path; fix recommendations reference specific patched versions",MTTD,Qualitative pass,Inspect Cortex Cloud dashboard / query /api endpoint for dependency vulnerability detection; compare to expected baseline,Cortex Cloud Runtime Alerts + /api/v1/alerts,"Deploy workloads with known CVEs (e.g., Log4Shell container, unpatched RDS); seed vulnerability intel","Known CVEs detected in direct and transitive dependencies across npm, pip, Maven, Go, NuGet",pov-scripts/cloud/sca/tc-sca-01.md,"TBD — confirm tenant state, agent version, Broker VM config",Table Stakes,LEAD,Cortex Cloud,,Medium,1–4hr,Active
Cloud,TC-SCA-02,UC-SCA,UCS-SCA-02,Software Composition Analysis,Vulnerability Prioritization,"Validate Vulnerability Prioritization — Vulnerabilities prioritized by exploitability (EPSS), fix availability, runtime reachability, and deployment context","Takes the raw CVE backlog and applies EPSS, fix availability and deployment context, then runs reachability analysis to prove which vulnerable functions are actually invoked at runtime — collapsing a thousand-item list to the handful genuinely exploitable, which CVSS-ordered scanners structurally cannot do.",Vulnerability Prioritization,"Vulnerabilities prioritized by exploitability (EPSS), fix availability, runtime reachability, and deployment context; reachability analysis confirms whether vulnerable code path is actually executed in application",MTTD,Qualitative pass,Inspect Cortex Cloud dashboard / query /api endpoint for vulnerability prioritization; compare to expected baseline,Cortex Cloud Posture Dashboard + REST API,"Deploy workloads with known CVEs (e.g., Log4Shell container, unpatched RDS); seed vulnerability intel","Vulnerabilities prioritized by exploitability (EPSS), fix availability, runtime reachability, and deployment context",pov-scripts/cloud/sca/tc-sca-02.md,"TBD — confirm tenant state, agent version, Broker VM config",Table Stakes,LEAD,Cortex Cloud,,Medium,1–4hr,Active
Cloud,TC-SCA-03,UC-SCA,UCS-SCA-03,Software Composition Analysis,SBOM,Validate SBOM Generation & Export — SBOM generated with complete direct + transitive dependency tree,"Generates an SBOM for a representative application and validates the direct-plus-transitive tree exports cleanly as both SPDX 2.3 and CycloneDX 1.4+, with license classification attached, so the same artifact satisfies a customer supply-chain attestation request and a legal compliance review without a second toolchain.",SBOM Generation & Export,SBOM generated with complete direct + transitive dependency tree; export in SPDX 2.3 and CycloneDX 1.4+ formats; SBOM includes license classification for legal compliance review,Compliance Score,Qualitative pass,Inspect Cortex Cloud dashboard / query /api endpoint for sbom generation & export; compare to expected baseline,Cortex Cloud Posture Dashboard + REST API,Deploy test fixture representing SBOM,SBOM generated with complete direct + transitive dependency tree,pov-scripts/cloud/sca/tc-sca-03.md,"TBD — confirm tenant state, agent version, Broker VM config",Table Stakes,LEAD,Cortex Cloud,,Medium,1–4hr,Active
Cloud,TC-SSCAN-01,UC-SSCAN,UCS-SSCAN-03,Secrets Security,Secrets Detection,"Validate Secret Detection Accuracy — Planted secrets detected in code, configuration, and IaC files with accurate type classification","Plants known credential types across source, config and IaC files alongside deliberate decoys — test fixtures, documentation examples — and scores detection on type-classification accuracy and false-positive suppression, including a custom pattern for an organization-specific token format the vendor has never seen.",Secret Detection Accuracy,"Planted secrets detected in code, configuration, and IaC files with accurate type classification; custom secret patterns (organization-specific token formats) supported; context analysis reduces false positives (test values, examples)",Detection Accuracy,Qualitative pass,Inspect Cortex Cloud dashboard / query /api endpoint for secret detection accuracy; compare to expected baseline,Cortex Cloud Runtime Alerts + /api/v1/alerts,"Execute container/K8s attack (shell spawn, crypto-miner, reverse shell) via attack simulation (e.g., Stratus)","Planted secrets detected in code, configuration, and IaC files with accurate type classification",pov-scripts/cloud/sscan/tc-sscan-01.md,"TBD — confirm tenant state, agent version, Broker VM config",Table Stakes,MOAT,Cortex Cloud,,Medium,1–4hr,Active
Cloud,TC-SSCAN-02,UC-SSCAN,UCS-SSCAN-01,Secrets Security,AppSec Rules,"Validate Secret Detection Rule Coverage — Detection covers 100+ secret types (cloud provider keys, SaaS tokens, private keys, database credentials)","Runs the detection rule set against a known-positive corpus spanning cloud provider keys, SaaS tokens, private keys and database credentials to measure rule coverage empirically, then adds a bespoke regex policy and confirms it fires — proving breadth is a floor, not a ceiling.",Secret Detection Rule Coverage,"Detection covers 100+ secret types (cloud provider keys, SaaS tokens, private keys, database credentials); custom regex patterns for organization-specific secrets; rule accuracy validated against known-positive test dataset",Coverage %,Qualitative pass,Inspect Cortex Cloud dashboard / query /api endpoint for secret detection rule coverage; compare to expected baseline,Cortex Cloud Runtime Alerts + /api/v1/alerts,"Execute container/K8s attack (shell spawn, crypto-miner, reverse shell) via attack simulation (e.g., Stratus)","Detection covers 100+ secret types (cloud provider keys, SaaS tokens, private keys, database credentials)",pov-scripts/cloud/sscan/tc-sscan-02.md,"TBD — confirm tenant state, agent version, Broker VM config",Table Stakes,MOAT,Cortex Cloud,,Medium,1–4hr,Active
Cloud,TC-SSCAN-03,UC-SSCAN,UCS-SSCAN-04,Secrets Security,Secrets Prioritization,"Validate Secret Prioritization & Triage — Secrets prioritized by: exposure scope (public repo vs. private), validity (active vs. rotated), sensitivity (production vs…","Triages a mixed pool of detected secrets by live-validating each credential and scoring exposure scope and blast radius, so an active production cloud key in a public repo outranks a rotated dev token, and confirms bulk triage actions clear the noise without hand-processing every finding.",Secret Prioritization & Triage,"Secrets prioritized by: exposure scope (public repo vs. private), validity (active vs. rotated), sensitivity (production vs. development); triage workflow supports bulk operations for efficient remediation",Triage Automation Rate,Qualitative pass,Inspect Cortex Cloud dashboard / query /api endpoint for secret prioritization & triage; compare to expected baseline,Cortex Cloud Posture Dashboard + REST API,"Commit hardcoded AWS keys, API tokens, and DB passwords to test repo (in feature branch + main)","Secrets prioritized by: exposure scope (public repo vs. private), validity (active vs. rotated), sensitivity (production vs. development)",pov-scripts/cloud/sscan/tc-sscan-03.md,"TBD — confirm tenant state, agent version, Broker VM config",Table Stakes,MOAT,Cortex Cloud,,Medium,1–4hr,Active
Cloud,TC-SSCAN-04,UC-SSCAN,UCS-SSCAN-05,Secrets Security,Git History Scan,Validate Git History Secret Scanning — Full git history scanned for secrets (not just current HEAD),"Commits a credential, removes it in a later commit, then scans the full git object history and confirms the secret is still recovered with its commit SHA, author and timeline — the incident-response evidence that proves deleting a line of code never revoked the key an attacker already cloned.",Git History Secret Scanning,"Full git history scanned for secrets (not just current HEAD); previously committed + removed secrets detected; historical findings show commit SHA, author, and timeline for incident response",MTTD,Qualitative pass,Inspect Cortex Cloud dashboard / query /api endpoint for git history secret scanning; compare to expected baseline,Cortex Cloud Posture Dashboard + REST API,"Commit hardcoded AWS keys, API tokens, and DB passwords to test repo (in feature branch + main)",Full git history scanned for secrets (not just current HEAD),pov-scripts/cloud/sscan/tc-sscan-04.md,"TBD — confirm tenant state, agent version, Broker VM config",Table Stakes,MOAT,Cortex Cloud,,Medium,1–4hr,Active
Cloud,TC-SSCAN-05,UC-SSCAN,UCS-SSCAN-02,Secrets Security,Remediation,Validate Secret Remediation Workflow — Auto-rotation supported for select secret types (AWS keys via IAM API),"Triggers the remediation path on a leaked AWS key: auto-rotation via the IAM API, a fix PR swapping the hardcoded literal for a secrets-manager reference, and a post-remediation check confirming the old credential no longer authenticates — closing the loop that detection alone leaves open.",Secret Remediation Workflow,Auto-rotation supported for select secret types (AWS keys via IAM API); fix PRs replace hardcoded secrets with vault/secrets-manager references; post-remediation verification confirms secret no longer accessible,Remediation Success Rate,Qualitative pass,Inspect Cortex Cloud dashboard / query /api endpoint for secret remediation workflow; compare to expected baseline,Cortex Cloud Posture Dashboard + REST API,"Commit hardcoded AWS keys, API tokens, and DB passwords to test repo (in feature branch + main)",Auto-rotation supported for select secret types (AWS keys via IAM API),pov-scripts/cloud/sscan/tc-sscan-05.md,"TBD — confirm tenant state, agent version, Broker VM config",Table Stakes,MOAT,Cortex Cloud,,Medium,1–4hr,Active
Cloud,TC-ASER-01,UC-ASER,UCS-ASER-02,Application Security Enterprise Readiness,Asset Inventory,"Validate AppDev Asset Inventory — Centralized inventory of all AppDev resources: VCS repos, CI/CD pipelines, container registries, artifact repositories","Connects GitHub, GitLab, Jenkins and ECR and lets the platform auto-discover the AppDev estate — repos, pipelines, registries, artifact stores — then compares that inventory against what the customer believed it owned, exposing the unscanned repos and orphaned pipelines that a tool-per-stage AppSec stack leaves uncounted.",AppDev Asset Inventory,"Centralized inventory of all AppDev resources: VCS repos, CI/CD pipelines, container registries, artifact repositories; inventory auto-discovered from connected platforms (GitHub, GitLab, Jenkins, ECR)",Asset Discovery Coverage,Qualitative pass,Inspect Cortex Cloud dashboard / query /api endpoint for appdev asset inventory; compare to expected baseline,Cortex Cloud Inventory (/api/v1/inventory),"Provision 50+ net-new assets via Terraform across AWS/Azure/GCP (compute, storage, network, IAM)","Centralized inventory of all AppDev resources: VCS repos, CI/CD pipelines, container registries, artifact repositories",pov-scripts/cloud/aser/tc-aser-01.md,"TBD — confirm tenant state, agent version, Broker VM config",Cloud-Native,MOAT,Cortex Cloud,,Low,<1hr,Active
Cloud,TC-ASER-02,UC-ASER,UCS-ASER-03,Application Security Enterprise Readiness,Supply Chain Tools,Demonstrate Supply Chain Integration — CI/CD supply chain tools integrated with security scanning at each stage (commit → build → deploy),"Wires security scanning into the supply chain at commit, build and deploy, configures the gate to warn in dev and block in prod, and then deliberately breaks an integration to confirm the platform alerts on its own scanning health rather than silently reporting a clean pipeline.",Supply Chain Integration,"CI/CD supply chain tools integrated with security scanning at each stage (commit → build → deploy); security gates enforced per environment (warn in dev, block in prod); integration health monitored and alerted",MTTD,Qualitative pass,Inspect Cortex Cloud dashboard / query /api endpoint for supply chain integration; compare to expected baseline,Cortex Cloud Posture Dashboard + REST API,Deploy SageMaker endpoint + Bedrock invocation + Lambda→OpenAI + shadow GPU VM with custom LLM,CI/CD supply chain tools integrated with security scanning at each stage (commit → build → deploy),pov-scripts/cloud/aser/tc-aser-02.md,"TBD — confirm tenant state, agent version, Broker VM config",Cloud-Native,MOAT,Cortex Cloud,,High,1 day,Active
Cloud,TC-ASER-03,UC-ASER,UCS-ASER-04,Application Security Enterprise Readiness,Application Security Policies,"Validate Application Security Policy Management — AppSec policies define scanning requirements, severity thresholds, and enforcement actions per environment","Defines AppSec policy centrally — scan requirements, severity thresholds, enforcement action per environment — grants one team a scoped override, and confirms compliance is measured and reported against the policy, proving governance holds across SAST, SCA, secrets and IaC from one control plane rather than four consoles.",Application Security Policy Management,"AppSec policies define scanning requirements, severity thresholds, and enforcement actions per environment; policies managed centrally with per-team override capability; policy compliance tracked and reported",Compliance Score,Qualitative pass,Inspect Cortex Cloud dashboard / query /api endpoint for application security policy management; compare to expected baseline,Cortex Cloud Policies + Alerts view,"Deploy test fixtures with intentional misconfigurations (open SGs, public buckets, over-permissive IAM)","AppSec policies define scanning requirements, severity thresholds, and enforcement actions per environment",pov-scripts/cloud/aser/tc-aser-03.md,"TBD — confirm tenant state, agent version, Broker VM config",Table Stakes,MOAT,Cortex Cloud,,Medium,1–4hr,Active
Cloud,TC-ASER-04,UC-ASER,UCS-ASER-05,Application Security Enterprise Readiness,Application Security Rules,"Validate the mapping of security rules to CI/CD compliance frameworks (CIS github, CIS gitlab and the OWASP top 10 CI/CD) using out-of-the-box rules.","Confirms the out-of-the-box rule library maps cleanly onto CIS GitHub, CIS GitLab and OWASP CI/CD Top 10 controls, and that organization-specific rules layer on top with versioning and staged rollout — governing pipeline security from one rule plane rather than per-tool configuration files.",Application Security Rule Configuration,Custom security rules created for organization-specific coding standards and compliance requirements; rules evaluate correctly against test codebase; rule management supports versioning and staged rollout,Compliance Score,Qualitative pass,Inspect Cortex Cloud dashboard / query /api endpoint for application security rule configuration; compare to expected baseline,Cortex Cloud Posture Dashboard + REST API,Deploy test fixture representing Application Security Rules,Custom security rules created for organization-specific coding standards and compliance requirements,pov-scripts/cloud/aser/tc-aser-04.md,"TBD — confirm tenant state, agent version, Broker VM config",Table Stakes,MOAT,Cortex Cloud,,Medium,1–4hr,Active
Cloud,TC-ASER-05,UC-ASER,UCS-ASER-01,Application Security Enterprise Readiness,Reports and Dashboards,"Validate AppSec Reporting & Metrics — AppSec dashboard shows aggregate finding trends, MTTR for security findings, and developer engagement metrics","Builds leadership-facing reports spanning IaC, SCA and SAST findings from a single dataset — finding trends, MTTR on security defects, developer engagement — so AppSec program maturity can be argued with evidence rather than stitched together from three vendors' CSV exports.",AppSec Reporting & Metrics,"AppSec dashboard shows aggregate finding trends, MTTR for security findings, and developer engagement metrics; custom reports generated for security and engineering leadership; data supports AppSec program maturity measurement",MTTR,Qualitative pass,Inspect Cortex Cloud dashboard / query /api endpoint for appsec reporting & metrics; compare to expected baseline,Cortex Cloud Posture Dashboard + REST API,Deploy test fixture representing Reports and Dashboards,"AppSec dashboard shows aggregate finding trends, MTTR for security findings, and developer engagement metrics",pov-scripts/cloud/aser/tc-aser-05.md,"TBD — confirm tenant state, agent version, Broker VM config",Cloud-Native,MOAT,Cortex Cloud,,Low,<1hr,Active
Cloud,TC-ASER-06,UC-ASER,UCS-ASER-06,Application Security Enterprise Readiness,Backlog Baseline,Validate Security Backlog Baseline — Initial security backlog established across all onboarded applications,"Establishes the day-one backlog across onboarded applications with every existing finding stamped with age, severity and owner, then tracks burndown against new-finding arrival rate — the metric that separates inherited technical debt from regression and lets the AppSec program show velocity instead of a rising total.",Security Backlog Baseline,"Initial security backlog established across all onboarded applications; backlog includes all existing findings with age, severity, and ownership; burndown tracking measures remediation velocity against new finding rate",Remediation Success Rate,Qualitative pass,Inspect Cortex Cloud dashboard / query /api endpoint for security backlog baseline; compare to expected baseline,Cortex Cloud Posture Dashboard + REST API,Deploy test fixture representing Backlog Baseline,Initial security backlog established across all onboarded applications,pov-scripts/cloud/aser/tc-aser-06.md,"TBD — confirm tenant state, agent version, Broker VM config",Table Stakes,MOAT,Cortex Cloud,,Medium,1–4hr,Active
Cloud,TC-DEVX-01,UC-DEVX,UCS-DEVX-01,Secure Developer Experience (CICD Security_,Native Integrations,Demonstrate Native IDE & VCS Integration — repository onboarding requires <5 min per org,"Onboards a GitHub, GitLab and Bitbucket org via native app and webhook and clocks the elapsed time against the 5-minute-per-org bar, then confirms push and PR events trigger scanning automatically with no change to how developers already work — adoption friction measured, not asserted.",Native IDE & VCS Integration,"Cortex Cloud integrates with GitHub, GitLab, Bitbucket via native apps/webhooks; repository onboarding requires <5 min per org; scanning triggers automatically on push/PR events without developer workflow changes",Automation Rate,<5 min,Inspect Cortex Cloud dashboard / query /api endpoint for native ide & vcs integration; compare to expected baseline,Cortex Cloud Posture Dashboard + REST API,Deploy test fixture representing Native Integrations,"Cortex Cloud integrates with GitHub, GitLab, Bitbucket via native apps/webhooks",pov-scripts/cloud/devx/tc-devx-01.md,"TBD — confirm tenant state, agent version, Broker VM config",Table Stakes,LEAD,Cortex Cloud,,High,1 day,Active
Cloud,TC-DEVX-02,UC-DEVX,UCS-DEVX-02,Secure Developer Experience (CICD Security_,IDE,Demonstrate IDE Plugin Integration — VS Code / JetBrains plugin surfaces findings in developer context with real-time feedback,"Installs the VS Code and JetBrains plugin, introduces an IaC misconfiguration, a vulnerable dependency and a hardcoded secret, and confirms all three surface inline on file save with severity and fix guidance — shifting the first detection to the keystroke, before a commit ever exists to gate.",IDE Plugin Integration,VS Code / JetBrains plugin surfaces findings in developer context with real-time feedback; findings show inline in editor with severity and fix guidance; scan runs on file save without workflow disruption,MTTD,Qualitative pass,Inspect Cortex Cloud dashboard / query /api endpoint for ide plugin integration; compare to expected baseline,Cortex Cloud Posture Dashboard + REST API,Deploy test fixture representing IDE,VS Code / JetBrains plugin surfaces findings in developer context with real-time feedback,pov-scripts/cloud/devx/tc-devx-02.md,"TBD — confirm tenant state, agent version, Broker VM config",Cloud-Native,LEAD,Cortex Cloud,,High,1 day,Active
Cloud,TC-DEVX-03,UC-DEVX,UCS-DEVX-03,Secure Developer Experience (CICD Security_,Branch Scans,Validate Branch Scan Coverage — Feature branches scanned automatically on creation/update,"Scans feature branches automatically on push and diffs findings against main so the developer sees only what their change introduced, then confirms branch protection can gate the merge on that result — pushing security feedback pre-merge instead of post-deployment.",Branch Scan Coverage,Feature branches scanned automatically on creation/update; branch findings compared against main branch (delta only shown to developer); branch protection rules integrate with Cortex Cloud scan results,Coverage %,Qualitative pass,Inspect Cortex Cloud dashboard / query /api endpoint for branch scan coverage; compare to expected baseline,Cortex Cloud Posture Dashboard + REST API,Deploy test fixture representing Branch Scans,Feature branches scanned automatically on creation/update,pov-scripts/cloud/devx/tc-devx-03.md,"TBD — confirm tenant state, agent version, Broker VM config",Table Stakes,LEAD,Cortex Cloud,,Medium,1–4hr,Active
Cloud,TC-DEVX-04,UC-DEVX,UCS-DEVX-04,Secure Developer Experience (CICD Security_,Pull Requests (PR),Validate Pull Request Security Checks — PR security checks run automatically with configurable pass/fail criteria,"Opens a PR carrying a policy-violating change and confirms the security check runs automatically, posts findings as inline review comments at the offending lines, and reports a failing status that branch protection honours — turning merge blocking into a native code-review event rather than an out-of-band security queue.",Pull Request Security Checks,PR security checks run automatically with configurable pass/fail criteria; findings appear as inline PR comments with fix guidance; check results integrate with branch protection (blocking merge on failure),Automation Rate,Qualitative pass,Inspect Cortex Cloud dashboard / query /api endpoint for pull request security checks; compare to expected baseline,Cortex Cloud Posture Dashboard + REST API,Deploy test fixture representing Pull Requests (PR),PR security checks run automatically with configurable pass/fail criteria,pov-scripts/cloud/devx/tc-devx-04.md,"TBD — confirm tenant state, agent version, Broker VM config",Table Stakes,LEAD,Cortex Cloud,,Medium,1–4hr,Active
Cloud,TC-DEVX-05,UC-DEVX,UCS-DEVX-05,Secure Developer Experience (CICD Security_,CI Scans,"Demonstrate CI Pipeline Scan Integration — Scanning integrated into CI pipelines (GitHub Actions, Jenkins, GitLab CI) via native plugins","Adds the scanner to GitHub Actions, Jenkins and GitLab CI via native plugin, confirms results publish as pipeline artifacts, and tunes the fail condition by severity to demonstrate the build genuinely breaks on a Critical finding — the enforcement point that decides whether shift-left is policy or theatre.",CI Pipeline Scan Integration,"Scanning integrated into CI pipelines (GitHub Actions, Jenkins, GitLab CI) via native plugins; scan results published as pipeline artifacts; configurable fail conditions based on finding severity",MTTD,Qualitative pass,Inspect Cortex Cloud dashboard / query /api endpoint for ci pipeline scan integration; compare to expected baseline,Cortex Cloud Posture Dashboard + REST API,Deploy test fixture representing CI Scans,"Scanning integrated into CI pipelines (GitHub Actions, Jenkins, GitLab CI) via native plugins",pov-scripts/cloud/devx/tc-devx-05.md,"TBD — confirm tenant state, agent version, Broker VM config",Table Stakes,LEAD,Cortex Cloud,,High,1 day,Active
Cloud,TC-AGRP-01,UC-AGRP,UCS-AGRP-01,Cloud Application Lifecycle Management,Business application - Manually,Validate Manual Application Grouping — grouped application shows aggregate risk across all components,"Hand-assembles a business application from its code repos, cloud resources and CI/CD pipelines and confirms the group renders aggregate risk across all three layers, then edits membership to prove the association survives without losing finding history — the business-level risk unit that asset-list tooling cannot construct.",Manual Application Grouping,"Applications manually defined by selecting code repos, cloud resources, and CI/CD pipelines; grouped application shows aggregate risk across all components; group membership editable without data loss",MTTD,Qualitative pass,Inspect Cortex Cloud dashboard / query /api endpoint for manual application grouping; compare to expected baseline,Cortex Cloud Posture Dashboard + REST API,Deploy test fixture representing Business application - Manually,"Applications manually defined by selecting code repos, cloud resources, and CI/CD pipelines",pov-scripts/cloud/agrp/tc-agrp-01.md,"TBD — confirm tenant state, agent version, Broker VM config",Table Stakes,MOAT,Cortex Cloud,,Medium,1–4hr,Active
Cloud,TC-AGRP-02,UC-AGRP,UCS-AGRP-02,Cloud Application Lifecycle Management,Business application - Criteria,"Validate Criteria-Based Application Grouping — Applications auto-grouped based on defined criteria (tags, namespaces, naming conventions, CODEOWNERS)","Defines a dynamic membership rule from tags, Kubernetes namespaces, naming conventions and CODEOWNERS, validates that resources land in the correct application, then provisions a new matching resource and confirms it self-associates — so grouping keeps pace with a daily-changing estate instead of decaying into stale hand-curated lists.",Criteria-Based Application Grouping,"Applications auto-grouped based on defined criteria (tags, namespaces, naming conventions, CODEOWNERS); auto-grouping accurately associates resources to correct applications; new resources matching criteria auto-added",MTTD,Qualitative pass,Inspect Cortex Cloud dashboard / query /api endpoint for criteria-based application grouping; compare to expected baseline,Cortex Cloud Posture Dashboard + REST API,Deploy test fixture representing Business application - Criteria,"Applications auto-grouped based on defined criteria (tags, namespaces, naming conventions, CODEOWNERS)",pov-scripts/cloud/agrp/tc-agrp-02.md,"TBD — confirm tenant state, agent version, Broker VM config",Table Stakes,MOAT,Cortex Cloud,,Medium,1–4hr,Active
Cloud,TC-AGRP-03,UC-AGRP,UCS-AGRP-03,Cloud Application Lifecycle Management,Code-2-Cloud mapping,Demonstrate Code-to-Cloud Application Mapping — Code repository → container image → runtime deployment mapping automated,"Traces one commit through pipeline build, registry storage and running production workload and confirms the platform reconstructs the repo-to-image-to-deployment chain automatically, plus the inter-service dependency graph — the code-to-cloud lineage that lets a runtime alert name the developer who owns the fix.",Code-to-Cloud Application Mapping,Code repository → container image → runtime deployment mapping automated; mapping traces code commit through build to running workload; application dependency graph shows inter-service relationships,Automation Rate,Qualitative pass,Inspect Cortex Cloud dashboard / query /api endpoint for code-to-cloud application mapping; compare to expected baseline,Cortex Cloud Posture Dashboard + REST API,"Commit intentionally vulnerable code (SQLi, OSS with CVE) → build image → deploy to test namespace",Code repository → container image → runtime deployment mapping automated,pov-scripts/cloud/agrp/tc-agrp-03.md,"TBD — confirm tenant state, agent version, Broker VM config",Cloud-Native,MOAT,Cortex Cloud,,Medium,1–4hr,Active
Cloud,TC-ASPMC-01,UC-ASPMC,UCS-ASPMC-01,ASPM Command Center,Coverage,Validate AppSec Coverage Analysis — ASPM Command Center shows scanning coverage across all onboarded applications,"Reads the ASPM Command Center's coverage view to identify which onboarded applications are actually being scanned and by what — repos with no SAST, images with no vulnerability scan — turning scanning coverage into a governed operational KPI rather than an assumption spread across disconnected point-tool dashboards.",AppSec Coverage Analysis,"ASPM Command Center shows scanning coverage across all onboarded applications; coverage gaps identified (repos without SAST, images without vulnerability scanning); coverage metrics tracked as operational KPI",Coverage %,Qualitative pass,Inspect Cortex Cloud dashboard / query /api endpoint for appsec coverage analysis; compare to expected baseline,ASPM Command Center (/api/v1/asoc/findings),"Commit intentionally vulnerable code (SQLi, OSS with CVE) → build image → deploy to test namespace",ASPM Command Center shows scanning coverage across all onboarded applications,pov-scripts/cloud/aspmc/tc-aspmc-01.md,"TBD — confirm tenant state, agent version, Broker VM config",Table Stakes,MOAT,Cortex Cloud,,Medium,1–4hr,Active
Cloud,TC-PGE-01,UC-PGE,UCS-PGE-01,Platform Operations & Governance,Platform Integration & Extensibility,"Demonstrate Platform Integration & API Extensibility — Cortex Cloud REST APIs support automation of common operations (onboarding, policy management, finding export)","Drives tenant onboarding, policy CRUD and finding export entirely through the REST API to prove the platform is operable as code at enterprise scale — rate limits hold under bulk automation and integration health failures raise alerts instead of silently dropping syncs.",Platform Integration & API Extensibility,"Cortex Cloud REST APIs support automation of common operations (onboarding, policy management, finding export); API rate limits accommodate enterprise-scale automation; integration health monitoring alerts on failures",Automation Rate,Qualitative pass,Inspect Cortex Cloud dashboard / query /api endpoint for platform integration & api extensibility; compare to expected baseline,Cortex Cloud Posture Dashboard + REST API,Deploy test fixture representing Platform Integration & Extensibility,"Cortex Cloud REST APIs support automation of common operations (onboarding, policy management, finding export)",pov-scripts/cloud/pge/tc-pge-01.md,"TBD — confirm tenant state, agent version, Broker VM config",Table Stakes,LEAD,Cortex Cloud,,High,1 day,Active
Cloud,TC-PGE-02,UC-PGE,UCS-PGE-02,Platform Operations & Governance,Data Access Management,Validate Data Access Control (RBAC) — admin roles manage full platform configuration,"Provisions users scoped by cloud account, resource group and business unit, logs in as each to confirm they see only in-scope findings while admins retain full configuration rights, and verifies every permission change is audit-logged — the prerequisite for delegating investigation without handing over the platform.",Data Access Control (RBAC),"RBAC restricts data access by cloud account, resource group, or business unit; users see only findings for their scope; admin roles manage full platform configuration; permission changes audit-logged",MTTD,Qualitative pass,Inspect Cortex Cloud dashboard / query /api endpoint for data access control (rbac); compare to expected baseline,Cortex Cloud Posture Dashboard + REST API,"Upload representative sensitive data (PII, PCI, PHI) to S3/GCS/Azure Blob with mixed access controls","RBAC restricts data access by cloud account, resource group, or business unit",pov-scripts/cloud/pge/tc-pge-02.md,"TBD — confirm tenant state, agent version, Broker VM config",Table Stakes,LEAD,Cortex Cloud,,Medium,1–4hr,Active
Cloud,TC-PGE-03,UC-PGE,UCS-PGE-03,Platform Operations & Governance,User/Group Management and SSO,"Validate User & Group Management with SSO — SSO integration (SAML 2.0, OIDC) with corporate IdP (Okta, Azure AD, Google Workspace)","Federates the tenant to the corporate IdP via SAML 2.0 or OIDC, provisions access from IdP group membership, then runs the full lifecycle — onboard, role change, offboard — confirming each propagates on sync so no local shadow account survives an employee's departure.",User & Group Management with SSO,"SSO integration (SAML 2.0, OIDC) with corporate IdP (Okta, Azure AD, Google Workspace); group-based access provisioned automatically; user lifecycle (onboard, role change, offboard) managed via IdP sync",Automation Rate,Qualitative pass,Inspect Cortex Cloud dashboard / query /api endpoint for user & group management with sso; compare to expected baseline,Cortex Cloud Posture Dashboard + REST API,Deploy test fixture representing User/Group Management and SSO,"SSO integration (SAML 2.0, OIDC) with corporate IdP (Okta, Azure AD, Google Workspace)",pov-scripts/cloud/pge/tc-pge-03.md,"TBD — confirm tenant state, agent version, Broker VM config",Table Stakes,LEAD,Cortex Cloud,,Medium,1–4hr,Active
Cloud,TC-PGE-04,UC-PGE,UCS-PGE-04,Platform Operations & Governance,Security Settings,"Validate Platform Security Settings — Security settings (session timeout, MFA enforcement, API token rotation, IP allowlisting) configurable and enforced","Sets session timeout, MFA enforcement, API token rotation and IP allowlisting, then attempts access from a disallowed IP and with an expired token to prove the controls are enforced rather than merely displayed, and confirms changes to these settings require admin approval and are auditable against the customer's security standard.",Platform Security Settings,"Security settings (session timeout, MFA enforcement, API token rotation, IP allowlisting) configurable and enforced; security configuration changes require admin approval; compliance with organizational security policies validated",Compliance Score,Qualitative pass,Inspect Cortex Cloud dashboard / query /api endpoint for platform security settings; compare to expected baseline,Cortex Cloud Posture Dashboard + REST API,Deploy test fixture representing Security Settings,"Security settings (session timeout, MFA enforcement, API token rotation, IP allowlisting) configurable and enforced",pov-scripts/cloud/pge/tc-pge-04.md,"TBD — confirm tenant state, agent version, Broker VM config",Table Stakes,LEAD,Cortex Cloud,,Medium,1–4hr,Active
Cloud,TC-PGE-05,UC-PGE,UCS-PGE-05,Platform Operations & Governance,Platform RestAPIs,"Validate REST API Functionality — Full CRUD operations available via REST API for assets, findings, policies, and compliance","Exercises the REST API end-to-end — create, read, update and delete against assets, findings, policies and compliance — checking each call against the published OpenAPI spec for drift, and builds a working automation against the Python or Go SDK to prove the platform is programmable, not just clickable.",REST API Functionality,"Full CRUD operations available via REST API for assets, findings, policies, and compliance; API documentation (OpenAPI spec) accurate and complete; SDK available for Python and Go with type-safe interfaces",Compliance Score,Qualitative pass,Inspect Cortex Cloud dashboard / query /api endpoint for rest api functionality; compare to expected baseline,Cortex Cloud Posture Dashboard + REST API,Deploy test fixture representing Platform RestAPIs,"Full CRUD operations available via REST API for assets, findings, policies, and compliance",pov-scripts/cloud/pge/tc-pge-05.md,"TBD — confirm tenant state, agent version, Broker VM config",Table Stakes,LEAD,Cortex Cloud,,Medium,1–4hr,Active
Cloud,TC-PGE-06,UC-PGE,UCS-PGE-06,Platform Operations & Governance,Agentic Assistant,"Validate AI Agentic Assistant — Cortex Cloud Copilot assists with natural language queries, remediation guidance, and investigation workflow","Tests the assistant against known-answer scenarios to confirm its natural-language query translation and remediation guidance are grounded in the tenant's own asset, posture and finding data — not generic model knowledge presented with unearned confidence.",AI Agentic Assistant,"Cortex Cloud Copilot assists with natural language queries, remediation guidance, and investigation workflow; responses grounded in platform data (not generic); Copilot accuracy validated against known test scenarios",Detection Accuracy,Qualitative pass,Inspect Cortex Cloud dashboard / query /api endpoint for ai agentic assistant; compare to expected baseline,Cortex Cloud Posture Dashboard + REST API,Deploy SageMaker endpoint + Bedrock invocation + Lambda→OpenAI + shadow GPU VM with custom LLM,"Cortex Cloud Copilot assists with natural language queries, remediation guidance, and investigation workflow",pov-scripts/cloud/pge/tc-pge-06.md,"TBD — confirm tenant state, agent version, Broker VM config",AI-Native,LEAD,Cortex Cloud,,Medium,1–4hr,Active
Cloud,TC-PGE-07,UC-PGE,UCS-PGE-07,Platform Operations & Governance,MCP Server,Demonstrate MCP Server Integration — Model Context Protocol (MCP) server enables AI-powered automation workflows,"Connects an external LLM agent through the MCP server and exercises Cortex Cloud data and actions as callable tools, proving the platform participates as a first-class citizen in agentic workflows built on Claude, GPT or a custom framework rather than sitting behind a closed console.",MCP Server Integration,"Model Context Protocol (MCP) server enables AI-powered automation workflows; MCP server exposes Cortex Cloud data and actions as tools for LLM agents; integration supports Claude, GPT, and custom agent frameworks",Automation Rate,Qualitative pass,Inspect Cortex Cloud dashboard / query /api endpoint for mcp server integration; compare to expected baseline,Cortex Cloud Posture Dashboard + REST API,Deploy test fixture representing MCP Server,Model Context Protocol (MCP) server enables AI-powered automation workflows,pov-scripts/cloud/pge/tc-pge-07.md,"TBD — confirm tenant state, agent version, Broker VM config",Table Stakes,LEAD,Cortex Cloud,,High,1 day,Active
Cloud,TC-CC2-01,UC-CC2,UCS-CC2-01,Cortex Cloud 2.0 Enhancements,Cloud Command Center Operations,"Validate reimagined Cloud Command Center provides unified visibility across multi-cloud assets, critical risks, and active threats in single pane of glass","Connects AWS, Azure and GCP and measures whether the Command Center reaches complete asset discovery within four hours and whether its risk ranking agrees with a hand-built assessment — the inventory has to be trustworthy before any prioritization built on top of it is.","Connect AWS, Azure, and GCP environments; verify Command Center surfaces comprehensive asset inventory, risk prioritization, and active threat timeline",100% asset discovery across all 3 clouds within 4 hours; risk priorities match manual assessment with 90%+ correlation,Asset Discovery Coverage,100%,"Inspect Cortex Cloud dashboard / query /api endpoint for connect aws, azure, and gcp environments; verify command center surfaces comprehensive asset inventory, risk prioritization, and active threat timeline; compare to expected baseline",Cortex Cloud Inventory (/api/v1/inventory),"Provision 50+ net-new assets via Terraform across AWS/Azure/GCP (compute, storage, network, IAM)",100% asset discovery across all 3 clouds within 4 hours,pov-scripts/cloud/cc2/tc-cc2-01.md,"TBD — confirm tenant state, agent version, Broker VM config",Table Stakes,PARITY,"Cortex Cloud, AgentiX",,Low,<1hr,Active
Cloud,TC-CC2-02,UC-CC2,UCS-CC2-01,Cortex Cloud 2.0 Enhancements,Cloud Command Center Operations,Demonstrate Cloud Command Center executive dashboard provides real-time security posture scoring with trend analysis and benchmark comparison,"Interrogates the posture score behind the executive view: how 100+ control dimensions roll into a single number, whether the 30-day trend is defensible in a board setting, and whether vertical benchmarks give the CISO peer context rather than an isolated figure with no meaning.","Configure executive dashboard; verify posture scoring methodology, trend visualization, and industry benchmark comparison capabilities",Posture score calculated across 100+ control dimensions with 30-day trend; benchmark data available for industry vertical comparison,Control dimension coverage,Qualitative pass,"Inspect Cortex Cloud dashboard / query /api endpoint for configure executive dashboard; verify posture scoring methodology, trend visualization, and industry benchmark comparison capabilities; compare to expected baseline",Cortex Cloud Posture Dashboard + REST API,Deploy test fixture representing Cloud Command Center Operations,Posture score calculated across 100+ control dimensions with 30-day trend,pov-scripts/cloud/cc2/tc-cc2-02.md,"TBD — confirm tenant state, agent version, Broker VM config",Table Stakes,PARITY,"Cortex Cloud, AgentiX",,Low,<1hr,Active
Cloud,TC-CC2-03,UC-CC2,UCS-CC2-02,Cortex Cloud 2.0 Enhancements,Autonomous Cloud Threat Response,Validate AI agent workforce autonomously investigates and resolves cloud security issues within minutes using trained models from 1.2B real-world responses,"Throws twenty realistic cloud incidents — exposed resources, privilege escalation, exfiltration, cryptomining — at the agent workforce and measures the autonomous close rate against a 15-minute clock, judging escalated cases on whether the handoff carries enough investigation context to be immediately actionable.","Trigger 20 cloud security scenarios (resource exposure, privilege escalation, data exfiltration, cryptomining); measure autonomous investigation and resolution",80%+ of standard cloud incidents auto-resolved within 15 minutes; remaining escalated with complete investigation context,Completeness %,80%,"Inspect Cortex Cloud dashboard / query /api endpoint for trigger 20 cloud security scenarios (resource exposure, privilege escalation, data exfiltration, cryptomining); measure autonomous investigation and resolution; compare to expected baseline",Cortex Cloud Posture Dashboard + REST API,"Upload representative sensitive data (PII, PCI, PHI) to S3/GCS/Azure Blob with mixed access controls",80%+ of standard cloud incidents auto-resolved within 15 minutes,pov-scripts/cloud/cc2/tc-cc2-03.md,"TBD — confirm tenant state, agent version, Broker VM config",Table Stakes,PARITY,"Cortex Cloud, AgentiX",,Medium,1–4hr,Active
Cloud,TC-CC2-04,UC-CC2,UCS-CC2-02,Cortex Cloud 2.0 Enhancements,Autonomous Cloud Threat Response,"Demonstrate AI agents coordinate cloud-specific response across CSPM, CDR, and CWPP for multi-stage cloud attacks","Runs a multi-stage cloud kill chain from credential theft through privilege escalation to exfiltration and checks that posture, detection and workload protection act as one coordinated response — every stage contained inside ten minutes rather than three modules each alerting on their own slice.",Simulate multi-stage cloud attack: credential theft → privilege escalation → resource modification → data exfiltration; verify coordinated AI response,"All attack stages detected and contained within 10 minutes with coordinated response across posture, detection, and workload protection",Outcome Achieved,within 10 min,Inspect Cortex Cloud dashboard / query /api endpoint for simulate multi-stage cloud attack: credential theft → privilege escalation → resource modification → data exfiltration; verify coordinated ai response; compare to expected baseline,Cortex Cloud Posture Dashboard + REST API,Deploy SageMaker endpoint + Bedrock invocation + Lambda→OpenAI + shadow GPU VM with custom LLM,"All attack stages detected and contained within 10 minutes with coordinated response across posture, detection, and workload protection",pov-scripts/cloud/cc2/tc-cc2-04.md,"TBD — confirm tenant state, agent version, Broker VM config",Table Stakes,PARITY,"Cortex Cloud, AgentiX",,Medium,1–4hr,Active
Cloud,TC-CC2-05,UC-CC2,UCS-CC2-03,Cortex Cloud 2.0 Enhancements,CDR Agent Deployment & Validation,Validate performance-optimized CDR agent deploys with one click and provides immediate cloud threat detection without manual configuration,"Deploys the CDR sensor by one click across AWS, Azure and GCP and clocks time-to-first-detection against resource overhead, proving runtime coverage lands within 30 minutes at under 2% workload cost — removing the deployment friction that stalls most agent rollouts at the platform-team review.","Deploy CDR agent via one-click to AWS, Azure, and GCP environments; measure time to first detection and resource overhead",Agent operational and detecting threats within 30 minutes of one-click deployment; resource overhead <2% of monitored workload,Deployment time,<2%,"Inspect Cortex Cloud dashboard / query /api endpoint for deploy cdr agent via one-click to aws, azure, and gcp environments; measure time to first detection and resource overhead; compare to expected baseline",Cortex Cloud Runtime Alerts + /api/v1/alerts,"Execute container/K8s attack (shell spawn, crypto-miner, reverse shell) via attack simulation (e.g., Stratus)",Agent operational and detecting threats within 30 minutes of one-click deployment,pov-scripts/cloud/cc2/tc-cc2-05.md,"TBD — confirm tenant state, agent version, Broker VM config",Table Stakes,PARITY,"Cortex Cloud, AgentiX",,Medium,1–4hr,Active
Cloud,TC-CC2-06,UC-CC2,UCS-CC2-03,Cortex Cloud 2.0 Enhancements,CDR Agent Deployment & Validation,Demonstrate CDR agent performance optimization reduces telemetry noise while maintaining detection fidelity for cloud-native threats,"Benchmarks the optimized sensor against the prior generation on identical workloads, confirming 30%+ less telemetry emitted and 25%+ lower resource draw while detection rates and alert quality hold flat — cheaper collection, not thinner collection.","Compare CDR agent v1 vs v2: measure telemetry volume, detection rates, resource consumption, and alert quality across identical workloads",30%+ telemetry volume reduction with zero detection fidelity loss; resource consumption reduced by 25%+,Telemetry reduction %,30%,"Inspect Cortex Cloud dashboard / query /api endpoint for compare cdr agent v1 vs v2: measure telemetry volume, detection rates, resource consumption, and alert quality across identical workloads; compare to expected baseline",Cortex Cloud Runtime Alerts + /api/v1/alerts,"Execute container/K8s attack (shell spawn, crypto-miner, reverse shell) via attack simulation (e.g., Stratus)",30%+ telemetry volume reduction with zero detection fidelity loss,pov-scripts/cloud/cc2/tc-cc2-06.md,"TBD — confirm tenant state, agent version, Broker VM config",Table Stakes,PARITY,"Cortex Cloud, AgentiX",,Medium,1–4hr,Active
